date,store_id,region,sales
2010-02-28,Afghanistan,Middle East and North Africa,5496863.61
2010-03-31,Afghanistan,Middle East and North Africa,2972557.16
2010-04-30,Afghanistan,Middle East and North Africa,3597418.95
2010-05-31,Afghanistan,Middle East and North Africa,4777412.05
2010-06-30,Afghanistan,Middle East and North Africa,792721.45
2010-07-31,Afghanistan,Middle East and North Africa,8745750.3
2010-08-31,Afghanistan,Middle East and North Africa,10013486.68
2010-09-30,Afghanistan,Middle East and North Africa,2294711.92
2010-10-31,Afghanistan,Middle East and North Africa,9951809.87
2010-11-30,Afghanistan,Middle East and North Africa,2122398.15
2010-12-31,Afghanistan,Middle East and North Africa,2758174.44
2011-01-31,Afghanistan,Middle East and North Africa,2392876.1399999997
2011-02-28,Afghanistan,Middle East and North Africa,4097431.3499999996
2011-03-31,Afghanistan,Middle East and North Africa,746.4
2011-04-30,Afghanistan,Middle East and North Africa,2557038.88
2011-05-31,Afghanistan,Middle East and North Africa,10653528.5
2011-06-30,Afghanistan,Middle East and North Africa,2691529.56
2011-07-31,Afghanistan,Middle East and North Africa,0.0
2011-08-31,Afghanistan,Middle East and North Africa,2642052.8200000003
2011-09-30,Afghanistan,Middle East and North Africa,82495.86
2011-10-31,Afghanistan,Middle East and North Africa,3131612.27
2011-11-30,Afghanistan,Middle East and North Africa,286036.68
2011-12-31,Afghanistan,Middle East and North Africa,185446.56
2012-01-31,Afghanistan,Middle East and North Africa,1016523.96
2012-02-29,Afghanistan,Middle East and North Africa,10571293.94
2012-03-31,Afghanistan,Middle East and North Africa,7441854.72
2012-04-30,Afghanistan,Middle East and North Africa,2863731.04
2012-05-31,Afghanistan,Middle East and North Africa,0.0
2012-06-30,Afghanistan,Middle East and North Africa,3261825.87
2012-07-31,Afghanistan,Middle East and North Africa,4548670.08
2012-08-31,Afghanistan,Middle East and North Africa,6582692.26
2012-09-30,Afghanistan,Middle East and North Africa,3771884.16
2012-10-31,Afghanistan,Middle East and North Africa,2206332.2800000003
2012-11-30,Afghanistan,Middle East and North Africa,5321534.5600000005
2012-12-31,Afghanistan,Middle East and North Africa,3847214.91
2013-01-31,Afghanistan,Middle East and North Africa,4988497.25
2013-02-28,Afghanistan,Middle East and North Africa,11211403.32
2013-03-31,Afghanistan,Middle East and North Africa,5379136.47
2013-04-30,Afghanistan,Middle East and North Africa,0.0
2013-05-31,Afghanistan,Middle East and North Africa,2466259.99
2013-06-30,Afghanistan,Middle East and North Africa,4195727.26
2013-07-31,Afghanistan,Middle East and North Africa,1597139.29
2013-08-31,Afghanistan,Middle East and North Africa,4832708.63
2013-09-30,Afghanistan,Middle East and North Africa,2009056.15
2013-10-31,Afghanistan,Middle East and North Africa,5478656.3
2013-11-30,Afghanistan,Middle East and North Africa,2949699.29
2013-12-31,Afghanistan,Middle East and North Africa,9619674.12
2014-01-31,Afghanistan,Middle East and North Africa,9976042.41
2014-02-28,Afghanistan,Middle East and North Africa,3945973.3899999997
2014-03-31,Afghanistan,Middle East and North Africa,708236.8099999999
2014-04-30,Afghanistan,Middle East and North Africa,3617021.3099999996
2014-05-31,Afghanistan,Middle East and North Africa,2295925.38
2014-06-30,Afghanistan,Middle East and North Africa,494550.22
2014-07-31,Afghanistan,Middle East and North Africa,46586.1
2014-08-31,Afghanistan,Middle East and North Africa,3734668.6500000004
2014-09-30,Afghanistan,Middle East and North Africa,4123595.58
2014-10-31,Afghanistan,Middle East and North Africa,6533712.600000001
2014-11-30,Afghanistan,Middle East and North Africa,2622547.4
2014-12-31,Afghanistan,Middle East and North Africa,2532655.67
2015-01-31,Afghanistan,Middle East and North Africa,2909726.59
2015-02-28,Afghanistan,Middle East and North Africa,286076.01
2015-03-31,Afghanistan,Middle East and North Africa,7113325.03
2015-04-30,Afghanistan,Middle East and North Africa,3411471.6
2015-05-31,Afghanistan,Middle East and North Africa,6341170.32
2015-06-30,Afghanistan,Middle East and North Africa,3345858.34
2015-07-31,Afghanistan,Middle East and North Africa,7151888.04
2015-08-31,Afghanistan,Middle East and North Africa,55942.68
2015-09-30,Afghanistan,Middle East and North Africa,766999.3
2015-10-31,Afghanistan,Middle East and North Africa,0.0
2015-11-30,Afghanistan,Middle East and North Africa,9176139.49
2015-12-31,Afghanistan,Middle East and North Africa,3786811.44
2016-01-31,Afghanistan,Middle East and North Africa,244585.13999999998
2016-02-29,Afghanistan,Middle East and North Africa,7647073.97
2016-03-31,Afghanistan,Middle East and North Africa,7031472.699999999
2016-04-30,Afghanistan,Middle East and North Africa,4246314.9
2016-05-31,Afghanistan,Middle East and North Africa,1442820.07
2016-06-30,Afghanistan,Middle East and North Africa,3967453.3
2016-07-31,Afghanistan,Middle East and North Africa,6346865.37
2016-08-31,Afghanistan,Middle East and North Africa,4911265.09
2016-09-30,Afghanistan,Middle East and North Africa,6995405.13
2016-10-31,Afghanistan,Middle East and North Africa,8669458.8
2016-11-30,Afghanistan,Middle East and North Africa,539151.36
2016-12-31,Afghanistan,Middle East and North Africa,10393751.05
2017-01-31,Afghanistan,Middle East and North Africa,1257032.71
2017-02-28,Afghanistan,Middle East and North Africa,0.0
2017-03-31,Afghanistan,Middle East and North Africa,865174.2
2017-04-30,Afghanistan,Middle East and North Africa,3683897.64
2017-05-31,Afghanistan,Middle East and North Africa,10227950.669999998
2017-06-30,Afghanistan,Middle East and North Africa,5696676.34
2010-01-31,Albania,Europe,2791538.69
2010-02-28,Albania,Europe,7167621.79
2010-03-31,Albania,Europe,321186.69
2010-04-30,Albania,Europe,2479789.92
2010-05-31,Albania,Europe,9385163.79
2010-06-30,Albania,Europe,1822986.7399999998
2010-07-31,Albania,Europe,197743.68
2010-08-31,Albania,Europe,1965254.5100000002
2010-09-30,Albania,Europe,62977.5
2010-10-31,Albania,Europe,11424390.24
2010-11-30,Albania,Europe,1584146.86
2010-12-31,Albania,Europe,5405411.63
2011-01-31,Albania,Europe,6434925.0
2011-02-28,Albania,Europe,3733833.18
2011-03-31,Albania,Europe,11057912.75
2011-04-30,Albania,Europe,121448.61
2011-05-31,Albania,Europe,7061598.8
2011-06-30,Albania,Europe,7988792.76
2011-07-31,Albania,Europe,697643.52
2011-08-31,Albania,Europe,653141.89
2011-09-30,Albania,Europe,9647760.41
2011-10-31,Albania,Europe,9536832.41
2011-11-30,Albania,Europe,110178.9
2011-12-31,Albania,Europe,5046843.53
2012-01-31,Albania,Europe,5577097.7
2012-02-29,Albania,Europe,609891.68
2012-03-31,Albania,Europe,331999.8
2012-04-30,Albania,Europe,1236101.59
2012-05-31,Albania,Europe,1169573.16
2012-06-30,Albania,Europe,2865063.48
2012-07-31,Albania,Europe,5039252.74
2012-08-31,Albania,Europe,0.0
2012-09-30,Albania,Europe,1708660.45
2012-10-31,Albania,Europe,9690831.47
2012-11-30,Albania,Europe,8396986.9
2012-12-31,Albania,Europe,4827084.890000001
2013-01-31,Albania,Europe,6695889.66
2013-02-28,Albania,Europe,1493874.95
2013-03-31,Albania,Europe,1627258.4
2013-04-30,Albania,Europe,5696291.16
2013-05-31,Albania,Europe,5561803.600000001
2013-06-30,Albania,Europe,1158443.1800000002
2013-07-31,Albania,Europe,4082385.84
2013-08-31,Albania,Europe,5645318.3100000005
2013-09-30,Albania,Europe,6711054.18
2013-10-31,Albania,Europe,1975281.56
2013-11-30,Albania,Europe,2813085.9699999997
2013-12-31,Albania,Europe,7573081.109999999
2014-01-31,Albania,Europe,7402069.35
2014-02-28,Albania,Europe,3461051.04
2014-03-31,Albania,Europe,9522797.15
2014-04-30,Albania,Europe,7686638.149999999
2014-05-31,Albania,Europe,3464324.53
2014-06-30,Albania,Europe,5708746.819999999
2014-07-31,Albania,Europe,6861036.37
2014-08-31,Albania,Europe,4282006.8100000005
2014-09-30,Albania,Europe,1335624.96
2014-10-31,Albania,Europe,0.0
2014-11-30,Albania,Europe,5899316.399999999
2014-12-31,Albania,Europe,2071106.56
2015-01-31,Albania,Europe,7710810.07
2015-02-28,Albania,Europe,4997872.5
2015-03-31,Albania,Europe,9088170.94
2015-04-30,Albania,Europe,1596026.3
2015-05-31,Albania,Europe,2267396.96
2015-06-30,Albania,Europe,630545.6
2015-07-31,Albania,Europe,3073388.04
2015-08-31,Albania,Europe,10647631.4
2015-09-30,Albania,Europe,3154557.36
2015-10-31,Albania,Europe,457038.4
2015-11-30,Albania,Europe,4099921.12
2015-12-31,Albania,Europe,7065843.130000001
2016-01-31,Albania,Europe,3131292.56
2016-02-29,Albania,Europe,5168097.859999999
2016-03-31,Albania,Europe,5871393.5600000005
2016-04-30,Albania,Europe,3899063.4
2016-05-31,Albania,Europe,0.0
2016-06-30,Albania,Europe,6908206.529999999
2016-07-31,Albania,Europe,0.0
2016-08-31,Albania,Europe,1958716.92
2016-09-30,Albania,Europe,442037.6
2016-10-31,Albania,Europe,2991874.7199999997
2016-11-30,Albania,Europe,1654623.98
2016-12-31,Albania,Europe,1557419.74
2017-01-31,Albania,Europe,1061140.77
2017-02-28,Albania,Europe,6127362.92
2017-03-31,Albania,Europe,1216838.24
2017-04-30,Albania,Europe,1095040.99
2017-05-31,Albania,Europe,7914167.67
2017-06-30,Albania,Europe,5386681.66
2010-01-31,Algeria,Middle East and North Africa,7908707.040000001
2010-02-28,Algeria,Middle East and North Africa,618949.8
2010-03-31,Algeria,Middle East and North Africa,3651817.8
2010-04-30,Algeria,Middle East and North Africa,3672903.1199999996
2010-05-31,Algeria,Middle East and North Africa,0.0
2010-06-30,Algeria,Middle East and North Africa,2544740.19
2010-07-31,Algeria,Middle East and North Africa,1939346.3599999999
2010-08-31,Algeria,Middle East and North Africa,0.0
2010-09-30,Algeria,Middle East and North Africa,1400965.99
2010-10-31,Algeria,Middle East and North Africa,3102608.46
2010-11-30,Algeria,Middle East and North Africa,1017245.53
2010-12-31,Algeria,Middle East and North Africa,892052.6399999999
2011-01-31,Algeria,Middle East and North Africa,1193973.2
2011-02-28,Algeria,Middle East and North Africa,892511.21
2011-03-31,Algeria,Middle East and North Africa,3897217.78
2011-04-30,Algeria,Middle East and North Africa,4236831.8
2011-05-31,Algeria,Middle East and North Africa,7087073.700000001
2011-06-30,Algeria,Middle East and North Africa,128586.06
2011-07-31,Algeria,Middle East and North Africa,8909894.32
2011-08-31,Algeria,Middle East and North Africa,7036984.96
2011-09-30,Algeria,Middle East and North Africa,1752893.12
2011-10-31,Algeria,Middle East and North Africa,3247270.42
2011-11-30,Algeria,Middle East and North Africa,984683.29
2011-12-31,Algeria,Middle East and North Africa,1327328.72
2012-01-31,Algeria,Middle East and North Africa,3800360.9099999997
2012-02-29,Algeria,Middle East and North Africa,407723.68
2012-03-31,Algeria,Middle East and North Africa,8923416.190000001
2012-04-30,Algeria,Middle East and North Africa,1818606.87
2012-05-31,Algeria,Middle East and North Africa,2608734.2600000002
2012-06-30,Algeria,Middle East and North Africa,1787945.9000000001
2012-07-31,Algeria,Middle East and North Africa,4364523.07
2012-08-31,Algeria,Middle East and North Africa,5374075.91
2012-09-30,Algeria,Middle East and North Africa,1254506.42
2012-10-31,Algeria,Middle East and North Africa,753060.22
2012-11-30,Algeria,Middle East and North Africa,2468769.46
2012-12-31,Algeria,Middle East and North Africa,1920972.2400000002
2013-01-31,Algeria,Middle East and North Africa,1478326.48
2013-02-28,Algeria,Middle East and North Africa,4045112.8
2013-03-31,Algeria,Middle East and North Africa,320570.58
2013-04-30,Algeria,Middle East and North Africa,6709584.5200000005
2013-05-31,Algeria,Middle East and North Africa,6755253.71
2013-06-30,Algeria,Middle East and North Africa,5246166.98
2013-07-31,Algeria,Middle East and North Africa,448449.95
2013-08-31,Algeria,Middle East and North Africa,8345550.27
2013-09-30,Algeria,Middle East and North Africa,497305.68
2013-10-31,Algeria,Middle East and North Africa,634928.45
2013-11-30,Algeria,Middle East and North Africa,2176004.2199999997
2013-12-31,Algeria,Middle East and North Africa,3695663.0700000003
2014-01-31,Algeria,Middle East and North Africa,1905571.62
2014-02-28,Algeria,Middle East and North Africa,4068672.54
2014-03-31,Algeria,Middle East and North Africa,4425969.6
2014-04-30,Algeria,Middle East and North Africa,25545.54
2014-05-31,Algeria,Middle East and North Africa,3813829.71
2014-06-30,Algeria,Middle East and North Africa,2963488.44
2014-07-31,Algeria,Middle East and North Africa,2894512.56
2014-08-31,Algeria,Middle East and North Africa,1228447.8699999999
2014-09-30,Algeria,Middle East and North Africa,1692491.3399999999
2014-10-31,Algeria,Middle East and North Africa,4354895.890000001
2014-11-30,Algeria,Middle East and North Africa,7595400.18
2014-12-31,Algeria,Middle East and North Africa,1004536.35
2015-01-31,Algeria,Middle East and North Africa,6303012.76
2015-02-28,Algeria,Middle East and North Africa,1214897.44
2015-03-31,Algeria,Middle East and North Africa,5927967.05
2015-04-30,Algeria,Middle East and North Africa,4845443.48
2015-05-31,Algeria,Middle East and North Africa,9234470.67
2015-06-30,Algeria,Middle East and North Africa,1045644.65
2015-07-31,Algeria,Middle East and North Africa,1775174.9300000002
2015-08-31,Algeria,Middle East and North Africa,590799.95
2015-09-30,Algeria,Middle East and North Africa,5486397.38
2015-10-31,Algeria,Middle East and North Africa,10972024.37
2015-11-30,Algeria,Middle East and North Africa,7306836.629999999
2015-12-31,Algeria,Middle East and North Africa,2295489.68
2016-01-31,Algeria,Middle East and North Africa,455340.51999999996
2016-02-29,Algeria,Middle East and North Africa,1081057.52
2016-03-31,Algeria,Middle East and North Africa,1052237.6300000001
2016-04-30,Algeria,Middle East and North Africa,1880991.42
2016-05-31,Algeria,Middle East and North Africa,9491061.8
2016-06-30,Algeria,Middle East and North Africa,2540117.79
2016-07-31,Algeria,Middle East and North Africa,453187.4
2016-08-31,Algeria,Middle East and North Africa,4116483.58
2016-09-30,Algeria,Middle East and North Africa,4416608.39
2016-10-31,Algeria,Middle East and North Africa,1103993.96
2016-11-30,Algeria,Middle East and North Africa,1057762.4100000001
2016-12-31,Algeria,Middle East and North Africa,4131242.9699999997
2017-01-31,Algeria,Middle East and North Africa,188396.64
2017-02-28,Algeria,Middle East and North Africa,1632291.08
2017-03-31,Algeria,Middle East and North Africa,60700.98
2017-04-30,Algeria,Middle East and North Africa,11242582.48
2017-05-31,Algeria,Middle East and North Africa,5392447.23
2017-06-30,Algeria,Middle East and North Africa,7765213.2299999995
2010-01-31,Andorra,Europe,7239440.28
2010-02-28,Andorra,Europe,7544446.75
2010-03-31,Andorra,Europe,7141492.59
2010-04-30,Andorra,Europe,2711476.6
2010-05-31,Andorra,Europe,3799517.14
2010-06-30,Andorra,Europe,4489145.3
2010-07-31,Andorra,Europe,4121764.81
2010-08-31,Andorra,Europe,10400421.6
2010-09-30,Andorra,Europe,2276991.09
2010-10-31,Andorra,Europe,629484.7
2010-11-30,Andorra,Europe,4003805.71
2010-12-31,Andorra,Europe,464986.4
2011-01-31,Andorra,Europe,2191231.2
2011-02-28,Andorra,Europe,718547.2
2011-03-31,Andorra,Europe,1907053.24
2011-04-30,Andorra,Europe,1842802.18
2011-05-31,Andorra,Europe,0.0
2011-06-30,Andorra,Europe,870866.55
2011-07-31,Andorra,Europe,2403458.86
2011-08-31,Andorra,Europe,3072938.26
2011-09-30,Andorra,Europe,5244896.340000001
2011-10-31,Andorra,Europe,4697065.15
2011-11-30,Andorra,Europe,6029649.62
2011-12-31,Andorra,Europe,2568029.96
2012-01-31,Andorra,Europe,0.0
2012-02-29,Andorra,Europe,2077651.43
2012-03-31,Andorra,Europe,11526767.27
2012-04-30,Andorra,Europe,7259691.89
2012-05-31,Andorra,Europe,5310428.97
2012-06-30,Andorra,Europe,0.0
2012-07-31,Andorra,Europe,2416124.0
2012-08-31,Andorra,Europe,6126485.77
2012-09-30,Andorra,Europe,10954741.75
2012-10-31,Andorra,Europe,1608022.6800000002
2012-11-30,Andorra,Europe,1026582.68
2012-12-31,Andorra,Europe,4859521.38
2013-01-31,Andorra,Europe,1847849.3399999999
2013-02-28,Andorra,Europe,8696640.46
2013-03-31,Andorra,Europe,5718091.59
2013-04-30,Andorra,Europe,5356263.62
2013-05-31,Andorra,Europe,2363820.0
2013-06-30,Andorra,Europe,871412.91
2013-07-31,Andorra,Europe,1541164.17
2013-08-31,Andorra,Europe,9359580.08
2013-09-30,Andorra,Europe,1495641.1500000001
2013-10-31,Andorra,Europe,3830074.54
2013-11-30,Andorra,Europe,5054622.56
2013-12-31,Andorra,Europe,10872281.73
2014-01-31,Andorra,Europe,2934601.74
2014-02-28,Andorra,Europe,6103908.79
2014-03-31,Andorra,Europe,9992891.82
2014-04-30,Andorra,Europe,3083832.93
2014-05-31,Andorra,Europe,5225992.74
2014-06-30,Andorra,Europe,0.0
2014-07-31,Andorra,Europe,1997108.9300000002
2014-08-31,Andorra,Europe,0.0
2014-09-30,Andorra,Europe,626070.4
2014-10-31,Andorra,Europe,4123195.1
2014-11-30,Andorra,Europe,0.0
2014-12-31,Andorra,Europe,2206422.69
2015-01-31,Andorra,Europe,1853616.4
2015-02-28,Andorra,Europe,5250693.23
2015-03-31,Andorra,Europe,3716455.47
2015-04-30,Andorra,Europe,508932.71
2015-05-31,Andorra,Europe,7911342.38
2015-06-30,Andorra,Europe,2360724.8200000003
2015-07-31,Andorra,Europe,0.0
2015-08-31,Andorra,Europe,3134644.5
2015-09-30,Andorra,Europe,555600.54
2015-10-31,Andorra,Europe,5497495.45
2015-11-30,Andorra,Europe,1315526.08
2015-12-31,Andorra,Europe,266404.68
2016-01-31,Andorra,Europe,7446535.3
2016-02-29,Andorra,Europe,12002508.18
2016-03-31,Andorra,Europe,10885387.97
2016-04-30,Andorra,Europe,11081130.38
2016-05-31,Andorra,Europe,1510922.38
2016-06-30,Andorra,Europe,4781957.57
2016-07-31,Andorra,Europe,672258.51
2016-08-31,Andorra,Europe,3464629.27
2016-09-30,Andorra,Europe,2985162.09
2016-10-31,Andorra,Europe,13383064.54
2016-11-30,Andorra,Europe,1172625.54
2016-12-31,Andorra,Europe,5897675.91
2017-01-31,Andorra,Europe,46881.12
2017-02-28,Andorra,Europe,2183634.6
2017-03-31,Andorra,Europe,3267547.83
2017-04-30,Andorra,Europe,859495.49
2017-05-31,Andorra,Europe,6939388.61
2017-06-30,Andorra,Europe,4342765.84
2010-01-31,Angola,Sub-Saharan Africa,10520999.63
2010-02-28,Angola,Sub-Saharan Africa,0.0
2010-03-31,Angola,Sub-Saharan Africa,1425418.33
2010-04-30,Angola,Sub-Saharan Africa,6544165.92
2010-05-31,Angola,Sub-Saharan Africa,2636944.25
2010-06-30,Angola,Sub-Saharan Africa,3000311.22
2010-07-31,Angola,Sub-Saharan Africa,1686122.9
2010-08-31,Angola,Sub-Saharan Africa,1286050.64
2010-09-30,Angola,Sub-Saharan Africa,2032197.2300000002
2010-10-31,Angola,Sub-Saharan Africa,3232660.21
2010-11-30,Angola,Sub-Saharan Africa,4099174.46
2010-12-31,Angola,Sub-Saharan Africa,5899547.4399999995
2011-01-31,Angola,Sub-Saharan Africa,9602794.56
2011-02-28,Angola,Sub-Saharan Africa,2531334.52
2011-03-31,Angola,Sub-Saharan Africa,5360236.51
2011-04-30,Angola,Sub-Saharan Africa,5892079.48
2011-05-31,Angola,Sub-Saharan Africa,3718237.1
2011-06-30,Angola,Sub-Saharan Africa,4486009.319999999
2011-07-31,Angola,Sub-Saharan Africa,849324.16
2011-08-31,Angola,Sub-Saharan Africa,3525946.5600000005
2011-09-30,Angola,Sub-Saharan Africa,2089851.3800000001
2011-10-31,Angola,Sub-Saharan Africa,1143025.01
2011-11-30,Angola,Sub-Saharan Africa,3221360.0900000003
2011-12-31,Angola,Sub-Saharan Africa,4179524.6300000004
2012-01-31,Angola,Sub-Saharan Africa,4856038.7
2012-02-29,Angola,Sub-Saharan Africa,3355768.0100000002
2012-03-31,Angola,Sub-Saharan Africa,2213470.04
2012-04-30,Angola,Sub-Saharan Africa,4571065.07
2012-05-31,Angola,Sub-Saharan Africa,3056113.7399999998
2012-06-30,Angola,Sub-Saharan Africa,4143942.27
2012-07-31,Angola,Sub-Saharan Africa,1228892.53
2012-08-31,Angola,Sub-Saharan Africa,3247480.6199999996
2012-09-30,Angola,Sub-Saharan Africa,3669538.65
2012-10-31,Angola,Sub-Saharan Africa,3251511.3200000003
2012-11-30,Angola,Sub-Saharan Africa,1837748.01
2012-12-31,Angola,Sub-Saharan Africa,13443803.7
2013-01-31,Angola,Sub-Saharan Africa,3702257.27
2013-02-28,Angola,Sub-Saharan Africa,1709891.28
2013-03-31,Angola,Sub-Saharan Africa,3560243.77
2013-04-30,Angola,Sub-Saharan Africa,7199448.18
2013-05-31,Angola,Sub-Saharan Africa,11008677.18
2013-06-30,Angola,Sub-Saharan Africa,549686.08
2013-07-31,Angola,Sub-Saharan Africa,1986891.21
2013-08-31,Angola,Sub-Saharan Africa,1587325.54
2013-09-30,Angola,Sub-Saharan Africa,5080502.91
2013-10-31,Angola,Sub-Saharan Africa,2910665.44
2013-11-30,Angola,Sub-Saharan Africa,9610636.15
2013-12-31,Angola,Sub-Saharan Africa,5940337.62
2014-01-31,Angola,Sub-Saharan Africa,4156087.55
2014-02-28,Angola,Sub-Saharan Africa,3882847.01
2014-03-31,Angola,Sub-Saharan Africa,1388536.5799999998
2014-04-30,Angola,Sub-Saharan Africa,1797213.5899999999
2014-05-31,Angola,Sub-Saharan Africa,0.0
2014-06-30,Angola,Sub-Saharan Africa,5140903.63
2014-07-31,Angola,Sub-Saharan Africa,45468.84
2014-08-31,Angola,Sub-Saharan Africa,3217880.77
2014-09-30,Angola,Sub-Saharan Africa,3079629.55
2014-10-31,Angola,Sub-Saharan Africa,4243529.5
2014-11-30,Angola,Sub-Saharan Africa,2553015.61
2014-12-31,Angola,Sub-Saharan Africa,1371059.2
2015-01-31,Angola,Sub-Saharan Africa,5390338.06
2015-02-28,Angola,Sub-Saharan Africa,7260487.3
2015-03-31,Angola,Sub-Saharan Africa,8998666.9
2015-04-30,Angola,Sub-Saharan Africa,2606806.07
2015-05-31,Angola,Sub-Saharan Africa,4709442.24
2015-06-30,Angola,Sub-Saharan Africa,800480.33
2015-07-31,Angola,Sub-Saharan Africa,2868240.96
2015-08-31,Angola,Sub-Saharan Africa,8910189.870000001
2015-09-30,Angola,Sub-Saharan Africa,8110864.149999999
2015-10-31,Angola,Sub-Saharan Africa,1115368.98
2015-11-30,Angola,Sub-Saharan Africa,3405694.8200000003
2015-12-31,Angola,Sub-Saharan Africa,2603142.1
2016-01-31,Angola,Sub-Saharan Africa,3533305.18
2016-02-29,Angola,Sub-Saharan Africa,300356.4
2016-03-31,Angola,Sub-Saharan Africa,3528262.25
2016-04-30,Angola,Sub-Saharan Africa,407080.3
2016-05-31,Angola,Sub-Saharan Africa,96228.6
2016-06-30,Angola,Sub-Saharan Africa,7626490.26
2016-07-31,Angola,Sub-Saharan Africa,0.0
2016-08-31,Angola,Sub-Saharan Africa,3650485.82
2016-09-30,Angola,Sub-Saharan Africa,13518736.62
2016-10-31,Angola,Sub-Saharan Africa,9477566.28
2016-11-30,Angola,Sub-Saharan Africa,8487652.11
2016-12-31,Angola,Sub-Saharan Africa,6114332.17
2017-01-31,Angola,Sub-Saharan Africa,9421546.58
2017-02-28,Angola,Sub-Saharan Africa,1667872.98
2017-03-31,Angola,Sub-Saharan Africa,10312351.63
2017-04-30,Angola,Sub-Saharan Africa,909652.1399999999
2017-05-31,Angola,Sub-Saharan Africa,7924525.460000001
2017-06-30,Angola,Sub-Saharan Africa,1747796.88
2010-02-28,Antigua and Barbuda,Central America and the Caribbean,3389219.14
2010-03-31,Antigua and Barbuda,Central America and the Caribbean,851291.2
2010-04-30,Antigua and Barbuda,Central America and the Caribbean,2747714.55
2010-05-31,Antigua and Barbuda,Central America and the Caribbean,7748302.11
2010-06-30,Antigua and Barbuda,Central America and the Caribbean,61111.5
2010-07-31,Antigua and Barbuda,Central America and the Caribbean,982024.68
2010-08-31,Antigua and Barbuda,Central America and the Caribbean,6634592.149999999
2010-09-30,Antigua and Barbuda,Central America and the Caribbean,5516359.62
2010-10-31,Antigua and Barbuda,Central America and the Caribbean,184438.15
2010-11-30,Antigua and Barbuda,Central America and the Caribbean,1199050.16
2010-12-31,Antigua and Barbuda,Central America and the Caribbean,7734916.09
2011-01-31,Antigua and Barbuda,Central America and the Caribbean,112667.68
2011-02-28,Antigua and Barbuda,Central America and the Caribbean,2643828.5
2011-03-31,Antigua and Barbuda,Central America and the Caribbean,0.0
2011-04-30,Antigua and Barbuda,Central America and the Caribbean,2306062.74
2011-05-31,Antigua and Barbuda,Central America and the Caribbean,8697573.879999999
2011-06-30,Antigua and Barbuda,Central America and the Caribbean,10961025.66
2011-07-31,Antigua and Barbuda,Central America and the Caribbean,1181064.1600000001
2011-08-31,Antigua and Barbuda,Central America and the Caribbean,9612166.36
2011-09-30,Antigua and Barbuda,Central America and the Caribbean,1490026.67
2011-10-31,Antigua and Barbuda,Central America and the Caribbean,1764462.3
2011-11-30,Antigua and Barbuda,Central America and the Caribbean,6667976.86
2011-12-31,Antigua and Barbuda,Central America and the Caribbean,9512945.48
2012-01-31,Antigua and Barbuda,Central America and the Caribbean,197971.0
2012-02-29,Antigua and Barbuda,Central America and the Caribbean,4109233.8600000003
2012-03-31,Antigua and Barbuda,Central America and the Caribbean,4777318.8
2012-04-30,Antigua and Barbuda,Central America and the Caribbean,6107047.38
2012-05-31,Antigua and Barbuda,Central America and the Caribbean,5451648.54
2012-06-30,Antigua and Barbuda,Central America and the Caribbean,6847602.33
2012-07-31,Antigua and Barbuda,Central America and the Caribbean,8197143.1899999995
2012-08-31,Antigua and Barbuda,Central America and the Caribbean,422799.18
2012-09-30,Antigua and Barbuda,Central America and the Caribbean,6660241.91
2012-10-31,Antigua and Barbuda,Central America and the Caribbean,2792009.5
2012-11-30,Antigua and Barbuda,Central America and the Caribbean,3322680.4299999997
2012-12-31,Antigua and Barbuda,Central America and the Caribbean,3949249.2199999997
2013-01-31,Antigua and Barbuda,Central America and the Caribbean,1235250.74
2013-02-28,Antigua and Barbuda,Central America and the Caribbean,8247364.73
2013-03-31,Antigua and Barbuda,Central America and the Caribbean,992444.0
2013-04-30,Antigua and Barbuda,Central America and the Caribbean,10574233.61
2013-05-31,Antigua and Barbuda,Central America and the Caribbean,1805768.55
2013-06-30,Antigua and Barbuda,Central America and the Caribbean,455562.4
2013-07-31,Antigua and Barbuda,Central America and the Caribbean,1834480.82
2013-08-31,Antigua and Barbuda,Central America and the Caribbean,7779691.11
2013-09-30,Antigua and Barbuda,Central America and the Caribbean,6424882.359999999
2013-10-31,Antigua and Barbuda,Central America and the Caribbean,3921889.44
2013-11-30,Antigua and Barbuda,Central America and the Caribbean,3460984.61
2013-12-31,Antigua and Barbuda,Central America and the Caribbean,3305452.5
2014-01-31,Antigua and Barbuda,Central America and the Caribbean,1839648.56
2014-02-28,Antigua and Barbuda,Central America and the Caribbean,5229024.9
2014-03-31,Antigua and Barbuda,Central America and the Caribbean,4891819.76
2014-04-30,Antigua and Barbuda,Central America and the Caribbean,758040.5800000001
2014-05-31,Antigua and Barbuda,Central America and the Caribbean,1423673.59
2014-06-30,Antigua and Barbuda,Central America and the Caribbean,6901048.68
2014-07-31,Antigua and Barbuda,Central America and the Caribbean,5067557.83
2014-08-31,Antigua and Barbuda,Central America and the Caribbean,3134022.9000000004
2014-09-30,Antigua and Barbuda,Central America and the Caribbean,2616810.0
2014-10-31,Antigua and Barbuda,Central America and the Caribbean,5357626.73
2014-11-30,Antigua and Barbuda,Central America and the Caribbean,12007728.86
2014-12-31,Antigua and Barbuda,Central America and the Caribbean,400803.92
2015-01-31,Antigua and Barbuda,Central America and the Caribbean,736910.64
2015-02-28,Antigua and Barbuda,Central America and the Caribbean,528793.1
2015-03-31,Antigua and Barbuda,Central America and the Caribbean,4636797.0
2015-04-30,Antigua and Barbuda,Central America and the Caribbean,319395.51
2015-05-31,Antigua and Barbuda,Central America and the Caribbean,7462694.51
2015-06-30,Antigua and Barbuda,Central America and the Caribbean,1033264.79
2015-07-31,Antigua and Barbuda,Central America and the Caribbean,6491429.5
2015-08-31,Antigua and Barbuda,Central America and the Caribbean,1341082.17
2015-09-30,Antigua and Barbuda,Central America and the Caribbean,1034456.61
2015-10-31,Antigua and Barbuda,Central America and the Caribbean,7037647.340000001
2015-11-30,Antigua and Barbuda,Central America and the Caribbean,1276318.32
2015-12-31,Antigua and Barbuda,Central America and the Caribbean,8774103.92
2016-01-31,Antigua and Barbuda,Central America and the Caribbean,3070679.33
2016-02-29,Antigua and Barbuda,Central America and the Caribbean,6151019.27
2016-03-31,Antigua and Barbuda,Central America and the Caribbean,1153223.31
2016-04-30,Antigua and Barbuda,Central America and the Caribbean,2787634.15
2016-05-31,Antigua and Barbuda,Central America and the Caribbean,76581.01
2016-06-30,Antigua and Barbuda,Central America and the Caribbean,10237775.629999999
2016-07-31,Antigua and Barbuda,Central America and the Caribbean,8522708.75
2016-08-31,Antigua and Barbuda,Central America and the Caribbean,134936.23
2016-09-30,Antigua and Barbuda,Central America and the Caribbean,2937822.4800000004
2016-10-31,Antigua and Barbuda,Central America and the Caribbean,5689143.73
2016-11-30,Antigua and Barbuda,Central America and the Caribbean,7193055.81
2016-12-31,Antigua and Barbuda,Central America and the Caribbean,1765635.3099999998
2017-01-31,Antigua and Barbuda,Central America and the Caribbean,4089422.88
2017-02-28,Antigua and Barbuda,Central America and the Caribbean,1372436.8599999999
2017-03-31,Antigua and Barbuda,Central America and the Caribbean,6611542.46
2017-04-30,Antigua and Barbuda,Central America and the Caribbean,3921339.17
2017-05-31,Antigua and Barbuda,Central America and the Caribbean,2432115.2800000003
2017-06-30,Antigua and Barbuda,Central America and the Caribbean,5686777.23
2010-01-31,Armenia,Europe,306579.4
2010-02-28,Armenia,Europe,1020066.3
2010-03-31,Armenia,Europe,9649607.3
2010-04-30,Armenia,Europe,1004513.72
2010-05-31,Armenia,Europe,1400632.21
2010-06-30,Armenia,Europe,2857619.22
2010-07-31,Armenia,Europe,1427763.7
2010-08-31,Armenia,Europe,2333086.72
2010-09-30,Armenia,Europe,0.0
2010-10-31,Armenia,Europe,1099923.45
2010-11-30,Armenia,Europe,1989594.3599999999
2010-12-31,Armenia,Europe,1565586.54
2011-01-31,Armenia,Europe,2227654.3
2011-02-28,Armenia,Europe,2181114.56
2011-03-31,Armenia,Europe,3623006.88
2011-04-30,Armenia,Europe,2929869.56
2011-05-31,Armenia,Europe,0.0
2011-06-30,Armenia,Europe,421970.34
2011-07-31,Armenia,Europe,1398602.8
2011-08-31,Armenia,Europe,357494.94
2011-09-30,Armenia,Europe,7877957.76
2011-10-31,Armenia,Europe,5242375.08
2011-11-30,Armenia,Europe,412573.04
2011-12-31,Armenia,Europe,11720.15
2012-01-31,Armenia,Europe,9049662.68
2012-02-29,Armenia,Europe,1429566.33
2012-03-31,Armenia,Europe,5721211.609999999
2012-04-30,Armenia,Europe,4029471.39
2012-05-31,Armenia,Europe,1861512.94
2012-06-30,Armenia,Europe,8443099.4
2012-07-31,Armenia,Europe,3176854.79
2012-08-31,Armenia,Europe,7337406.529999999
2012-09-30,Armenia,Europe,5341400.23
2012-10-31,Armenia,Europe,5761485.66
2012-11-30,Armenia,Europe,7774858.49
2012-12-31,Armenia,Europe,1240046.57
2013-01-31,Armenia,Europe,0.0
2013-02-28,Armenia,Europe,2343783.5100000002
2013-03-31,Armenia,Europe,480504.16
2013-04-30,Armenia,Europe,8836612.18
2013-05-31,Armenia,Europe,3347453.99
2013-06-30,Armenia,Europe,1883711.12
2013-07-31,Armenia,Europe,2508561.16
2013-08-31,Armenia,Europe,1454212.35
2013-09-30,Armenia,Europe,739488.0
2013-10-31,Armenia,Europe,5169674.05
2013-11-30,Armenia,Europe,0.0
2013-12-31,Armenia,Europe,7443191.26
2014-01-31,Armenia,Europe,1292647.61
2014-02-28,Armenia,Europe,892761.2100000001
2014-03-31,Armenia,Europe,6270800.3
2014-04-30,Armenia,Europe,0.0
2014-05-31,Armenia,Europe,0.0
2014-06-30,Armenia,Europe,1746266.43
2014-07-31,Armenia,Europe,7812512.3100000005
2014-08-31,Armenia,Europe,13606560.17
2014-09-30,Armenia,Europe,6081241.93
2014-10-31,Armenia,Europe,4139489.49
2014-11-30,Armenia,Europe,4900146.72
2014-12-31,Armenia,Europe,3448012.74
2015-01-31,Armenia,Europe,0.0
2015-02-28,Armenia,Europe,0.0
2015-03-31,Armenia,Europe,9499966.309999999
2015-04-30,Armenia,Europe,4443575.86
2015-05-31,Armenia,Europe,1749329.7
2015-06-30,Armenia,Europe,6170754.46
2015-07-31,Armenia,Europe,422713.5
2015-08-31,Armenia,Europe,939435.06
2015-09-30,Armenia,Europe,284071.7
2015-10-31,Armenia,Europe,7018936.890000001
2015-11-30,Armenia,Europe,7078069.649999999
2015-12-31,Armenia,Europe,6855021.6
2016-01-31,Armenia,Europe,6997052.290000001
2016-02-29,Armenia,Europe,537734.94
2016-03-31,Armenia,Europe,9741843.45
2016-04-30,Armenia,Europe,849042.4
2016-05-31,Armenia,Europe,8379442.8
2016-06-30,Armenia,Europe,5281712.5
2016-07-31,Armenia,Europe,7232060.95
2016-08-31,Armenia,Europe,1659417.04
2016-09-30,Armenia,Europe,864936.0
2016-10-31,Armenia,Europe,0.0
2016-11-30,Armenia,Europe,1649084.6400000001
2016-12-31,Armenia,Europe,3532405.0500000003
2017-01-31,Armenia,Europe,7643216.91
2017-02-28,Armenia,Europe,3138845.08
2017-03-31,Armenia,Europe,0.0
2017-04-30,Armenia,Europe,6833539.89
2017-05-31,Armenia,Europe,8952154.42
2017-06-30,Armenia,Europe,1661539.76
2010-01-31,Australia,Australia and Oceania,6960567.64
2010-02-28,Australia,Australia and Oceania,4783947.2
2010-03-31,Australia,Australia and Oceania,627744.0800000001
2010-04-30,Australia,Australia and Oceania,2567059.02
2010-05-31,Australia,Australia and Oceania,7843253.09
2010-06-30,Australia,Australia and Oceania,5639056.46
2010-07-31,Australia,Australia and Oceania,2430756.9
2010-08-31,Australia,Australia and Oceania,3479347.3200000003
2010-09-30,Australia,Australia and Oceania,4962557.1899999995
2010-10-31,Australia,Australia and Oceania,0.0
2010-11-30,Australia,Australia and Oceania,2725424.6
2010-12-31,Australia,Australia and Oceania,7026223.829999999
2011-01-31,Australia,Australia and Oceania,2857950.2399999998
2011-02-28,Australia,Australia and Oceania,8277346.63
2011-03-31,Australia,Australia and Oceania,7977666.24
2011-04-30,Australia,Australia and Oceania,4874017.3
2011-05-31,Australia,Australia and Oceania,0.0
2011-06-30,Australia,Australia and Oceania,1979294.79
2011-07-31,Australia,Australia and Oceania,3186991.71
2011-08-31,Australia,Australia and Oceania,11886314.16
2011-09-30,Australia,Australia and Oceania,10745012.15
2011-10-31,Australia,Australia and Oceania,9039007.62
2011-11-30,Australia,Australia and Oceania,2668144.2199999997
2011-12-31,Australia,Australia and Oceania,7181718.35
2012-01-31,Australia,Australia and Oceania,823474.26
2012-02-29,Australia,Australia and Oceania,3611929.46
2012-03-31,Australia,Australia and Oceania,438251.75
2012-04-30,Australia,Australia and Oceania,3972227.64
2012-05-31,Australia,Australia and Oceania,2160239.0100000002
2012-06-30,Australia,Australia and Oceania,8207075.1
2012-07-31,Australia,Australia and Oceania,3727961.0700000003
2012-08-31,Australia,Australia and Oceania,4577649.5
2012-09-30,Australia,Australia and Oceania,4427482.21
2012-10-31,Australia,Australia and Oceania,3023088.94
2012-11-30,Australia,Australia and Oceania,9893399.05
2012-12-31,Australia,Australia and Oceania,3207731.82
2013-01-31,Australia,Australia and Oceania,2423993.65
2013-02-28,Australia,Australia and Oceania,640891.12
2013-03-31,Australia,Australia and Oceania,1358795.66
2013-04-30,Australia,Australia and Oceania,3168123.62
2013-05-31,Australia,Australia and Oceania,4249331.920000001
2013-06-30,Australia,Australia and Oceania,1249888.78
2013-07-31,Australia,Australia and Oceania,1039471.36
2013-08-31,Australia,Australia and Oceania,1344759.1
2013-09-30,Australia,Australia and Oceania,0.0
2013-10-31,Australia,Australia and Oceania,6096514.57
2013-11-30,Australia,Australia and Oceania,2982885.4299999997
2013-12-31,Australia,Australia and Oceania,6340788.41
2014-01-31,Australia,Australia and Oceania,2344103.94
2014-02-28,Australia,Australia and Oceania,5129716.52
2014-03-31,Australia,Australia and Oceania,4539350.0
2014-04-30,Australia,Australia and Oceania,0.0
2014-05-31,Australia,Australia and Oceania,4463617.08
2014-06-30,Australia,Australia and Oceania,3775789.1799999997
2014-07-31,Australia,Australia and Oceania,8546551.41
2014-08-31,Australia,Australia and Oceania,4966139.94
2014-09-30,Australia,Australia and Oceania,5856331.53
2014-10-31,Australia,Australia and Oceania,6642549.09
2014-11-30,Australia,Australia and Oceania,571456.16
2014-12-31,Australia,Australia and Oceania,4028332.5500000003
2015-01-31,Australia,Australia and Oceania,4507024.41
2015-02-28,Australia,Australia and Oceania,3450586.43
2015-03-31,Australia,Australia and Oceania,3990404.5
2015-04-30,Australia,Australia and Oceania,5406191.0600000005
2015-05-31,Australia,Australia and Oceania,6138002.609999999
2015-06-30,Australia,Australia and Oceania,1960526.7
2015-07-31,Australia,Australia and Oceania,522948.62
2015-08-31,Australia,Australia and Oceania,1850784.75
2015-09-30,Australia,Australia and Oceania,7043252.1
2015-10-31,Australia,Australia and Oceania,3070748.08
2015-11-30,Australia,Australia and Oceania,1044410.1
2015-12-31,Australia,Australia and Oceania,21610644.74
2016-01-31,Australia,Australia and Oceania,7854351.07
2016-02-29,Australia,Australia and Oceania,3698394.99
2016-03-31,Australia,Australia and Oceania,3637113.69
2016-04-30,Australia,Australia and Oceania,427338.72
2016-05-31,Australia,Australia and Oceania,1616480.15
2016-06-30,Australia,Australia and Oceania,398188.56
2016-07-31,Australia,Australia and Oceania,4263735.74
2016-08-31,Australia,Australia and Oceania,909891.0599999999
2016-09-30,Australia,Australia and Oceania,1964260.54
2016-10-31,Australia,Australia and Oceania,557337.18
2016-11-30,Australia,Australia and Oceania,1252277.5999999999
2016-12-31,Australia,Australia and Oceania,5875026.39
2017-01-31,Australia,Australia and Oceania,460817.30999999994
2017-02-28,Australia,Australia and Oceania,1348419.3599999999
2017-03-31,Australia,Australia and Oceania,3091670.3200000003
2017-04-30,Australia,Australia and Oceania,824512.51
2017-05-31,Australia,Australia and Oceania,2824837.2
2017-06-30,Australia,Australia and Oceania,11293.1
2010-01-31,Austria,Europe,2566202.96
2010-02-28,Austria,Europe,127966.88
2010-03-31,Austria,Europe,477692.55
2010-04-30,Austria,Europe,5898762.32
2010-05-31,Austria,Europe,9028832.61
2010-06-30,Austria,Europe,76487.34
2010-07-31,Austria,Europe,2801760.8
2010-08-31,Austria,Europe,5202710.16
2010-09-30,Austria,Europe,16467187.530000001
2010-10-31,Austria,Europe,1322636.57
2010-11-30,Austria,Europe,4258125.25
2010-12-31,Austria,Europe,3662929.9099999997
2011-01-31,Austria,Europe,3664520.75
2011-02-28,Austria,Europe,9327137.13
2011-03-31,Austria,Europe,9162756.68
2011-04-30,Austria,Europe,276636.94
2011-05-31,Austria,Europe,869453.09
2011-06-30,Austria,Europe,514788.86
2011-07-31,Austria,Europe,12181917.16
2011-08-31,Austria,Europe,1010842.5
2011-09-30,Austria,Europe,856722.14
2011-10-31,Austria,Europe,2032560.2200000002
2011-11-30,Austria,Europe,6024833.2
2011-12-31,Austria,Europe,5570982.48
2012-01-31,Austria,Europe,6683033.28
2012-02-29,Austria,Europe,3382714.02
2012-03-31,Austria,Europe,11216987.12
2012-04-30,Austria,Europe,2959429.76
2012-05-31,Austria,Europe,2745706.71
2012-06-30,Austria,Europe,5360389.890000001
2012-07-31,Austria,Europe,7355216.95
2012-08-31,Austria,Europe,4206767.6
2012-09-30,Austria,Europe,26347.92
2012-10-31,Austria,Europe,2956075.5500000003
2012-11-30,Austria,Europe,2686089.27
2012-12-31,Austria,Europe,6622464.3
2013-01-31,Austria,Europe,6915027.05
2013-02-28,Austria,Europe,0.0
2013-03-31,Austria,Europe,5888341.26
2013-04-30,Austria,Europe,2464702.64
2013-05-31,Austria,Europe,2710649.4099999997
2013-06-30,Austria,Europe,1952266.18
2013-07-31,Austria,Europe,6172660.0
2013-08-31,Austria,Europe,1260310.8
2013-09-30,Austria,Europe,1742870.24
2013-10-31,Austria,Europe,2281797.14
2013-11-30,Austria,Europe,2508115.32
2013-12-31,Austria,Europe,2533430.09
2014-01-31,Austria,Europe,2875840.71
2014-02-28,Austria,Europe,1199768.5999999999
2014-03-31,Austria,Europe,6459068.67
2014-04-30,Austria,Europe,1463831.77
2014-05-31,Austria,Europe,1037133.51
2014-06-30,Austria,Europe,1128014.0
2014-07-31,Austria,Europe,5150139.28
2014-08-31,Austria,Europe,4582454.5200000005
2014-09-30,Austria,Europe,4035646.3200000003
2014-10-31,Austria,Europe,0.0
2014-11-30,Austria,Europe,5682871.44
2014-12-31,Austria,Europe,1779378.2999999998
2015-01-31,Austria,Europe,9413714.88
2015-02-28,Austria,Europe,8246706.389999999
2015-03-31,Austria,Europe,4243989.25
2015-04-30,Austria,Europe,3750729.84
2015-05-31,Austria,Europe,3210806.53
2015-06-30,Austria,Europe,1524268.77
2015-07-31,Austria,Europe,4381661.23
2015-08-31,Austria,Europe,0.0
2015-09-30,Austria,Europe,0.0
2015-10-31,Austria,Europe,8200059.25
2015-11-30,Austria,Europe,1362293.0899999999
2015-12-31,Austria,Europe,2221228.61
2016-01-31,Austria,Europe,970860.01
2016-02-29,Austria,Europe,5402670.76
2016-03-31,Austria,Europe,0.0
2016-04-30,Austria,Europe,2237772.75
2016-05-31,Austria,Europe,1951860.2
2016-06-30,Austria,Europe,3299681.07
2016-07-31,Austria,Europe,2390509.91
2016-08-31,Austria,Europe,5799602.59
2016-09-30,Austria,Europe,608666.3
2016-10-31,Austria,Europe,8882416.05
2016-11-30,Austria,Europe,4930253.15
2016-12-31,Austria,Europe,5855683.529999999
2017-01-31,Austria,Europe,4643263.91
2017-02-28,Austria,Europe,2597551.7600000002
2017-03-31,Austria,Europe,12537058.56
2017-04-30,Austria,Europe,0.0
2017-05-31,Austria,Europe,5835825.22
2017-06-30,Austria,Europe,1950998.84
2010-01-31,Azerbaijan,Middle East and North Africa,564583.25
2010-02-28,Azerbaijan,Middle East and North Africa,1805850.7200000002
2010-03-31,Azerbaijan,Middle East and North Africa,1430972.68
2010-04-30,Azerbaijan,Middle East and North Africa,0.0
2010-05-31,Azerbaijan,Middle East and North Africa,4727161.9
2010-06-30,Azerbaijan,Middle East and North Africa,5501411.45
2010-07-31,Azerbaijan,Middle East and North Africa,9871738.16
2010-08-31,Azerbaijan,Middle East and North Africa,12105188.3
2010-09-30,Azerbaijan,Middle East and North Africa,841147.6
2010-10-31,Azerbaijan,Middle East and North Africa,6397491.86
2010-11-30,Azerbaijan,Middle East and North Africa,0.0
2010-12-31,Azerbaijan,Middle East and North Africa,5887458.7
2011-01-31,Azerbaijan,Middle East and North Africa,4747268.87
2011-02-28,Azerbaijan,Middle East and North Africa,5189135.3
2011-03-31,Azerbaijan,Middle East and North Africa,519490.32
2011-04-30,Azerbaijan,Middle East and North Africa,371189.7
2011-05-31,Azerbaijan,Middle East and North Africa,1844301.05
2011-06-30,Azerbaijan,Middle East and North Africa,3790773.6599999997
2011-07-31,Azerbaijan,Middle East and North Africa,206648.48
2011-08-31,Azerbaijan,Middle East and North Africa,3879535.8
2011-09-30,Azerbaijan,Middle East and North Africa,2212495.96
2011-10-31,Azerbaijan,Middle East and North Africa,5360741.64
2011-11-30,Azerbaijan,Middle East and North Africa,7422566.6
2011-12-31,Azerbaijan,Middle East and North Africa,5422917.05
2012-01-31,Azerbaijan,Middle East and North Africa,1262403.5
2012-02-29,Azerbaijan,Middle East and North Africa,1939175.7
2012-03-31,Azerbaijan,Middle East and North Africa,62586.55
2012-04-30,Azerbaijan,Middle East and North Africa,6220068.51
2012-05-31,Azerbaijan,Middle East and North Africa,1721604.08
2012-06-30,Azerbaijan,Middle East and North Africa,4512888.37
2012-07-31,Azerbaijan,Middle East and North Africa,3084957.0
2012-08-31,Azerbaijan,Middle East and North Africa,129463.08
2012-09-30,Azerbaijan,Middle East and North Africa,4187163.5
2012-10-31,Azerbaijan,Middle East and North Africa,6046259.23
2012-11-30,Azerbaijan,Middle East and North Africa,6159832.88
2012-12-31,Azerbaijan,Middle East and North Africa,12256758.62
2013-01-31,Azerbaijan,Middle East and North Africa,4841857.85
2013-02-28,Azerbaijan,Middle East and North Africa,6351552.239999999
2013-03-31,Azerbaijan,Middle East and North Africa,128486.04
2013-04-30,Azerbaijan,Middle East and North Africa,2019376.0
2013-05-31,Azerbaijan,Middle East and North Africa,2287809.33
2013-06-30,Azerbaijan,Middle East and North Africa,1580730.48
2013-07-31,Azerbaijan,Middle East and North Africa,32835.4
2013-08-31,Azerbaijan,Middle East and North Africa,7475760.59
2013-09-30,Azerbaijan,Middle East and North Africa,7547586.18
2013-10-31,Azerbaijan,Middle East and North Africa,7645377.869999999
2013-11-30,Azerbaijan,Middle East and North Africa,4168395.21
2013-12-31,Azerbaijan,Middle East and North Africa,5789595.15
2014-01-31,Azerbaijan,Middle East and North Africa,1220480.12
2014-02-28,Azerbaijan,Middle East and North Africa,3369063.1999999997
2014-03-31,Azerbaijan,Middle East and North Africa,1833895.52
2014-04-30,Azerbaijan,Middle East and North Africa,112461.06
2014-05-31,Azerbaijan,Middle East and North Africa,2358983.3
2014-06-30,Azerbaijan,Middle East and North Africa,11443616.419999998
2014-07-31,Azerbaijan,Middle East and North Africa,13118047.77
2014-08-31,Azerbaijan,Middle East and North Africa,7221556.34
2014-09-30,Azerbaijan,Middle East and North Africa,4629929.07
2014-10-31,Azerbaijan,Middle East and North Africa,3824010.96
2014-11-30,Azerbaijan,Middle East and North Africa,3398799.68
2014-12-31,Azerbaijan,Middle East and North Africa,5282149.2
2015-01-31,Azerbaijan,Middle East and North Africa,17334553.55
2015-02-28,Azerbaijan,Middle East and North Africa,215575.53000000003
2015-03-31,Azerbaijan,Middle East and North Africa,870016.56
2015-04-30,Azerbaijan,Middle East and North Africa,2688286.7600000002
2015-05-31,Azerbaijan,Middle East and North Africa,749168.6399999999
2015-06-30,Azerbaijan,Middle East and North Africa,3085655.2199999997
2015-07-31,Azerbaijan,Middle East and North Africa,1213218.6
2015-08-31,Azerbaijan,Middle East and North Africa,2536338.71
2015-09-30,Azerbaijan,Middle East and North Africa,3417050.8
2015-10-31,Azerbaijan,Middle East and North Africa,1552612.96
2015-11-30,Azerbaijan,Middle East and North Africa,3094506.4800000004
2015-12-31,Azerbaijan,Middle East and North Africa,9162122.57
2016-01-31,Azerbaijan,Middle East and North Africa,1787158.24
2016-02-29,Azerbaijan,Middle East and North Africa,0.0
2016-03-31,Azerbaijan,Middle East and North Africa,7124825.74
2016-04-30,Azerbaijan,Middle East and North Africa,8903318.26
2016-05-31,Azerbaijan,Middle East and North Africa,3262089.87
2016-06-30,Azerbaijan,Middle East and North Africa,1711424.0
2016-07-31,Azerbaijan,Middle East and North Africa,208513.9
2016-08-31,Azerbaijan,Middle East and North Africa,6917056.4399999995
2016-09-30,Azerbaijan,Middle East and North Africa,7439268.6899999995
2016-10-31,Azerbaijan,Middle East and North Africa,2742295.46
2016-11-30,Azerbaijan,Middle East and North Africa,2323777.03
2016-12-31,Azerbaijan,Middle East and North Africa,3957112.34
2017-01-31,Azerbaijan,Middle East and North Africa,2695451.9
2017-02-28,Azerbaijan,Middle East and North Africa,0.0
2017-03-31,Azerbaijan,Middle East and North Africa,1587077.0299999998
2017-04-30,Azerbaijan,Middle East and North Africa,6836669.28
2017-05-31,Azerbaijan,Middle East and North Africa,2868633.0999999996
2017-06-30,Azerbaijan,Middle East and North Africa,3677251.18
2010-01-31,Bahrain,Middle East and North Africa,226093.16
2010-02-28,Bahrain,Middle East and North Africa,7723102.73
2010-03-31,Bahrain,Middle East and North Africa,0.0
2010-04-30,Bahrain,Middle East and North Africa,3358190.76
2010-05-31,Bahrain,Middle East and North Africa,7045510.48
2010-06-30,Bahrain,Middle East and North Africa,4866292.63
2010-07-31,Bahrain,Middle East and North Africa,10007790.46
2010-08-31,Bahrain,Middle East and North Africa,2628761.0
2010-09-30,Bahrain,Middle East and North Africa,10768184.66
2010-10-31,Bahrain,Middle East and North Africa,7252098.699999999
2010-11-30,Bahrain,Middle East and North Africa,2174263.52
2010-12-31,Bahrain,Middle East and North Africa,4352882.2
2011-01-31,Bahrain,Middle East and North Africa,1140551.12
2011-02-28,Bahrain,Middle East and North Africa,1664425.6
2011-03-31,Bahrain,Middle East and North Africa,2514252.72
2011-04-30,Bahrain,Middle East and North Africa,3069357.94
2011-05-31,Bahrain,Middle East and North Africa,303023.88
2011-06-30,Bahrain,Middle East and North Africa,1467190.12
2011-07-31,Bahrain,Middle East and North Africa,681895.5
2011-08-31,Bahrain,Middle East and North Africa,1315518.34
2011-09-30,Bahrain,Middle East and North Africa,1693387.89
2011-10-31,Bahrain,Middle East and North Africa,1355654.31
2011-11-30,Bahrain,Middle East and North Africa,2736195.51
2011-12-31,Bahrain,Middle East and North Africa,2315552.7
2012-01-31,Bahrain,Middle East and North Africa,1387458.04
2012-02-29,Bahrain,Middle East and North Africa,516718.4
2012-03-31,Bahrain,Middle East and North Africa,12158416.030000001
2012-04-30,Bahrain,Middle East and North Africa,2249328.43
2012-05-31,Bahrain,Middle East and North Africa,5687104.54
2012-06-30,Bahrain,Middle East and North Africa,2568172.88
2012-07-31,Bahrain,Middle East and North Africa,0.0
2012-08-31,Bahrain,Middle East and North Africa,6975138.4
2012-09-30,Bahrain,Middle East and North Africa,49262.4
2012-10-31,Bahrain,Middle East and North Africa,5760686.86
2012-11-30,Bahrain,Middle East and North Africa,0.0
2012-12-31,Bahrain,Middle East and North Africa,935347.54
2013-01-31,Bahrain,Middle East and North Africa,4417740.17
2013-02-28,Bahrain,Middle East and North Africa,2012337.35
2013-03-31,Bahrain,Middle East and North Africa,585456.15
2013-04-30,Bahrain,Middle East and North Africa,6606179.65
2013-05-31,Bahrain,Middle East and North Africa,5823161.8
2013-06-30,Bahrain,Middle East and North Africa,7756650.33
2013-07-31,Bahrain,Middle East and North Africa,6387321.6899999995
2013-08-31,Bahrain,Middle East and North Africa,537220.57
2013-09-30,Bahrain,Middle East and North Africa,0.0
2013-10-31,Bahrain,Middle East and North Africa,2447247.18
2013-11-30,Bahrain,Middle East and North Africa,0.0
2013-12-31,Bahrain,Middle East and North Africa,1493262.37
2014-01-31,Bahrain,Middle East and North Africa,3362317.52
2014-02-28,Bahrain,Middle East and North Africa,6524617.959999999
2014-03-31,Bahrain,Middle East and North Africa,7552083.38
2014-04-30,Bahrain,Middle East and North Africa,2844181.85
2014-05-31,Bahrain,Middle East and North Africa,8278755.25
2014-06-30,Bahrain,Middle East and North Africa,367044.3
2014-07-31,Bahrain,Middle East and North Africa,830701.41
2014-08-31,Bahrain,Middle East and North Africa,11412418.27
2014-09-30,Bahrain,Middle East and North Africa,3762415.02
2014-10-31,Bahrain,Middle East and North Africa,2370579.9000000004
2014-11-30,Bahrain,Middle East and North Africa,77030.0
2014-12-31,Bahrain,Middle East and North Africa,3983376.32
2015-01-31,Bahrain,Middle East and North Africa,1562183.92
2015-02-28,Bahrain,Middle East and North Africa,1568537.62
2015-03-31,Bahrain,Middle East and North Africa,9355687.92
2015-04-30,Bahrain,Middle East and North Africa,3876424.73
2015-05-31,Bahrain,Middle East and North Africa,0.0
2015-06-30,Bahrain,Middle East and North Africa,8384864.419999999
2015-07-31,Bahrain,Middle East and North Africa,9500671.69
2015-08-31,Bahrain,Middle East and North Africa,279373.83
2015-09-30,Bahrain,Middle East and North Africa,7692656.149999999
2015-10-31,Bahrain,Middle East and North Africa,415188.4
2015-11-30,Bahrain,Middle East and North Africa,2247678.46
2015-12-31,Bahrain,Middle East and North Africa,7346707.36
2016-01-31,Bahrain,Middle East and North Africa,7701255.26
2016-02-29,Bahrain,Middle East and North Africa,735139.36
2016-03-31,Bahrain,Middle East and North Africa,1480208.48
2016-04-30,Bahrain,Middle East and North Africa,7215374.75
2016-05-31,Bahrain,Middle East and North Africa,4980119.72
2016-06-30,Bahrain,Middle East and North Africa,4665427.85
2016-07-31,Bahrain,Middle East and North Africa,1945594.23
2016-08-31,Bahrain,Middle East and North Africa,1599901.2
2016-09-30,Bahrain,Middle East and North Africa,6612972.95
2016-10-31,Bahrain,Middle East and North Africa,2694770.28
2016-11-30,Bahrain,Middle East and North Africa,18068872.0
2016-12-31,Bahrain,Middle East and North Africa,1583123.1199999999
2017-01-31,Bahrain,Middle East and North Africa,3674841.7
2017-02-28,Bahrain,Middle East and North Africa,7303369.92
2017-03-31,Bahrain,Middle East and North Africa,6446336.94
2017-04-30,Bahrain,Middle East and North Africa,2246452.4499999997
2017-05-31,Bahrain,Middle East and North Africa,758947.44
2017-06-30,Bahrain,Middle East and North Africa,13906038.969999999
2010-01-31,Bangladesh,Asia,9057310.53
2010-02-28,Bangladesh,Asia,877299.84
2010-03-31,Bangladesh,Asia,6082492.46
2010-04-30,Bangladesh,Asia,2357363.25
2010-05-31,Bangladesh,Asia,2427369.97
2010-06-30,Bangladesh,Asia,4984430.640000001
2010-07-31,Bangladesh,Asia,3695744.3499999996
2010-08-31,Bangladesh,Asia,9283328.9
2010-09-30,Bangladesh,Asia,5859569.24
2010-10-31,Bangladesh,Asia,1697230.7
2010-11-30,Bangladesh,Asia,7124012.33
2010-12-31,Bangladesh,Asia,1121928.01
2011-01-31,Bangladesh,Asia,4871770.36
2011-02-28,Bangladesh,Asia,7635138.37
2011-03-31,Bangladesh,Asia,5475136.899999999
2011-04-30,Bangladesh,Asia,416775.82
2011-05-31,Bangladesh,Asia,6160500.71
2011-06-30,Bangladesh,Asia,516976.24
2011-07-31,Bangladesh,Asia,506949.92
2011-08-31,Bangladesh,Asia,4426505.140000001
2011-09-30,Bangladesh,Asia,2177587.33
2011-10-31,Bangladesh,Asia,13593.81
2011-11-30,Bangladesh,Asia,9804965.39
2011-12-31,Bangladesh,Asia,4446154.01
2012-01-31,Bangladesh,Asia,412352.85000000003
2012-02-29,Bangladesh,Asia,7689974.6899999995
2012-03-31,Bangladesh,Asia,664904.2
2012-04-30,Bangladesh,Asia,7178167.93
2012-05-31,Bangladesh,Asia,0.0
2012-06-30,Bangladesh,Asia,4949786.1899999995
2012-07-31,Bangladesh,Asia,90426.36
2012-08-31,Bangladesh,Asia,6887126.46
2012-09-30,Bangladesh,Asia,5978027.239999999
2012-10-31,Bangladesh,Asia,12287489.219999999
2012-11-30,Bangladesh,Asia,3544396.9600000004
2012-12-31,Bangladesh,Asia,6187791.15
2013-01-31,Bangladesh,Asia,8618366.54
2013-02-28,Bangladesh,Asia,0.0
2013-03-31,Bangladesh,Asia,4896847.37
2013-04-30,Bangladesh,Asia,496354.1
2013-05-31,Bangladesh,Asia,3109857.43
2013-06-30,Bangladesh,Asia,1804443.92
2013-07-31,Bangladesh,Asia,684609.66
2013-08-31,Bangladesh,Asia,1740373.25
2013-09-30,Bangladesh,Asia,2485493.3
2013-10-31,Bangladesh,Asia,315589.95
2013-11-30,Bangladesh,Asia,341321.46
2013-12-31,Bangladesh,Asia,5302852.46
2014-01-31,Bangladesh,Asia,913390.6
2014-02-28,Bangladesh,Asia,1275471.1800000002
2014-03-31,Bangladesh,Asia,4188831.7
2014-04-30,Bangladesh,Asia,135264.68
2014-05-31,Bangladesh,Asia,3574581.61
2014-06-30,Bangladesh,Asia,3622639.2
2014-07-31,Bangladesh,Asia,4298142.1
2014-08-31,Bangladesh,Asia,13191876.62
2014-09-30,Bangladesh,Asia,3961880.82
2014-10-31,Bangladesh,Asia,74177.97
2014-11-30,Bangladesh,Asia,1194866.76
2014-12-31,Bangladesh,Asia,8503674.86
2015-01-31,Bangladesh,Asia,3017855.3
2015-02-28,Bangladesh,Asia,523889.3
2015-03-31,Bangladesh,Asia,1415971.3599999999
2015-04-30,Bangladesh,Asia,3483901.6599999997
2015-05-31,Bangladesh,Asia,3463721.0599999996
2015-06-30,Bangladesh,Asia,991464.84
2015-07-31,Bangladesh,Asia,11900347.17
2015-08-31,Bangladesh,Asia,8685092.56
2015-09-30,Bangladesh,Asia,3601691.98
2015-10-31,Bangladesh,Asia,5260827.17
2015-11-30,Bangladesh,Asia,1542978.62
2015-12-31,Bangladesh,Asia,2960635.8
2016-01-31,Bangladesh,Asia,3538510.9400000004
2016-02-29,Bangladesh,Asia,118590.23
2016-03-31,Bangladesh,Asia,7116540.66
2016-04-30,Bangladesh,Asia,5517499.8100000005
2016-05-31,Bangladesh,Asia,4012175.15
2016-06-30,Bangladesh,Asia,6482318.16
2016-07-31,Bangladesh,Asia,4600595.36
2016-08-31,Bangladesh,Asia,4580065.39
2016-09-30,Bangladesh,Asia,1632172.0799999998
2016-10-31,Bangladesh,Asia,3091478.2
2016-11-30,Bangladesh,Asia,8349220.7
2016-12-31,Bangladesh,Asia,4618769.75
2017-01-31,Bangladesh,Asia,8014933.239999999
2017-02-28,Bangladesh,Asia,4854411.88
2017-03-31,Bangladesh,Asia,1014793.22
2017-04-30,Bangladesh,Asia,1454504.7
2017-05-31,Bangladesh,Asia,977907.2999999999
2017-06-30,Bangladesh,Asia,1156403.82
2010-01-31,Barbados,Central America and the Caribbean,2836862.44
2010-02-28,Barbados,Central America and the Caribbean,2899228.08
2010-03-31,Barbados,Central America and the Caribbean,0.0
2010-04-30,Barbados,Central America and the Caribbean,1598979.22
2010-05-31,Barbados,Central America and the Caribbean,491943.62
2010-06-30,Barbados,Central America and the Caribbean,1470027.35
2010-07-31,Barbados,Central America and the Caribbean,7189619.199999999
2010-08-31,Barbados,Central America and the Caribbean,8144822.5600000005
2010-09-30,Barbados,Central America and the Caribbean,598677.16
2010-10-31,Barbados,Central America and the Caribbean,3129935.08
2010-11-30,Barbados,Central America and the Caribbean,5147896.33
2010-12-31,Barbados,Central America and the Caribbean,7702485.36
2011-01-31,Barbados,Central America and the Caribbean,9084214.030000001
2011-02-28,Barbados,Central America and the Caribbean,779832.6599999999
2011-03-31,Barbados,Central America and the Caribbean,381228.04
2011-04-30,Barbados,Central America and the Caribbean,2109871.89
2011-05-31,Barbados,Central America and the Caribbean,3213297.93
2011-06-30,Barbados,Central America and the Caribbean,802444.35
2011-07-31,Barbados,Central America and the Caribbean,859309.22
2011-08-31,Barbados,Central America and the Caribbean,3685596.0
2011-09-30,Barbados,Central America and the Caribbean,19639162.15
2011-10-31,Barbados,Central America and the Caribbean,3435319.58
2011-11-30,Barbados,Central America and the Caribbean,2449904.34
2011-12-31,Barbados,Central America and the Caribbean,2070468.59
2012-01-31,Barbados,Central America and the Caribbean,4463393.34
2012-02-29,Barbados,Central America and the Caribbean,3632713.0900000003
2012-03-31,Barbados,Central America and the Caribbean,8741201.98
2012-04-30,Barbados,Central America and the Caribbean,2485861.69
2012-05-31,Barbados,Central America and the Caribbean,1964134.04
2012-06-30,Barbados,Central America and the Caribbean,2378718.71
2012-07-31,Barbados,Central America and the Caribbean,2605967.12
2012-08-31,Barbados,Central America and the Caribbean,969340.74
2012-09-30,Barbados,Central America and the Caribbean,8364579.140000001
2012-10-31,Barbados,Central America and the Caribbean,5721450.569999999
2012-11-30,Barbados,Central America and the Caribbean,413764.0
2012-12-31,Barbados,Central America and the Caribbean,1918075.2000000002
2013-01-31,Barbados,Central America and the Caribbean,3056790.8699999996
2013-02-28,Barbados,Central America and the Caribbean,3111710.6
2013-03-31,Barbados,Central America and the Caribbean,1070562.94
2013-04-30,Barbados,Central America and the Caribbean,1355226.34
2013-05-31,Barbados,Central America and the Caribbean,7037921.87
2013-06-30,Barbados,Central America and the Caribbean,4096692.51
2013-07-31,Barbados,Central America and the Caribbean,12781615.42
2013-08-31,Barbados,Central America and the Caribbean,11445023.35
2013-09-30,Barbados,Central America and the Caribbean,60047.88
2013-10-31,Barbados,Central America and the Caribbean,7632767.08
2013-11-30,Barbados,Central America and the Caribbean,5936477.68
2013-12-31,Barbados,Central America and the Caribbean,3509702.91
2014-01-31,Barbados,Central America and the Caribbean,694127.5
2014-02-28,Barbados,Central America and the Caribbean,711722.0
2014-03-31,Barbados,Central America and the Caribbean,4601088.44
2014-04-30,Barbados,Central America and the Caribbean,6640187.92
2014-05-31,Barbados,Central America and the Caribbean,534528.15
2014-06-30,Barbados,Central America and the Caribbean,6700354.62
2014-07-31,Barbados,Central America and the Caribbean,1515119.4
2014-08-31,Barbados,Central America and the Caribbean,1726937.0
2014-09-30,Barbados,Central America and the Caribbean,4933939.0200000005
2014-10-31,Barbados,Central America and the Caribbean,2050070.94
2014-11-30,Barbados,Central America and the Caribbean,4699606.85
2014-12-31,Barbados,Central America and the Caribbean,1454850.3
2015-01-31,Barbados,Central America and the Caribbean,169206.7
2015-02-28,Barbados,Central America and the Caribbean,4132851.6
2015-03-31,Barbados,Central America and the Caribbean,2540345.9699999997
2015-04-30,Barbados,Central America and the Caribbean,763848.58
2015-05-31,Barbados,Central America and the Caribbean,4449333.38
2015-06-30,Barbados,Central America and the Caribbean,1925941.9899999998
2015-07-31,Barbados,Central America and the Caribbean,7120977.09
2015-08-31,Barbados,Central America and the Caribbean,6297423.62
2015-09-30,Barbados,Central America and the Caribbean,1424291.9
2015-10-31,Barbados,Central America and the Caribbean,2052025.42
2015-11-30,Barbados,Central America and the Caribbean,238330.82
2015-12-31,Barbados,Central America and the Caribbean,929754.24
2016-01-31,Barbados,Central America and the Caribbean,0.0
2016-02-29,Barbados,Central America and the Caribbean,5732449.54
2016-03-31,Barbados,Central America and the Caribbean,3064668.48
2016-04-30,Barbados,Central America and the Caribbean,4167744.0
2016-05-31,Barbados,Central America and the Caribbean,8723175.44
2016-06-30,Barbados,Central America and the Caribbean,2007404.17
2016-07-31,Barbados,Central America and the Caribbean,2855743.86
2016-08-31,Barbados,Central America and the Caribbean,4372302.25
2016-09-30,Barbados,Central America and the Caribbean,3249146.98
2016-10-31,Barbados,Central America and the Caribbean,2026292.2200000002
2016-11-30,Barbados,Central America and the Caribbean,6768756.89
2016-12-31,Barbados,Central America and the Caribbean,1183722.6
2017-01-31,Barbados,Central America and the Caribbean,48731.15
2017-02-28,Barbados,Central America and the Caribbean,406428.02
2017-03-31,Barbados,Central America and the Caribbean,2928887.23
2017-04-30,Barbados,Central America and the Caribbean,5735430.460000001
2017-05-31,Barbados,Central America and the Caribbean,6986145.85
2017-06-30,Barbados,Central America and the Caribbean,683671.45
2010-02-28,Belarus,Europe,5047318.36
2010-03-31,Belarus,Europe,8745474.23
2010-04-30,Belarus,Europe,5645874.92
2010-05-31,Belarus,Europe,3315468.48
2010-06-30,Belarus,Europe,437061.94999999995
2010-07-31,Belarus,Europe,10326679.27
2010-08-31,Belarus,Europe,656945.74
2010-09-30,Belarus,Europe,2755785.48
2010-10-31,Belarus,Europe,131245.28
2010-11-30,Belarus,Europe,0.0
2010-12-31,Belarus,Europe,3166187.39
2011-01-31,Belarus,Europe,2667357.2
2011-02-28,Belarus,Europe,0.0
2011-03-31,Belarus,Europe,3839477.88
2011-04-30,Belarus,Europe,103470.18
2011-05-31,Belarus,Europe,2322934.0
2011-06-30,Belarus,Europe,689077.27
2011-07-31,Belarus,Europe,6635503.609999999
2011-08-31,Belarus,Europe,439102.3
2011-09-30,Belarus,Europe,10061673.82
2011-10-31,Belarus,Europe,1189151.0699999998
2011-11-30,Belarus,Europe,11363077.7
2011-12-31,Belarus,Europe,962125.56
2012-01-31,Belarus,Europe,189752.55
2012-02-29,Belarus,Europe,86834.31
2012-03-31,Belarus,Europe,3551023.08
2012-04-30,Belarus,Europe,11895092.469999999
2012-05-31,Belarus,Europe,6491168.35
2012-06-30,Belarus,Europe,6929120.78
2012-07-31,Belarus,Europe,2833134.34
2012-08-31,Belarus,Europe,8215194.27
2012-09-30,Belarus,Europe,3211516.9
2012-10-31,Belarus,Europe,3815252.6399999997
2012-11-30,Belarus,Europe,5246770.81
2012-12-31,Belarus,Europe,9292131.99
2013-01-31,Belarus,Europe,1822701.38
2013-02-28,Belarus,Europe,3302052.7
2013-03-31,Belarus,Europe,1984769.3599999999
2013-04-30,Belarus,Europe,3302121.03
2013-05-31,Belarus,Europe,1811534.56
2013-06-30,Belarus,Europe,1048013.1099999999
2013-07-31,Belarus,Europe,1410629.28
2013-08-31,Belarus,Europe,912165.8800000001
2013-09-30,Belarus,Europe,1855983.35
2013-10-31,Belarus,Europe,977356.64
2013-11-30,Belarus,Europe,421971.99
2013-12-31,Belarus,Europe,2818501.78
2014-01-31,Belarus,Europe,4725253.91
2014-02-28,Belarus,Europe,1076263.35
2014-03-31,Belarus,Europe,3906401.81
2014-04-30,Belarus,Europe,5663653.78
2014-05-31,Belarus,Europe,1120143.1
2014-06-30,Belarus,Europe,5365729.21
2014-07-31,Belarus,Europe,3243478.64
2014-08-31,Belarus,Europe,612150.96
2014-09-30,Belarus,Europe,156099.3
2014-10-31,Belarus,Europe,3309635.2
2014-11-30,Belarus,Europe,4342696.76
2014-12-31,Belarus,Europe,2157549.85
2015-01-31,Belarus,Europe,6148748.75
2015-02-28,Belarus,Europe,1050617.92
2015-03-31,Belarus,Europe,32645.6
2015-04-30,Belarus,Europe,2613418.5
2015-05-31,Belarus,Europe,579120.3400000001
2015-06-30,Belarus,Europe,0.0
2015-07-31,Belarus,Europe,2384798.17
2015-08-31,Belarus,Europe,3122105.6100000003
2015-09-30,Belarus,Europe,2248209.4
2015-10-31,Belarus,Europe,0.0
2015-11-30,Belarus,Europe,4155971.13
2015-12-31,Belarus,Europe,616448.48
2016-01-31,Belarus,Europe,6835338.19
2016-02-29,Belarus,Europe,338106.43
2016-03-31,Belarus,Europe,1129691.41
2016-04-30,Belarus,Europe,415780.5
2016-05-31,Belarus,Europe,4307911.21
2016-06-30,Belarus,Europe,4984517.2
2016-07-31,Belarus,Europe,7332742.48
2016-08-31,Belarus,Europe,0.0
2016-09-30,Belarus,Europe,1989940.71
2016-10-31,Belarus,Europe,2074076.8
2016-11-30,Belarus,Europe,4095018.12
2016-12-31,Belarus,Europe,0.0
2017-01-31,Belarus,Europe,6641949.36
2017-02-28,Belarus,Europe,9883853.21
2017-03-31,Belarus,Europe,2424454.83
2017-04-30,Belarus,Europe,0.0
2017-05-31,Belarus,Europe,300571.06
2017-06-30,Belarus,Europe,5092126.68
2010-01-31,Belgium,Europe,4523573.86
2010-02-28,Belgium,Europe,3238235.89
2010-03-31,Belgium,Europe,790271.1699999999
2010-04-30,Belgium,Europe,238176.76
2010-05-31,Belgium,Europe,6989775.83
2010-06-30,Belgium,Europe,11110999.3
2010-07-31,Belgium,Europe,6134057.77
2010-08-31,Belgium,Europe,5952290.220000001
2010-09-30,Belgium,Europe,5814159.38
2010-10-31,Belgium,Europe,455214.1
2010-11-30,Belgium,Europe,5582026.59
2010-12-31,Belgium,Europe,1412990.4700000002
2011-01-31,Belgium,Europe,653676.58
2011-02-28,Belgium,Europe,729608.6
2011-03-31,Belgium,Europe,3282566.4099999997
2011-04-30,Belgium,Europe,6340788.52
2011-05-31,Belgium,Europe,5650924.5600000005
2011-06-30,Belgium,Europe,12670219.33
2011-07-31,Belgium,Europe,9048840.82
2011-08-31,Belgium,Europe,13078588.44
2011-09-30,Belgium,Europe,20191.21
2011-10-31,Belgium,Europe,6250574.02
2011-11-30,Belgium,Europe,2789624.67
2011-12-31,Belgium,Europe,0.0
2012-01-31,Belgium,Europe,4661970.03
2012-02-29,Belgium,Europe,3412300.3699999996
2012-03-31,Belgium,Europe,5252525.23
2012-04-30,Belgium,Europe,1197662.44
2012-05-31,Belgium,Europe,5251122.51
2012-06-30,Belgium,Europe,5638301.15
2012-07-31,Belgium,Europe,943925.62
2012-08-31,Belgium,Europe,8589248.08
2012-09-30,Belgium,Europe,35454.0
2012-10-31,Belgium,Europe,0.0
2012-11-30,Belgium,Europe,13373808.07
2012-12-31,Belgium,Europe,3798393.6
2013-01-31,Belgium,Europe,2971424.51
2013-02-28,Belgium,Europe,0.0
2013-03-31,Belgium,Europe,6124441.609999999
2013-04-30,Belgium,Europe,1314544.74
2013-05-31,Belgium,Europe,74164.35
2013-06-30,Belgium,Europe,7818474.89
2013-07-31,Belgium,Europe,7281055.09
2013-08-31,Belgium,Europe,1437539.6
2013-09-30,Belgium,Europe,1267198.3199999998
2013-10-31,Belgium,Europe,1052848.56
2013-11-30,Belgium,Europe,8814607.200000001
2013-12-31,Belgium,Europe,1834526.1300000001
2014-01-31,Belgium,Europe,1611358.0
2014-02-28,Belgium,Europe,6876317.27
2014-03-31,Belgium,Europe,5065814.0600000005
2014-04-30,Belgium,Europe,2574618.31
2014-05-31,Belgium,Europe,2421606.8800000004
2014-06-30,Belgium,Europe,3142417.99
2014-07-31,Belgium,Europe,5211169.46
2014-08-31,Belgium,Europe,989404.11
2014-09-30,Belgium,Europe,6815795.9399999995
2014-10-31,Belgium,Europe,8369168.340000001
2014-11-30,Belgium,Europe,7982676.1899999995
2014-12-31,Belgium,Europe,3706228.8000000003
2015-01-31,Belgium,Europe,9252153.01
2015-02-28,Belgium,Europe,0.0
2015-03-31,Belgium,Europe,6477937.27
2015-04-30,Belgium,Europe,2208609.89
2015-05-31,Belgium,Europe,1997272.79
2015-06-30,Belgium,Europe,4864751.44
2015-07-31,Belgium,Europe,3862467.7600000002
2015-08-31,Belgium,Europe,4100034.8699999996
2015-09-30,Belgium,Europe,433832.96
2015-10-31,Belgium,Europe,3937245.3000000003
2015-11-30,Belgium,Europe,0.0
2015-12-31,Belgium,Europe,8429896.7
2016-01-31,Belgium,Europe,1449723.99
2016-02-29,Belgium,Europe,5666711.44
2016-03-31,Belgium,Europe,5019896.130000001
2016-04-30,Belgium,Europe,2656401.26
2016-05-31,Belgium,Europe,918733.07
2016-06-30,Belgium,Europe,2672839.3600000003
2016-07-31,Belgium,Europe,6423504.77
2016-08-31,Belgium,Europe,5589309.17
2016-09-30,Belgium,Europe,4539669.23
2016-10-31,Belgium,Europe,0.0
2016-11-30,Belgium,Europe,864157.3400000001
2016-12-31,Belgium,Europe,2773473.17
2017-01-31,Belgium,Europe,7214968.45
2017-02-28,Belgium,Europe,3863289.29
2017-03-31,Belgium,Europe,6189132.82
2017-04-30,Belgium,Europe,3710159.24
2017-05-31,Belgium,Europe,1534948.8800000001
2017-06-30,Belgium,Europe,780539.36
2010-01-31,Belize,Central America and the Caribbean,4233166.85
2010-02-28,Belize,Central America and the Caribbean,2466269.4299999997
2010-03-31,Belize,Central America and the Caribbean,2672436.98
2010-04-30,Belize,Central America and the Caribbean,1083675.22
2010-05-31,Belize,Central America and the Caribbean,441432.2
2010-06-30,Belize,Central America and the Caribbean,781248.6
2010-07-31,Belize,Central America and the Caribbean,2654905.0100000002
2010-08-31,Belize,Central America and the Caribbean,7834643.78
2010-09-30,Belize,Central America and the Caribbean,5862324.75
2010-10-31,Belize,Central America and the Caribbean,4516580.4799999995
2010-11-30,Belize,Central America and the Caribbean,2021624.45
2010-12-31,Belize,Central America and the Caribbean,10512426.62
2011-01-31,Belize,Central America and the Caribbean,5681375.12
2011-02-28,Belize,Central America and the Caribbean,4411437.78
2011-03-31,Belize,Central America and the Caribbean,4407271.86
2011-04-30,Belize,Central America and the Caribbean,851951.86
2011-05-31,Belize,Central America and the Caribbean,1609583.9
2011-06-30,Belize,Central America and the Caribbean,3138239.61
2011-07-31,Belize,Central America and the Caribbean,2188422.59
2011-08-31,Belize,Central America and the Caribbean,6044622.640000001
2011-09-30,Belize,Central America and the Caribbean,3511377.19
2011-10-31,Belize,Central America and the Caribbean,3840876.9
2011-11-30,Belize,Central America and the Caribbean,4063488.64
2011-12-31,Belize,Central America and the Caribbean,6539614.22
2012-01-31,Belize,Central America and the Caribbean,5166276.08
2012-02-29,Belize,Central America and the Caribbean,887832.9199999999
2012-03-31,Belize,Central America and the Caribbean,457271.1
2012-04-30,Belize,Central America and the Caribbean,48879.87
2012-05-31,Belize,Central America and the Caribbean,492871.18
2012-06-30,Belize,Central America and the Caribbean,4119902.86
2012-07-31,Belize,Central America and the Caribbean,7941525.260000001
2012-08-31,Belize,Central America and the Caribbean,7822709.38
2012-09-30,Belize,Central America and the Caribbean,0.0
2012-10-31,Belize,Central America and the Caribbean,2076700.0
2012-11-30,Belize,Central America and the Caribbean,9999381.559999999
2012-12-31,Belize,Central America and the Caribbean,7514228.16
2013-01-31,Belize,Central America and the Caribbean,427002.55
2013-02-28,Belize,Central America and the Caribbean,443378.65
2013-03-31,Belize,Central America and the Caribbean,1513952.0
2013-04-30,Belize,Central America and the Caribbean,5079504.54
2013-05-31,Belize,Central America and the Caribbean,1287390.21
2013-06-30,Belize,Central America and the Caribbean,10664545.870000001
2013-07-31,Belize,Central America and the Caribbean,0.0
2013-08-31,Belize,Central America and the Caribbean,11965896.73
2013-09-30,Belize,Central America and the Caribbean,3523919.96
2013-10-31,Belize,Central America and the Caribbean,48517.35
2013-11-30,Belize,Central America and the Caribbean,5927090.87
2013-12-31,Belize,Central America and the Caribbean,1189531.31
2014-01-31,Belize,Central America and the Caribbean,11420653.37
2014-02-28,Belize,Central America and the Caribbean,116019.75
2014-03-31,Belize,Central America and the Caribbean,1554151.9
2014-04-30,Belize,Central America and the Caribbean,4448227.39
2014-05-31,Belize,Central America and the Caribbean,4451238.47
2014-06-30,Belize,Central America and the Caribbean,8176645.02
2014-07-31,Belize,Central America and the Caribbean,4357279.92
2014-08-31,Belize,Central America and the Caribbean,2554905.64
2014-09-30,Belize,Central America and the Caribbean,4122656.43
2014-10-31,Belize,Central America and the Caribbean,2900606.95
2014-11-30,Belize,Central America and the Caribbean,1937071.4000000001
2014-12-31,Belize,Central America and the Caribbean,2580370.24
2015-01-31,Belize,Central America and the Caribbean,2719976.81
2015-02-28,Belize,Central America and the Caribbean,7255056.21
2015-03-31,Belize,Central America and the Caribbean,2132640.7
2015-04-30,Belize,Central America and the Caribbean,5029225.44
2015-05-31,Belize,Central America and the Caribbean,7570069.7700000005
2015-06-30,Belize,Central America and the Caribbean,6772207.81
2015-07-31,Belize,Central America and the Caribbean,62405.22
2015-08-31,Belize,Central America and the Caribbean,2198485.2300000004
2015-09-30,Belize,Central America and the Caribbean,5240711.260000001
2015-10-31,Belize,Central America and the Caribbean,643018.2
2015-11-30,Belize,Central America and the Caribbean,3795585.25
2015-12-31,Belize,Central America and the Caribbean,502197.88
2016-01-31,Belize,Central America and the Caribbean,2051880.6600000001
2016-02-29,Belize,Central America and the Caribbean,1701509.3499999999
2016-03-31,Belize,Central America and the Caribbean,7412125.42
2016-04-30,Belize,Central America and the Caribbean,6301235.3
2016-05-31,Belize,Central America and the Caribbean,8978838.55
2016-06-30,Belize,Central America and the Caribbean,2068986.4
2016-07-31,Belize,Central America and the Caribbean,2938846.5700000003
2016-08-31,Belize,Central America and the Caribbean,5397000.63
2016-09-30,Belize,Central America and the Caribbean,8173372.13
2016-10-31,Belize,Central America and the Caribbean,1720208.29
2016-11-30,Belize,Central America and the Caribbean,157771.89
2016-12-31,Belize,Central America and the Caribbean,1949940.5099999998
2017-01-31,Belize,Central America and the Caribbean,7504930.640000001
2017-02-28,Belize,Central America and the Caribbean,7693689.899999999
2017-03-31,Belize,Central America and the Caribbean,2458842.05
2017-04-30,Belize,Central America and the Caribbean,3632070.58
2017-05-31,Belize,Central America and the Caribbean,0.0
2017-06-30,Belize,Central America and the Caribbean,1751680.7999999998
2010-01-31,Benin,Sub-Saharan Africa,7046690.45
2010-02-28,Benin,Sub-Saharan Africa,5331667.06
2010-03-31,Benin,Sub-Saharan Africa,4501647.97
2010-04-30,Benin,Sub-Saharan Africa,1364607.34
2010-05-31,Benin,Sub-Saharan Africa,3000933.05
2010-06-30,Benin,Sub-Saharan Africa,6096534.88
2010-07-31,Benin,Sub-Saharan Africa,8454377.18
2010-08-31,Benin,Sub-Saharan Africa,2298034.83
2010-09-30,Benin,Sub-Saharan Africa,352583.22
2010-10-31,Benin,Sub-Saharan Africa,1072444.38
2010-11-30,Benin,Sub-Saharan Africa,840329.85
2010-12-31,Benin,Sub-Saharan Africa,3062499.51
2011-01-31,Benin,Sub-Saharan Africa,24519.0
2011-02-28,Benin,Sub-Saharan Africa,6419982.87
2011-03-31,Benin,Sub-Saharan Africa,1313437.05
2011-04-30,Benin,Sub-Saharan Africa,2985638.8
2011-05-31,Benin,Sub-Saharan Africa,1958048.0599999998
2011-06-30,Benin,Sub-Saharan Africa,1277280.99
2011-07-31,Benin,Sub-Saharan Africa,4120862.9699999997
2011-08-31,Benin,Sub-Saharan Africa,4448551.65
2011-09-30,Benin,Sub-Saharan Africa,3055900.9499999997
2011-10-31,Benin,Sub-Saharan Africa,3900495.95
2011-11-30,Benin,Sub-Saharan Africa,5316756.12
2011-12-31,Benin,Sub-Saharan Africa,1416528.0
2012-01-31,Benin,Sub-Saharan Africa,5446913.589999999
2012-02-29,Benin,Sub-Saharan Africa,2884398.57
2012-03-31,Benin,Sub-Saharan Africa,4884726.21
2012-04-30,Benin,Sub-Saharan Africa,4361679.24
2012-05-31,Benin,Sub-Saharan Africa,3561695.3200000003
2012-06-30,Benin,Sub-Saharan Africa,2604793.62
2012-07-31,Benin,Sub-Saharan Africa,7774198.66
2012-08-31,Benin,Sub-Saharan Africa,6447480.67
2012-09-30,Benin,Sub-Saharan Africa,6080017.27
2012-10-31,Benin,Sub-Saharan Africa,6187748.53
2012-11-30,Benin,Sub-Saharan Africa,53998.1
2012-12-31,Benin,Sub-Saharan Africa,4682993.43
2013-01-31,Benin,Sub-Saharan Africa,1246627.78
2013-02-28,Benin,Sub-Saharan Africa,2892495.27
2013-03-31,Benin,Sub-Saharan Africa,3270569.8
2013-04-30,Benin,Sub-Saharan Africa,9900297.37
2013-05-31,Benin,Sub-Saharan Africa,134378.4
2013-06-30,Benin,Sub-Saharan Africa,5854653.48
2013-07-31,Benin,Sub-Saharan Africa,2496035.23
2013-08-31,Benin,Sub-Saharan Africa,59413.44
2013-09-30,Benin,Sub-Saharan Africa,1583589.6199999999
2013-10-31,Benin,Sub-Saharan Africa,750598.75
2013-11-30,Benin,Sub-Saharan Africa,551346.5
2013-12-31,Benin,Sub-Saharan Africa,3715386.74
2014-01-31,Benin,Sub-Saharan Africa,8605130.49
2014-02-28,Benin,Sub-Saharan Africa,87050.48
2014-03-31,Benin,Sub-Saharan Africa,2555583.55
2014-04-30,Benin,Sub-Saharan Africa,11624237.21
2014-05-31,Benin,Sub-Saharan Africa,15054751.81
2014-06-30,Benin,Sub-Saharan Africa,0.0
2014-07-31,Benin,Sub-Saharan Africa,3724597.58
2014-08-31,Benin,Sub-Saharan Africa,4786028.4
2014-09-30,Benin,Sub-Saharan Africa,1320885.06
2014-10-31,Benin,Sub-Saharan Africa,10637002.68
2014-11-30,Benin,Sub-Saharan Africa,7822931.69
2014-12-31,Benin,Sub-Saharan Africa,12156.99
2015-01-31,Benin,Sub-Saharan Africa,3484547.87
2015-02-28,Benin,Sub-Saharan Africa,6596744.9399999995
2015-03-31,Benin,Sub-Saharan Africa,2329825.1799999997
2015-04-30,Benin,Sub-Saharan Africa,4208455.119999999
2015-05-31,Benin,Sub-Saharan Africa,5188822.53
2015-06-30,Benin,Sub-Saharan Africa,293165.51
2015-07-31,Benin,Sub-Saharan Africa,5028116.3100000005
2015-08-31,Benin,Sub-Saharan Africa,5662261.0600000005
2015-09-30,Benin,Sub-Saharan Africa,6240100.98
2015-10-31,Benin,Sub-Saharan Africa,376756.66000000003
2015-11-30,Benin,Sub-Saharan Africa,1569069.9
2015-12-31,Benin,Sub-Saharan Africa,4166975.1500000004
2016-01-31,Benin,Sub-Saharan Africa,0.0
2016-02-29,Benin,Sub-Saharan Africa,5194749.91
2016-03-31,Benin,Sub-Saharan Africa,5853714.1
2016-04-30,Benin,Sub-Saharan Africa,8648381.370000001
2016-05-31,Benin,Sub-Saharan Africa,6986562.65
2016-06-30,Benin,Sub-Saharan Africa,1636600.38
2016-07-31,Benin,Sub-Saharan Africa,11339519.73
2016-08-31,Benin,Sub-Saharan Africa,4263134.1
2016-09-30,Benin,Sub-Saharan Africa,4643766.49
2016-10-31,Benin,Sub-Saharan Africa,1782593.75
2016-11-30,Benin,Sub-Saharan Africa,4145784.55
2016-12-31,Benin,Sub-Saharan Africa,3663737.6
2017-01-31,Benin,Sub-Saharan Africa,1078707.79
2017-02-28,Benin,Sub-Saharan Africa,3229130.2
2017-03-31,Benin,Sub-Saharan Africa,3584421.65
2017-04-30,Benin,Sub-Saharan Africa,7704053.199999999
2017-05-31,Benin,Sub-Saharan Africa,396137.98000000004
2017-06-30,Benin,Sub-Saharan Africa,2630631.7199999997
2010-01-31,Bhutan,Asia,7176705.23
2010-02-28,Bhutan,Asia,6721864.13
2010-03-31,Bhutan,Asia,8345431.71
2010-04-30,Bhutan,Asia,519799.31
2010-05-31,Bhutan,Asia,446743.79000000004
2010-06-30,Bhutan,Asia,1770915.5
2010-07-31,Bhutan,Asia,2477962.52
2010-08-31,Bhutan,Asia,5814204.5200000005
2010-09-30,Bhutan,Asia,999102.98
2010-10-31,Bhutan,Asia,1188478.28
2010-11-30,Bhutan,Asia,5999351.03
2010-12-31,Bhutan,Asia,2124988.2399999998
2011-01-31,Bhutan,Asia,1471783.5
2011-02-28,Bhutan,Asia,26273.28
2011-03-31,Bhutan,Asia,3811408.38
2011-04-30,Bhutan,Asia,0.0
2011-05-31,Bhutan,Asia,3206795.72
2011-06-30,Bhutan,Asia,34969.6
2011-07-31,Bhutan,Asia,762084.1
2011-08-31,Bhutan,Asia,7835108.75
2011-09-30,Bhutan,Asia,4747312.529999999
2011-10-31,Bhutan,Asia,4559964.42
2011-11-30,Bhutan,Asia,3420109.9699999997
2011-12-31,Bhutan,Asia,224346.46
2012-01-31,Bhutan,Asia,4891518.46
2012-02-29,Bhutan,Asia,1954190.26
2012-03-31,Bhutan,Asia,0.0
2012-04-30,Bhutan,Asia,0.0
2012-05-31,Bhutan,Asia,4495318.72
2012-06-30,Bhutan,Asia,1610259.17
2012-07-31,Bhutan,Asia,5759682.67
2012-08-31,Bhutan,Asia,4991624.5200000005
2012-09-30,Bhutan,Asia,6483848.19
2012-10-31,Bhutan,Asia,6527657.26
2012-11-30,Bhutan,Asia,6384796.17
2012-12-31,Bhutan,Asia,402576.56
2013-01-31,Bhutan,Asia,2644889.88
2013-02-28,Bhutan,Asia,1548079.1600000001
2013-03-31,Bhutan,Asia,3623640.76
2013-04-30,Bhutan,Asia,6853048.040000001
2013-05-31,Bhutan,Asia,3487378.68
2013-06-30,Bhutan,Asia,5485339.2
2013-07-31,Bhutan,Asia,8645507.67
2013-08-31,Bhutan,Asia,1475518.4
2013-09-30,Bhutan,Asia,2586057.9099999997
2013-10-31,Bhutan,Asia,547624.1
2013-11-30,Bhutan,Asia,3906449.84
2013-12-31,Bhutan,Asia,1061041.32
2014-01-31,Bhutan,Asia,0.0
2014-02-28,Bhutan,Asia,10864090.5
2014-03-31,Bhutan,Asia,1849798.42
2014-04-30,Bhutan,Asia,1989324.7
2014-05-31,Bhutan,Asia,2396335.2
2014-06-30,Bhutan,Asia,7631555.91
2014-07-31,Bhutan,Asia,39605.85
2014-08-31,Bhutan,Asia,9583235.25
2014-09-30,Bhutan,Asia,4579047.62
2014-10-31,Bhutan,Asia,0.0
2014-11-30,Bhutan,Asia,2648471.07
2014-12-31,Bhutan,Asia,5672107.45
2015-01-31,Bhutan,Asia,488336.75
2015-02-28,Bhutan,Asia,5621382.97
2015-03-31,Bhutan,Asia,2395026.0300000003
2015-04-30,Bhutan,Asia,2254465.16
2015-05-31,Bhutan,Asia,49029.15
2015-06-30,Bhutan,Asia,2340993.69
2015-07-31,Bhutan,Asia,1465818.2
2015-08-31,Bhutan,Asia,13695536.88
2015-09-30,Bhutan,Asia,8111062.96
2015-10-31,Bhutan,Asia,6957487.16
2015-11-30,Bhutan,Asia,6352501.21
2015-12-31,Bhutan,Asia,6034293.68
2016-01-31,Bhutan,Asia,4082207.64
2016-02-29,Bhutan,Asia,196302.8
2016-03-31,Bhutan,Asia,0.0
2016-04-30,Bhutan,Asia,1516748.27
2016-05-31,Bhutan,Asia,5889639.08
2016-06-30,Bhutan,Asia,5478560.9399999995
2016-07-31,Bhutan,Asia,904668.6
2016-08-31,Bhutan,Asia,2718497.76
2016-09-30,Bhutan,Asia,7779829.23
2016-10-31,Bhutan,Asia,5997541.199999999
2016-11-30,Bhutan,Asia,8502789.99
2016-12-31,Bhutan,Asia,1583260.88
2017-01-31,Bhutan,Asia,10518569.8
2017-02-28,Bhutan,Asia,4082136.5700000003
2017-03-31,Bhutan,Asia,1172763.7
2017-04-30,Bhutan,Asia,8075699.82
2017-05-31,Bhutan,Asia,1717134.12
2017-06-30,Bhutan,Asia,11186730.41
2010-01-31,Bosnia and Herzegovina,Europe,593597.65
2010-02-28,Bosnia and Herzegovina,Europe,131442.3
2010-03-31,Bosnia and Herzegovina,Europe,2883739.6899999995
2010-04-30,Bosnia and Herzegovina,Europe,0.0
2010-05-31,Bosnia and Herzegovina,Europe,3832744.42
2010-06-30,Bosnia and Herzegovina,Europe,5997339.31
2010-07-31,Bosnia and Herzegovina,Europe,5589331.81
2010-08-31,Bosnia and Herzegovina,Europe,6971244.42
2010-09-30,Bosnia and Herzegovina,Europe,1910987.93
2010-10-31,Bosnia and Herzegovina,Europe,2840884.39
2010-11-30,Bosnia and Herzegovina,Europe,1349955.02
2010-12-31,Bosnia and Herzegovina,Europe,246496.0
2011-01-31,Bosnia and Herzegovina,Europe,117334.02
2011-02-28,Bosnia and Herzegovina,Europe,1464222.99
2011-03-31,Bosnia and Herzegovina,Europe,659474.2
2011-04-30,Bosnia and Herzegovina,Europe,8093740.96
2011-05-31,Bosnia and Herzegovina,Europe,1601109.66
2011-06-30,Bosnia and Herzegovina,Europe,6372613.04
2011-07-31,Bosnia and Herzegovina,Europe,5277446.76
2011-08-31,Bosnia and Herzegovina,Europe,1922299.2799999998
2011-09-30,Bosnia and Herzegovina,Europe,4502610.84
2011-10-31,Bosnia and Herzegovina,Europe,2467959.1
2011-11-30,Bosnia and Herzegovina,Europe,4105624.45
2011-12-31,Bosnia and Herzegovina,Europe,6524822.79
2012-01-31,Bosnia and Herzegovina,Europe,5097486.640000001
2012-02-29,Bosnia and Herzegovina,Europe,8000977.4399999995
2012-03-31,Bosnia and Herzegovina,Europe,846309.9
2012-04-30,Bosnia and Herzegovina,Europe,2551997.52
2012-05-31,Bosnia and Herzegovina,Europe,9981919.18
2012-06-30,Bosnia and Herzegovina,Europe,2938215.6
2012-07-31,Bosnia and Herzegovina,Europe,2124684.1100000003
2012-08-31,Bosnia and Herzegovina,Europe,7195224.4
2012-09-30,Bosnia and Herzegovina,Europe,769932.73
2012-10-31,Bosnia and Herzegovina,Europe,1954902.9899999998
2012-11-30,Bosnia and Herzegovina,Europe,210725.45
2012-12-31,Bosnia and Herzegovina,Europe,232422.53999999998
2013-01-31,Bosnia and Herzegovina,Europe,876687.42
2013-02-28,Bosnia and Herzegovina,Europe,581404.85
2013-03-31,Bosnia and Herzegovina,Europe,1172145.58
2013-04-30,Bosnia and Herzegovina,Europe,11478000.01
2013-05-31,Bosnia and Herzegovina,Europe,2755912.1
2013-06-30,Bosnia and Herzegovina,Europe,8495591.24
2013-07-31,Bosnia and Herzegovina,Europe,6261650.54
2013-08-31,Bosnia and Herzegovina,Europe,3864167.78
2013-09-30,Bosnia and Herzegovina,Europe,32057.88
2013-10-31,Bosnia and Herzegovina,Europe,3033398.66
2013-11-30,Bosnia and Herzegovina,Europe,2091631.83
2013-12-31,Bosnia and Herzegovina,Europe,3618168.76
2014-01-31,Bosnia and Herzegovina,Europe,0.0
2014-02-28,Bosnia and Herzegovina,Europe,8341905.73
2014-03-31,Bosnia and Herzegovina,Europe,4019676.8
2014-04-30,Bosnia and Herzegovina,Europe,1942504.36
2014-05-31,Bosnia and Herzegovina,Europe,3890605.54
2014-06-30,Bosnia and Herzegovina,Europe,738792.36
2014-07-31,Bosnia and Herzegovina,Europe,0.0
2014-08-31,Bosnia and Herzegovina,Europe,5539467.15
2014-09-30,Bosnia and Herzegovina,Europe,5595290.91
2014-10-31,Bosnia and Herzegovina,Europe,5538472.470000001
2014-11-30,Bosnia and Herzegovina,Europe,2088963.54
2014-12-31,Bosnia and Herzegovina,Europe,9345012.8
2015-01-31,Bosnia and Herzegovina,Europe,1913209.92
2015-02-28,Bosnia and Herzegovina,Europe,6795648.31
2015-03-31,Bosnia and Herzegovina,Europe,2671651.8600000003
2015-04-30,Bosnia and Herzegovina,Europe,1284676.58
2015-05-31,Bosnia and Herzegovina,Europe,8261961.529999999
2015-06-30,Bosnia and Herzegovina,Europe,2299758.5700000003
2015-07-31,Bosnia and Herzegovina,Europe,840397.3
2015-08-31,Bosnia and Herzegovina,Europe,6729892.27
2015-09-30,Bosnia and Herzegovina,Europe,47312.43
2015-10-31,Bosnia and Herzegovina,Europe,3683410.0
2015-11-30,Bosnia and Herzegovina,Europe,5047984.91
2015-12-31,Bosnia and Herzegovina,Europe,0.0
2016-01-31,Bosnia and Herzegovina,Europe,17494686.54
2016-02-29,Bosnia and Herzegovina,Europe,6756036.88
2016-03-31,Bosnia and Herzegovina,Europe,1401434.1
2016-04-30,Bosnia and Herzegovina,Europe,0.0
2016-05-31,Bosnia and Herzegovina,Europe,1884898.85
2016-06-30,Bosnia and Herzegovina,Europe,1200869.38
2016-07-31,Bosnia and Herzegovina,Europe,2188623.2
2016-08-31,Bosnia and Herzegovina,Europe,3275939.6
2016-09-30,Bosnia and Herzegovina,Europe,7559332.79
2016-10-31,Bosnia and Herzegovina,Europe,2663945.96
2016-11-30,Bosnia and Herzegovina,Europe,5925434.64
2016-12-31,Bosnia and Herzegovina,Europe,303017.36
2017-01-31,Bosnia and Herzegovina,Europe,1968734.01
2017-02-28,Bosnia and Herzegovina,Europe,8161971.26
2017-03-31,Bosnia and Herzegovina,Europe,6888180.11
2017-04-30,Bosnia and Herzegovina,Europe,2199931.5
2017-05-31,Bosnia and Herzegovina,Europe,11706923.17
2017-06-30,Bosnia and Herzegovina,Europe,5222659.779999999
2010-01-31,Botswana,Sub-Saharan Africa,5059156.19
2010-02-28,Botswana,Sub-Saharan Africa,1555090.19
2010-03-31,Botswana,Sub-Saharan Africa,0.0
2010-04-30,Botswana,Sub-Saharan Africa,4065438.79
2010-05-31,Botswana,Sub-Saharan Africa,8353757.48
2010-06-30,Botswana,Sub-Saharan Africa,4327951.55
2010-07-31,Botswana,Sub-Saharan Africa,2896415.8200000003
2010-08-31,Botswana,Sub-Saharan Africa,7345269.17
2010-09-30,Botswana,Sub-Saharan Africa,10421929.97
2010-10-31,Botswana,Sub-Saharan Africa,1014080.8099999999
2010-11-30,Botswana,Sub-Saharan Africa,5713095.369999999
2010-12-31,Botswana,Sub-Saharan Africa,4296595.18
2011-01-31,Botswana,Sub-Saharan Africa,5685701.27
2011-02-28,Botswana,Sub-Saharan Africa,8276276.5200000005
2011-03-31,Botswana,Sub-Saharan Africa,1436852.54
2011-04-30,Botswana,Sub-Saharan Africa,1983565.88
2011-05-31,Botswana,Sub-Saharan Africa,4495528.54
2011-06-30,Botswana,Sub-Saharan Africa,17135920.0
2011-07-31,Botswana,Sub-Saharan Africa,4481190.62
2011-08-31,Botswana,Sub-Saharan Africa,3339376.11
2011-09-30,Botswana,Sub-Saharan Africa,1837114.4
2011-10-31,Botswana,Sub-Saharan Africa,3029039.0100000002
2011-11-30,Botswana,Sub-Saharan Africa,2401160.3200000003
2011-12-31,Botswana,Sub-Saharan Africa,2888441.81
2012-01-31,Botswana,Sub-Saharan Africa,2904094.99
2012-02-29,Botswana,Sub-Saharan Africa,48245.43
2012-03-31,Botswana,Sub-Saharan Africa,2169724.4
2012-04-30,Botswana,Sub-Saharan Africa,2595850.6900000004
2012-05-31,Botswana,Sub-Saharan Africa,3612913.08
2012-06-30,Botswana,Sub-Saharan Africa,1567883.16
2012-07-31,Botswana,Sub-Saharan Africa,6295274.209999999
2012-08-31,Botswana,Sub-Saharan Africa,0.0
2012-09-30,Botswana,Sub-Saharan Africa,3924842.67
2012-10-31,Botswana,Sub-Saharan Africa,5088722.65
2012-11-30,Botswana,Sub-Saharan Africa,5509496.210000001
2012-12-31,Botswana,Sub-Saharan Africa,739127.34
2013-01-31,Botswana,Sub-Saharan Africa,897170.4
2013-02-28,Botswana,Sub-Saharan Africa,0.0
2013-03-31,Botswana,Sub-Saharan Africa,6965584.58
2013-04-30,Botswana,Sub-Saharan Africa,2589253.5
2013-05-31,Botswana,Sub-Saharan Africa,1390733.2
2013-06-30,Botswana,Sub-Saharan Africa,339490.05
2013-07-31,Botswana,Sub-Saharan Africa,2010829.4000000001
2013-08-31,Botswana,Sub-Saharan Africa,6740282.1
2013-09-30,Botswana,Sub-Saharan Africa,6311810.15
2013-10-31,Botswana,Sub-Saharan Africa,1673978.74
2013-11-30,Botswana,Sub-Saharan Africa,4854359.4
2013-12-31,Botswana,Sub-Saharan Africa,8028785.699999999
2014-01-31,Botswana,Sub-Saharan Africa,4556933.13
2014-02-28,Botswana,Sub-Saharan Africa,527464.0700000001
2014-03-31,Botswana,Sub-Saharan Africa,7094493.9
2014-04-30,Botswana,Sub-Saharan Africa,6844456.850000001
2014-05-31,Botswana,Sub-Saharan Africa,0.0
2014-06-30,Botswana,Sub-Saharan Africa,2087493.55
2014-07-31,Botswana,Sub-Saharan Africa,4603729.87
2014-08-31,Botswana,Sub-Saharan Africa,870011.16
2014-09-30,Botswana,Sub-Saharan Africa,522005.76
2014-10-31,Botswana,Sub-Saharan Africa,4091043.84
2014-11-30,Botswana,Sub-Saharan Africa,1122376.8800000001
2014-12-31,Botswana,Sub-Saharan Africa,5660155.41
2015-01-31,Botswana,Sub-Saharan Africa,4960538.4399999995
2015-02-28,Botswana,Sub-Saharan Africa,3003715.4
2015-03-31,Botswana,Sub-Saharan Africa,221701.49
2015-04-30,Botswana,Sub-Saharan Africa,5190739.12
2015-05-31,Botswana,Sub-Saharan Africa,8229842.38
2015-06-30,Botswana,Sub-Saharan Africa,1680571.2600000002
2015-07-31,Botswana,Sub-Saharan Africa,1127624.8800000001
2015-08-31,Botswana,Sub-Saharan Africa,3596224.76
2015-09-30,Botswana,Sub-Saharan Africa,11922626.83
2015-10-31,Botswana,Sub-Saharan Africa,2201564.29
2015-11-30,Botswana,Sub-Saharan Africa,3449466.97
2015-12-31,Botswana,Sub-Saharan Africa,1552340.38
2016-01-31,Botswana,Sub-Saharan Africa,0.0
2016-02-29,Botswana,Sub-Saharan Africa,1314598.9
2016-03-31,Botswana,Sub-Saharan Africa,1300215.71
2016-04-30,Botswana,Sub-Saharan Africa,3231968.1
2016-05-31,Botswana,Sub-Saharan Africa,1959208.1
2016-06-30,Botswana,Sub-Saharan Africa,2080080.9500000002
2016-07-31,Botswana,Sub-Saharan Africa,10365781.08
2016-08-31,Botswana,Sub-Saharan Africa,788915.9
2016-09-30,Botswana,Sub-Saharan Africa,6506719.279999999
2016-10-31,Botswana,Sub-Saharan Africa,6985629.43
2016-11-30,Botswana,Sub-Saharan Africa,1825781.44
2016-12-31,Botswana,Sub-Saharan Africa,2329685.28
2017-01-31,Botswana,Sub-Saharan Africa,7503969.82
2017-02-28,Botswana,Sub-Saharan Africa,4288128.3
2017-03-31,Botswana,Sub-Saharan Africa,2907642.77
2017-04-30,Botswana,Sub-Saharan Africa,1376431.98
2017-05-31,Botswana,Sub-Saharan Africa,5805738.789999999
2017-06-30,Botswana,Sub-Saharan Africa,5300834.21
2010-01-31,Brunei,Asia,2703117.92
2010-02-28,Brunei,Asia,103378.88
2010-03-31,Brunei,Asia,2337389.84
2010-04-30,Brunei,Asia,0.0
2010-05-31,Brunei,Asia,10728414.11
2010-06-30,Brunei,Asia,3670535.22
2010-07-31,Brunei,Asia,4363022.44
2010-08-31,Brunei,Asia,654955.54
2010-09-30,Brunei,Asia,1162964.76
2010-10-31,Brunei,Asia,1642795.26
2010-11-30,Brunei,Asia,8203196.65
2010-12-31,Brunei,Asia,2374433.67
2011-01-31,Brunei,Asia,8715302.11
2011-02-28,Brunei,Asia,737765.41
2011-03-31,Brunei,Asia,4875316.08
2011-04-30,Brunei,Asia,0.0
2011-05-31,Brunei,Asia,6787443.92
2011-06-30,Brunei,Asia,1535672.82
2011-07-31,Brunei,Asia,4872017.15
2011-08-31,Brunei,Asia,4912764.3
2011-09-30,Brunei,Asia,0.0
2011-10-31,Brunei,Asia,3284431.29
2011-11-30,Brunei,Asia,0.0
2011-12-31,Brunei,Asia,1717980.0
2012-01-31,Brunei,Asia,26674.47
2012-02-29,Brunei,Asia,852890.48
2012-03-31,Brunei,Asia,5419452.9
2012-04-30,Brunei,Asia,0.0
2012-05-31,Brunei,Asia,3467107.7800000003
2012-06-30,Brunei,Asia,561665.8300000001
2012-07-31,Brunei,Asia,7648921.6899999995
2012-08-31,Brunei,Asia,7347507.15
2012-09-30,Brunei,Asia,14134229.93
2012-10-31,Brunei,Asia,0.0
2012-11-30,Brunei,Asia,0.0
2012-12-31,Brunei,Asia,4975336.0
2013-01-31,Brunei,Asia,3533435.23
2013-02-28,Brunei,Asia,6025420.550000001
2013-03-31,Brunei,Asia,4867251.350000001
2013-04-30,Brunei,Asia,7254820.77
2013-05-31,Brunei,Asia,321094.15
2013-06-30,Brunei,Asia,8723201.87
2013-07-31,Brunei,Asia,7742194.05
2013-08-31,Brunei,Asia,5933825.52
2013-09-30,Brunei,Asia,4197229.2
2013-10-31,Brunei,Asia,981238.1699999999
2013-11-30,Brunei,Asia,1559681.23
2013-12-31,Brunei,Asia,4228792.23
2014-01-31,Brunei,Asia,8090966.700000001
2014-02-28,Brunei,Asia,1653277.34
2014-03-31,Brunei,Asia,2359281.25
2014-04-30,Brunei,Asia,5714950.87
2014-05-31,Brunei,Asia,430582.05000000005
2014-06-30,Brunei,Asia,12121546.93
2014-07-31,Brunei,Asia,9232953.120000001
2014-08-31,Brunei,Asia,5477786.090000001
2014-09-30,Brunei,Asia,3014554.0599999996
2014-10-31,Brunei,Asia,1006677.7999999999
2014-11-30,Brunei,Asia,2581123.02
2014-12-31,Brunei,Asia,4550469.359999999
2015-01-31,Brunei,Asia,9042937.74
2015-02-28,Brunei,Asia,199529.0
2015-03-31,Brunei,Asia,905081.26
2015-04-30,Brunei,Asia,4325709.74
2015-05-31,Brunei,Asia,3295804.68
2015-06-30,Brunei,Asia,3049091.5500000003
2015-07-31,Brunei,Asia,3707369.6599999997
2015-08-31,Brunei,Asia,4069850.4
2015-09-30,Brunei,Asia,9845103.870000001
2015-10-31,Brunei,Asia,1529401.83
2015-11-30,Brunei,Asia,280315.68000000005
2015-12-31,Brunei,Asia,1903567.68
2016-01-31,Brunei,Asia,5049350.34
2016-02-29,Brunei,Asia,8405239.08
2016-03-31,Brunei,Asia,7134498.42
2016-04-30,Brunei,Asia,6402434.54
2016-05-31,Brunei,Asia,1503776.13
2016-06-30,Brunei,Asia,726883.19
2016-07-31,Brunei,Asia,6031358.91
2016-08-31,Brunei,Asia,8177487.18
2016-09-30,Brunei,Asia,752272.3
2016-10-31,Brunei,Asia,3245528.85
2016-11-30,Brunei,Asia,5835328.119999999
2016-12-31,Brunei,Asia,326761.26
2017-01-31,Brunei,Asia,0.0
2017-02-28,Brunei,Asia,3510111.4699999997
2017-03-31,Brunei,Asia,2247226.3
2017-04-30,Brunei,Asia,0.0
2017-05-31,Brunei,Asia,3713957.55
2017-06-30,Brunei,Asia,3943529.88
2010-01-31,Bulgaria,Europe,7316107.7
2010-02-28,Bulgaria,Europe,0.0
2010-03-31,Bulgaria,Europe,8914464.879999999
2010-04-30,Bulgaria,Europe,7707121.06
2010-05-31,Bulgaria,Europe,1038048.7
2010-06-30,Bulgaria,Europe,2566601.17
2010-07-31,Bulgaria,Europe,0.0
2010-08-31,Bulgaria,Europe,1193556.0
2010-09-30,Bulgaria,Europe,578583.36
2010-10-31,Bulgaria,Europe,4970269.859999999
2010-11-30,Bulgaria,Europe,5807545.78
2010-12-31,Bulgaria,Europe,21907036.5
2011-01-31,Bulgaria,Europe,0.0
2011-02-28,Bulgaria,Europe,958342.4
2011-03-31,Bulgaria,Europe,244513.71000000002
2011-04-30,Bulgaria,Europe,1825559.2
2011-05-31,Bulgaria,Europe,6555745.48
2011-06-30,Bulgaria,Europe,11311019.79
2011-07-31,Bulgaria,Europe,1627357.1800000002
2011-08-31,Bulgaria,Europe,11854247.21
2011-09-30,Bulgaria,Europe,1425925.44
2011-10-31,Bulgaria,Europe,8566435.05
2011-11-30,Bulgaria,Europe,14098395.22
2011-12-31,Bulgaria,Europe,5044630.42
2012-01-31,Bulgaria,Europe,2409386.67
2012-02-29,Bulgaria,Europe,964999.74
2012-03-31,Bulgaria,Europe,772283.7999999999
2012-04-30,Bulgaria,Europe,5006729.0
2012-05-31,Bulgaria,Europe,10326101.29
2012-06-30,Bulgaria,Europe,1390976.3699999999
2012-07-31,Bulgaria,Europe,588222.56
2012-08-31,Bulgaria,Europe,4533654.4
2012-09-30,Bulgaria,Europe,5694831.45
2012-10-31,Bulgaria,Europe,2338118.59
2012-11-30,Bulgaria,Europe,3455321.5
2012-12-31,Bulgaria,Europe,1147174.6
2013-01-31,Bulgaria,Europe,251068.43
2013-02-28,Bulgaria,Europe,3048369.1399999997
2013-03-31,Bulgaria,Europe,4104543.81
2013-04-30,Bulgaria,Europe,760667.67
2013-05-31,Bulgaria,Europe,7049982.06
2013-06-30,Bulgaria,Europe,1865774.12
2013-07-31,Bulgaria,Europe,13593517.129999999
2013-08-31,Bulgaria,Europe,612975.0
2013-09-30,Bulgaria,Europe,1172708.17
2013-10-31,Bulgaria,Europe,3745759.92
2013-11-30,Bulgaria,Europe,75940.2
2013-12-31,Bulgaria,Europe,7624843.66
2014-01-31,Bulgaria,Europe,5860064.02
2014-02-28,Bulgaria,Europe,1779989.8399999999
2014-03-31,Bulgaria,Europe,2865427.19
2014-04-30,Bulgaria,Europe,7598720.21
2014-05-31,Bulgaria,Europe,1462191.22
2014-06-30,Bulgaria,Europe,6738465.54
2014-07-31,Bulgaria,Europe,6434078.109999999
2014-08-31,Bulgaria,Europe,9254556.23
2014-09-30,Bulgaria,Europe,10995002.68
2014-10-31,Bulgaria,Europe,10582832.969999999
2014-11-30,Bulgaria,Europe,2888419.27
2014-12-31,Bulgaria,Europe,1919429.11
2015-01-31,Bulgaria,Europe,11635399.86
2015-02-28,Bulgaria,Europe,309611.25
2015-03-31,Bulgaria,Europe,5050855.87
2015-04-30,Bulgaria,Europe,0.0
2015-05-31,Bulgaria,Europe,1843942.6099999999
2015-06-30,Bulgaria,Europe,2294839.88
2015-07-31,Bulgaria,Europe,1629761.07
2015-08-31,Bulgaria,Europe,785269.49
2015-09-30,Bulgaria,Europe,4976606.69
2015-10-31,Bulgaria,Europe,8523658.24
2015-11-30,Bulgaria,Europe,17485391.27
2015-12-31,Bulgaria,Europe,3392789.53
2016-01-31,Bulgaria,Europe,2627603.5700000003
2016-02-29,Bulgaria,Europe,9670353.54
2016-03-31,Bulgaria,Europe,1667782.4100000001
2016-04-30,Bulgaria,Europe,1289170.19
2016-05-31,Bulgaria,Europe,4424357.2
2016-06-30,Bulgaria,Europe,4057649.57
2016-07-31,Bulgaria,Europe,83960.67
2016-08-31,Bulgaria,Europe,2473100.3000000003
2016-09-30,Bulgaria,Europe,6233444.92
2016-10-31,Bulgaria,Europe,6788510.78
2016-11-30,Bulgaria,Europe,2801270.1
2016-12-31,Bulgaria,Europe,308939.4
2017-01-31,Bulgaria,Europe,1753197.97
2017-02-28,Bulgaria,Europe,0.0
2017-03-31,Bulgaria,Europe,302305.98
2017-04-30,Bulgaria,Europe,3335939.58
2017-05-31,Bulgaria,Europe,1726860.28
2017-06-30,Bulgaria,Europe,3784181.31
2010-01-31,Burkina Faso,Sub-Saharan Africa,4355205.21
2010-02-28,Burkina Faso,Sub-Saharan Africa,5797652.26
2010-03-31,Burkina Faso,Sub-Saharan Africa,8534110.969999999
2010-04-30,Burkina Faso,Sub-Saharan Africa,3121489.17
2010-05-31,Burkina Faso,Sub-Saharan Africa,6004348.24
2010-06-30,Burkina Faso,Sub-Saharan Africa,4658507.42
2010-07-31,Burkina Faso,Sub-Saharan Africa,0.0
2010-08-31,Burkina Faso,Sub-Saharan Africa,1038001.74
2010-09-30,Burkina Faso,Sub-Saharan Africa,7956602.82
2010-10-31,Burkina Faso,Sub-Saharan Africa,1970849.1
2010-11-30,Burkina Faso,Sub-Saharan Africa,709954.74
2010-12-31,Burkina Faso,Sub-Saharan Africa,5655432.73
2011-01-31,Burkina Faso,Sub-Saharan Africa,823598.4500000001
2011-02-28,Burkina Faso,Sub-Saharan Africa,11981590.18
2011-03-31,Burkina Faso,Sub-Saharan Africa,2865387.28
2011-04-30,Burkina Faso,Sub-Saharan Africa,6137248.74
2011-05-31,Burkina Faso,Sub-Saharan Africa,9435724.77
2011-06-30,Burkina Faso,Sub-Saharan Africa,713880.0599999999
2011-07-31,Burkina Faso,Sub-Saharan Africa,1225164.72
2011-08-31,Burkina Faso,Sub-Saharan Africa,0.0
2011-09-30,Burkina Faso,Sub-Saharan Africa,1036933.68
2011-10-31,Burkina Faso,Sub-Saharan Africa,4239958.36
2011-11-30,Burkina Faso,Sub-Saharan Africa,6820196.47
2011-12-31,Burkina Faso,Sub-Saharan Africa,2105287.64
2012-01-31,Burkina Faso,Sub-Saharan Africa,4895328.4
2012-02-29,Burkina Faso,Sub-Saharan Africa,1903323.76
2012-03-31,Burkina Faso,Sub-Saharan Africa,5326409.19
2012-04-30,Burkina Faso,Sub-Saharan Africa,11838485.879999999
2012-05-31,Burkina Faso,Sub-Saharan Africa,1907064.11
2012-06-30,Burkina Faso,Sub-Saharan Africa,4186686.7700000005
2012-07-31,Burkina Faso,Sub-Saharan Africa,1522423.96
2012-08-31,Burkina Faso,Sub-Saharan Africa,805135.55
2012-09-30,Burkina Faso,Sub-Saharan Africa,1985774.93
2012-10-31,Burkina Faso,Sub-Saharan Africa,4188729.66
2012-11-30,Burkina Faso,Sub-Saharan Africa,1169951.6800000002
2012-12-31,Burkina Faso,Sub-Saharan Africa,7534090.3
2013-01-31,Burkina Faso,Sub-Saharan Africa,194839.57
2013-02-28,Burkina Faso,Sub-Saharan Africa,1922612.79
2013-03-31,Burkina Faso,Sub-Saharan Africa,4962674.24
2013-04-30,Burkina Faso,Sub-Saharan Africa,2581553.34
2013-05-31,Burkina Faso,Sub-Saharan Africa,9116567.879999999
2013-06-30,Burkina Faso,Sub-Saharan Africa,6028253.52
2013-07-31,Burkina Faso,Sub-Saharan Africa,1892152.8900000001
2013-08-31,Burkina Faso,Sub-Saharan Africa,0.0
2013-09-30,Burkina Faso,Sub-Saharan Africa,2853452.25
2013-10-31,Burkina Faso,Sub-Saharan Africa,3439860.4
2013-11-30,Burkina Faso,Sub-Saharan Africa,7651195.15
2013-12-31,Burkina Faso,Sub-Saharan Africa,920842.59
2014-01-31,Burkina Faso,Sub-Saharan Africa,0.0
2014-02-28,Burkina Faso,Sub-Saharan Africa,2097122.21
2014-03-31,Burkina Faso,Sub-Saharan Africa,2259002.94
2014-04-30,Burkina Faso,Sub-Saharan Africa,364230.54
2014-05-31,Burkina Faso,Sub-Saharan Africa,5582570.18
2014-06-30,Burkina Faso,Sub-Saharan Africa,0.0
2014-07-31,Burkina Faso,Sub-Saharan Africa,3432575.54
2014-08-31,Burkina Faso,Sub-Saharan Africa,3505413.06
2014-09-30,Burkina Faso,Sub-Saharan Africa,885541.5499999999
2014-10-31,Burkina Faso,Sub-Saharan Africa,1882832.34
2014-11-30,Burkina Faso,Sub-Saharan Africa,7865937.71
2014-12-31,Burkina Faso,Sub-Saharan Africa,775761.0
2015-01-31,Burkina Faso,Sub-Saharan Africa,2430553.59
2015-02-28,Burkina Faso,Sub-Saharan Africa,4313014.58
2015-03-31,Burkina Faso,Sub-Saharan Africa,4819051.24
2015-04-30,Burkina Faso,Sub-Saharan Africa,2787483.7800000003
2015-05-31,Burkina Faso,Sub-Saharan Africa,2194598.68
2015-06-30,Burkina Faso,Sub-Saharan Africa,289764.36
2015-07-31,Burkina Faso,Sub-Saharan Africa,5489084.74
2015-08-31,Burkina Faso,Sub-Saharan Africa,6751730.3100000005
2015-09-30,Burkina Faso,Sub-Saharan Africa,4917698.15
2015-10-31,Burkina Faso,Sub-Saharan Africa,1740738.65
2015-11-30,Burkina Faso,Sub-Saharan Africa,3170283.44
2015-12-31,Burkina Faso,Sub-Saharan Africa,2437968.54
2016-01-31,Burkina Faso,Sub-Saharan Africa,7372151.6899999995
2016-02-29,Burkina Faso,Sub-Saharan Africa,625888.34
2016-03-31,Burkina Faso,Sub-Saharan Africa,710429.28
2016-04-30,Burkina Faso,Sub-Saharan Africa,1891401.37
2016-05-31,Burkina Faso,Sub-Saharan Africa,5098428.04
2016-06-30,Burkina Faso,Sub-Saharan Africa,5296524.93
2016-07-31,Burkina Faso,Sub-Saharan Africa,7680221.670000001
2016-08-31,Burkina Faso,Sub-Saharan Africa,12721909.14
2016-09-30,Burkina Faso,Sub-Saharan Africa,695241.2100000001
2016-10-31,Burkina Faso,Sub-Saharan Africa,819870.74
2016-11-30,Burkina Faso,Sub-Saharan Africa,7891302.51
2016-12-31,Burkina Faso,Sub-Saharan Africa,4746839.140000001
2017-01-31,Burkina Faso,Sub-Saharan Africa,0.0
2017-02-28,Burkina Faso,Sub-Saharan Africa,1003035.81
2017-03-31,Burkina Faso,Sub-Saharan Africa,3331870.52
2017-04-30,Burkina Faso,Sub-Saharan Africa,3581617.62
2017-05-31,Burkina Faso,Sub-Saharan Africa,371883.74
2017-06-30,Burkina Faso,Sub-Saharan Africa,6338921.68
2010-01-31,Burundi,Sub-Saharan Africa,5572978.35
2010-02-28,Burundi,Sub-Saharan Africa,8144856.67
2010-03-31,Burundi,Sub-Saharan Africa,3439015.2
2010-04-30,Burundi,Sub-Saharan Africa,356928.07
2010-05-31,Burundi,Sub-Saharan Africa,2662535.15
2010-06-30,Burundi,Sub-Saharan Africa,3877632.18
2010-07-31,Burundi,Sub-Saharan Africa,16110371.280000001
2010-08-31,Burundi,Sub-Saharan Africa,14121501.67
2010-09-30,Burundi,Sub-Saharan Africa,6945185.5600000005
2010-10-31,Burundi,Sub-Saharan Africa,9066848.790000001
2010-11-30,Burundi,Sub-Saharan Africa,265957.25
2010-12-31,Burundi,Sub-Saharan Africa,12159092.02
2011-01-31,Burundi,Sub-Saharan Africa,5845439.459999999
2011-02-28,Burundi,Sub-Saharan Africa,1285101.62
2011-03-31,Burundi,Sub-Saharan Africa,586975.26
2011-04-30,Burundi,Sub-Saharan Africa,3882879.4499999997
2011-05-31,Burundi,Sub-Saharan Africa,7827301.18
2011-06-30,Burundi,Sub-Saharan Africa,723541.35
2011-07-31,Burundi,Sub-Saharan Africa,2379292.7800000003
2011-08-31,Burundi,Sub-Saharan Africa,293106.18
2011-09-30,Burundi,Sub-Saharan Africa,8781219.360000001
2011-10-31,Burundi,Sub-Saharan Africa,10867768.16
2011-11-30,Burundi,Sub-Saharan Africa,2177645.63
2011-12-31,Burundi,Sub-Saharan Africa,1126776.85
2012-01-31,Burundi,Sub-Saharan Africa,1333701.78
2012-02-29,Burundi,Sub-Saharan Africa,0.0
2012-03-31,Burundi,Sub-Saharan Africa,1560262.06
2012-04-30,Burundi,Sub-Saharan Africa,2522100.5999999996
2012-05-31,Burundi,Sub-Saharan Africa,9945006.17
2012-06-30,Burundi,Sub-Saharan Africa,1436455.44
2012-07-31,Burundi,Sub-Saharan Africa,12208991.360000001
2012-08-31,Burundi,Sub-Saharan Africa,2105640.93
2012-09-30,Burundi,Sub-Saharan Africa,56420.600000000006
2012-10-31,Burundi,Sub-Saharan Africa,2801694.02
2012-11-30,Burundi,Sub-Saharan Africa,5877231.48
2012-12-31,Burundi,Sub-Saharan Africa,1176841.22
2013-01-31,Burundi,Sub-Saharan Africa,3971284.91
2013-02-28,Burundi,Sub-Saharan Africa,1737103.23
2013-03-31,Burundi,Sub-Saharan Africa,5285138.23
2013-04-30,Burundi,Sub-Saharan Africa,6723478.97
2013-05-31,Burundi,Sub-Saharan Africa,708680.8
2013-06-30,Burundi,Sub-Saharan Africa,15952980.17
2013-07-31,Burundi,Sub-Saharan Africa,2726773.08
2013-08-31,Burundi,Sub-Saharan Africa,14235661.56
2013-09-30,Burundi,Sub-Saharan Africa,4466519.49
2013-10-31,Burundi,Sub-Saharan Africa,5116770.82
2013-11-30,Burundi,Sub-Saharan Africa,3623892.05
2013-12-31,Burundi,Sub-Saharan Africa,12357817.49
2014-01-31,Burundi,Sub-Saharan Africa,1149192.94
2014-02-28,Burundi,Sub-Saharan Africa,0.0
2014-03-31,Burundi,Sub-Saharan Africa,4385180.09
2014-04-30,Burundi,Sub-Saharan Africa,937828.36
2014-05-31,Burundi,Sub-Saharan Africa,6263990.34
2014-06-30,Burundi,Sub-Saharan Africa,7036136.49
2014-07-31,Burundi,Sub-Saharan Africa,2983257.4499999997
2014-08-31,Burundi,Sub-Saharan Africa,10346941.379999999
2014-09-30,Burundi,Sub-Saharan Africa,2291587.8
2014-10-31,Burundi,Sub-Saharan Africa,4643540.71
2014-11-30,Burundi,Sub-Saharan Africa,2425782.58
2014-12-31,Burundi,Sub-Saharan Africa,756870.48
2015-01-31,Burundi,Sub-Saharan Africa,5304213.36
2015-02-28,Burundi,Sub-Saharan Africa,8170039.54
2015-03-31,Burundi,Sub-Saharan Africa,2465915.71
2015-04-30,Burundi,Sub-Saharan Africa,2099871.6
2015-05-31,Burundi,Sub-Saharan Africa,1150758.36
2015-06-30,Burundi,Sub-Saharan Africa,210350.72
2015-07-31,Burundi,Sub-Saharan Africa,3222039.4
2015-08-31,Burundi,Sub-Saharan Africa,6310283.14
2015-09-30,Burundi,Sub-Saharan Africa,3750177.1900000004
2015-10-31,Burundi,Sub-Saharan Africa,1350473.1
2015-11-30,Burundi,Sub-Saharan Africa,2979640.2199999997
2015-12-31,Burundi,Sub-Saharan Africa,2380531.45
2016-01-31,Burundi,Sub-Saharan Africa,3355334.68
2016-02-29,Burundi,Sub-Saharan Africa,334156.14
2016-03-31,Burundi,Sub-Saharan Africa,11466195.73
2016-04-30,Burundi,Sub-Saharan Africa,3638591.68
2016-05-31,Burundi,Sub-Saharan Africa,2958867.0
2016-06-30,Burundi,Sub-Saharan Africa,651308.8
2016-07-31,Burundi,Sub-Saharan Africa,1952535.2
2016-08-31,Burundi,Sub-Saharan Africa,90622.29
2016-09-30,Burundi,Sub-Saharan Africa,0.0
2016-10-31,Burundi,Sub-Saharan Africa,2665256.55
2016-11-30,Burundi,Sub-Saharan Africa,4144837.8200000003
2016-12-31,Burundi,Sub-Saharan Africa,71263.6
2017-01-31,Burundi,Sub-Saharan Africa,3745193.62
2017-02-28,Burundi,Sub-Saharan Africa,2424454.83
2017-03-31,Burundi,Sub-Saharan Africa,6867390.279999999
2017-04-30,Burundi,Sub-Saharan Africa,12312625.62
2017-05-31,Burundi,Sub-Saharan Africa,245953.45
2017-06-30,Burundi,Sub-Saharan Africa,4951828.69
2010-02-28,Cambodia,Asia,3890588.31
2010-03-31,Cambodia,Asia,7114666.66
2010-04-30,Cambodia,Asia,12001584.879999999
2010-05-31,Cambodia,Asia,819462.3300000001
2010-06-30,Cambodia,Asia,1636783.68
2010-07-31,Cambodia,Asia,4654483.88
2010-08-31,Cambodia,Asia,252218.78
2010-09-30,Cambodia,Asia,210801.12
2010-10-31,Cambodia,Asia,2660621.59
2010-11-30,Cambodia,Asia,3421936.3899999997
2010-12-31,Cambodia,Asia,1086034.38
2011-01-31,Cambodia,Asia,1838815.71
2011-02-28,Cambodia,Asia,4020428.5
2011-03-31,Cambodia,Asia,513664.79
2011-04-30,Cambodia,Asia,8248971.0600000005
2011-05-31,Cambodia,Asia,41686.44
2011-06-30,Cambodia,Asia,2427133.17
2011-07-31,Cambodia,Asia,869706.0
2011-08-31,Cambodia,Asia,4740850.409999999
2011-09-30,Cambodia,Asia,4489319.0
2011-10-31,Cambodia,Asia,1565384.84
2011-11-30,Cambodia,Asia,8095735.5600000005
2011-12-31,Cambodia,Asia,238009.2
2012-01-31,Cambodia,Asia,1949862.1400000001
2012-02-29,Cambodia,Asia,3589634.02
2012-03-31,Cambodia,Asia,7366405.06
2012-04-30,Cambodia,Asia,4427407.42
2012-05-31,Cambodia,Asia,3886329.56
2012-06-30,Cambodia,Asia,1440291.88
2012-07-31,Cambodia,Asia,3610142.28
2012-08-31,Cambodia,Asia,560857.1
2012-09-30,Cambodia,Asia,2297468.88
2012-10-31,Cambodia,Asia,2065951.6
2012-11-30,Cambodia,Asia,5509660.819999999
2012-12-31,Cambodia,Asia,2016771.52
2013-01-31,Cambodia,Asia,10249285.71
2013-02-28,Cambodia,Asia,3363656.02
2013-03-31,Cambodia,Asia,8406854.290000001
2013-04-30,Cambodia,Asia,563351.61
2013-05-31,Cambodia,Asia,4931374.680000001
2013-06-30,Cambodia,Asia,1217382.12
2013-07-31,Cambodia,Asia,3143390.67
2013-08-31,Cambodia,Asia,1290521.64
2013-09-30,Cambodia,Asia,0.0
2013-10-31,Cambodia,Asia,11078727.79
2013-11-30,Cambodia,Asia,6987496.77
2013-12-31,Cambodia,Asia,13997204.52
2014-01-31,Cambodia,Asia,2948941.1
2014-02-28,Cambodia,Asia,190369.4
2014-03-31,Cambodia,Asia,1423876.56
2014-04-30,Cambodia,Asia,3605998.1500000004
2014-05-31,Cambodia,Asia,3034762.36
2014-06-30,Cambodia,Asia,8324643.05
2014-07-31,Cambodia,Asia,8823187.67
2014-08-31,Cambodia,Asia,4525833.65
2014-09-30,Cambodia,Asia,3527994.1799999997
2014-10-31,Cambodia,Asia,5958731.78
2014-11-30,Cambodia,Asia,714892.31
2014-12-31,Cambodia,Asia,10153723.39
2015-01-31,Cambodia,Asia,387469.95
2015-02-28,Cambodia,Asia,1113734.71
2015-03-31,Cambodia,Asia,748577.5399999999
2015-04-30,Cambodia,Asia,3295726.12
2015-05-31,Cambodia,Asia,4624478.33
2015-06-30,Cambodia,Asia,1934045.58
2015-07-31,Cambodia,Asia,3175867.0300000003
2015-08-31,Cambodia,Asia,6540623.88
2015-09-30,Cambodia,Asia,1845091.2799999998
2015-10-31,Cambodia,Asia,4879086.38
2015-11-30,Cambodia,Asia,5558757.49
2015-12-31,Cambodia,Asia,3979936.12
2016-01-31,Cambodia,Asia,415347.24
2016-02-29,Cambodia,Asia,8463347.93
2016-03-31,Cambodia,Asia,13622044.8
2016-04-30,Cambodia,Asia,3252934.13
2016-05-31,Cambodia,Asia,5054040.81
2016-06-30,Cambodia,Asia,560044.21
2016-07-31,Cambodia,Asia,4938578.34
2016-08-31,Cambodia,Asia,666791.36
2016-09-30,Cambodia,Asia,72503.6
2016-10-31,Cambodia,Asia,8353162.140000001
2016-11-30,Cambodia,Asia,1957844.75
2016-12-31,Cambodia,Asia,988881.6799999999
2017-01-31,Cambodia,Asia,1236465.2000000002
2017-02-28,Cambodia,Asia,100293.06
2017-03-31,Cambodia,Asia,6453229.4399999995
2017-04-30,Cambodia,Asia,2029451.79
2017-05-31,Cambodia,Asia,6042897.57
2017-06-30,Cambodia,Asia,7789047.55
2010-01-31,Cameroon,Sub-Saharan Africa,7862519.699999999
2010-02-28,Cameroon,Sub-Saharan Africa,0.0
2010-03-31,Cameroon,Sub-Saharan Africa,687149.0
2010-04-30,Cameroon,Sub-Saharan Africa,10462725.68
2010-05-31,Cameroon,Sub-Saharan Africa,1287589.1800000002
2010-06-30,Cameroon,Sub-Saharan Africa,2472679.0
2010-07-31,Cameroon,Sub-Saharan Africa,2687721.79
2010-08-31,Cameroon,Sub-Saharan Africa,8886509.53
2010-09-30,Cameroon,Sub-Saharan Africa,2256886.83
2010-10-31,Cameroon,Sub-Saharan Africa,2138606.84
2010-11-30,Cameroon,Sub-Saharan Africa,4024760.19
2010-12-31,Cameroon,Sub-Saharan Africa,8372257.209999999
2011-01-31,Cameroon,Sub-Saharan Africa,2885759.9299999997
2011-02-28,Cameroon,Sub-Saharan Africa,2807271.66
2011-03-31,Cameroon,Sub-Saharan Africa,3052899.12
2011-04-30,Cameroon,Sub-Saharan Africa,1374487.4
2011-05-31,Cameroon,Sub-Saharan Africa,7985683.09
2011-06-30,Cameroon,Sub-Saharan Africa,551070.3
2011-07-31,Cameroon,Sub-Saharan Africa,482452.19
2011-08-31,Cameroon,Sub-Saharan Africa,8666426.37
2011-09-30,Cameroon,Sub-Saharan Africa,4401894.54
2011-10-31,Cameroon,Sub-Saharan Africa,12404760.67
2011-11-30,Cameroon,Sub-Saharan Africa,6571856.19
2011-12-31,Cameroon,Sub-Saharan Africa,1713048.6400000001
2012-01-31,Cameroon,Sub-Saharan Africa,368942.85
2012-02-29,Cameroon,Sub-Saharan Africa,7723145.03
2012-03-31,Cameroon,Sub-Saharan Africa,3339731.4400000004
2012-04-30,Cameroon,Sub-Saharan Africa,6555700.41
2012-05-31,Cameroon,Sub-Saharan Africa,8935466.059999999
2012-06-30,Cameroon,Sub-Saharan Africa,3494158.6300000004
2012-07-31,Cameroon,Sub-Saharan Africa,6031264.6
2012-08-31,Cameroon,Sub-Saharan Africa,533877.42
2012-09-30,Cameroon,Sub-Saharan Africa,2495381.85
2012-10-31,Cameroon,Sub-Saharan Africa,6433865.32
2012-11-30,Cameroon,Sub-Saharan Africa,2409147.53
2012-12-31,Cameroon,Sub-Saharan Africa,4480290.69
2013-01-31,Cameroon,Sub-Saharan Africa,638710.56
2013-02-28,Cameroon,Sub-Saharan Africa,1662619.04
2013-03-31,Cameroon,Sub-Saharan Africa,1857545.04
2013-04-30,Cameroon,Sub-Saharan Africa,4016057.3299999996
2013-05-31,Cameroon,Sub-Saharan Africa,3600541.23
2013-06-30,Cameroon,Sub-Saharan Africa,1675969.26
2013-07-31,Cameroon,Sub-Saharan Africa,4434821.5200000005
2013-08-31,Cameroon,Sub-Saharan Africa,3416445.3
2013-09-30,Cameroon,Sub-Saharan Africa,11557577.86
2013-10-31,Cameroon,Sub-Saharan Africa,1205813.4
2013-11-30,Cameroon,Sub-Saharan Africa,4450009.93
2013-12-31,Cameroon,Sub-Saharan Africa,2292467.83
2014-01-31,Cameroon,Sub-Saharan Africa,4966250.19
2014-02-28,Cameroon,Sub-Saharan Africa,891579.8099999999
2014-03-31,Cameroon,Sub-Saharan Africa,2612454.71
2014-04-30,Cameroon,Sub-Saharan Africa,5048551.04
2014-05-31,Cameroon,Sub-Saharan Africa,2177915.5500000003
2014-06-30,Cameroon,Sub-Saharan Africa,546159.34
2014-07-31,Cameroon,Sub-Saharan Africa,379063.74
2014-08-31,Cameroon,Sub-Saharan Africa,11279954.66
2014-09-30,Cameroon,Sub-Saharan Africa,5470303.86
2014-10-31,Cameroon,Sub-Saharan Africa,7040235.720000001
2014-11-30,Cameroon,Sub-Saharan Africa,5283781.3
2014-12-31,Cameroon,Sub-Saharan Africa,8918400.08
2015-01-31,Cameroon,Sub-Saharan Africa,0.0
2015-02-28,Cameroon,Sub-Saharan Africa,3296267.26
2015-03-31,Cameroon,Sub-Saharan Africa,882917.86
2015-04-30,Cameroon,Sub-Saharan Africa,2797154.8
2015-05-31,Cameroon,Sub-Saharan Africa,527153.2
2015-06-30,Cameroon,Sub-Saharan Africa,1957298.1
2015-07-31,Cameroon,Sub-Saharan Africa,12131581.44
2015-08-31,Cameroon,Sub-Saharan Africa,1052789.52
2015-09-30,Cameroon,Sub-Saharan Africa,125824.38
2015-10-31,Cameroon,Sub-Saharan Africa,8319779.03
2015-11-30,Cameroon,Sub-Saharan Africa,5311499.76
2015-12-31,Cameroon,Sub-Saharan Africa,1344043.8
2016-01-31,Cameroon,Sub-Saharan Africa,1267303.37
2016-02-29,Cameroon,Sub-Saharan Africa,1779109.02
2016-03-31,Cameroon,Sub-Saharan Africa,1496196.08
2016-04-30,Cameroon,Sub-Saharan Africa,655591.26
2016-05-31,Cameroon,Sub-Saharan Africa,546573.64
2016-06-30,Cameroon,Sub-Saharan Africa,7639156.55
2016-07-31,Cameroon,Sub-Saharan Africa,7989447.97
2016-08-31,Cameroon,Sub-Saharan Africa,3011500.94
2016-09-30,Cameroon,Sub-Saharan Africa,6062814.57
2016-10-31,Cameroon,Sub-Saharan Africa,3960535.54
2016-11-30,Cameroon,Sub-Saharan Africa,2933806.66
2016-12-31,Cameroon,Sub-Saharan Africa,7508994.42
2017-01-31,Cameroon,Sub-Saharan Africa,1068200.1
2017-02-28,Cameroon,Sub-Saharan Africa,14370603.41
2017-03-31,Cameroon,Sub-Saharan Africa,9403280.26
2017-04-30,Cameroon,Sub-Saharan Africa,4874123.84
2017-05-31,Cameroon,Sub-Saharan Africa,4890888.7
2017-06-30,Cameroon,Sub-Saharan Africa,389259.52999999997
2010-01-31,Canada,North America,3427368.22
2010-02-28,Canada,North America,0.0
2010-03-31,Canada,North America,8760324.34
2010-04-30,Canada,North America,1291926.0
2010-05-31,Canada,North America,14159019.03
2010-06-30,Canada,North America,5603443.95
2010-07-31,Canada,North America,428596.16
2010-08-31,Canada,North America,4059427.67
2010-09-30,Canada,North America,5155141.399999999
2010-10-31,Canada,North America,3619007.49
2010-11-30,Canada,North America,1603833.06
2010-12-31,Canada,North America,10760407.83
2011-01-31,Canada,North America,4774300.16
2011-02-28,Canada,North America,3383642.8200000003
2011-03-31,Canada,North America,3271834.59
2011-04-30,Canada,North America,1030572.8600000001
2011-05-31,Canada,North America,1261434.32
2011-06-30,Canada,North America,4419245.859999999
2011-07-31,Canada,North America,5815606.88
2011-08-31,Canada,North America,70908.0
2011-09-30,Canada,North America,9127112.23
2011-10-31,Canada,North America,5383066.92
2011-11-30,Canada,North America,2119944.1999999997
2011-12-31,Canada,North America,8543841.39
2012-01-31,Canada,North America,0.0
2012-02-29,Canada,North America,3868723.5
2012-03-31,Canada,North America,8864285.98
2012-04-30,Canada,North America,3718067.7199999997
2012-05-31,Canada,North America,9981307.809999999
2012-06-30,Canada,North America,33839.91
2012-07-31,Canada,North America,2874366.05
2012-08-31,Canada,North America,3530277.4000000004
2012-09-30,Canada,North America,5367087.04
2012-10-31,Canada,North America,6832094.14
2012-11-30,Canada,North America,1786504.5
2012-12-31,Canada,North America,6803218.41
2013-01-31,Canada,North America,0.0
2013-02-28,Canada,North America,0.0
2013-03-31,Canada,North America,74425.41
2013-04-30,Canada,North America,2371815.11
2013-05-31,Canada,North America,0.0
2013-06-30,Canada,North America,7723260.550000001
2013-07-31,Canada,North America,3783475.19
2013-08-31,Canada,North America,0.0
2013-09-30,Canada,North America,5222208.83
2013-10-31,Canada,North America,1290714.88
2013-11-30,Canada,North America,2001598.58
2013-12-31,Canada,North America,6143762.93
2014-01-31,Canada,North America,4008811.62
2014-02-28,Canada,North America,0.0
2014-03-31,Canada,North America,3588195.16
2014-04-30,Canada,North America,1087316.4
2014-05-31,Canada,North America,4511403.0600000005
2014-06-30,Canada,North America,1261434.34
2014-07-31,Canada,North America,9263343.3
2014-08-31,Canada,North America,7485740.87
2014-09-30,Canada,North America,65580.0
2014-10-31,Canada,North America,767413.24
2014-11-30,Canada,North America,9808605.94
2014-12-31,Canada,North America,2092591.79
2015-01-31,Canada,North America,13304851.94
2015-02-28,Canada,North America,1774410.19
2015-03-31,Canada,North America,1734389.79
2015-04-30,Canada,North America,499197.69
2015-05-31,Canada,North America,2666955.37
2015-06-30,Canada,North America,8556009.44
2015-07-31,Canada,North America,5139474.390000001
2015-08-31,Canada,North America,6464284.43
2015-09-30,Canada,North America,2855862.54
2015-10-31,Canada,North America,12521118.370000001
2015-11-30,Canada,North America,3324486.46
2015-12-31,Canada,North America,989753.94
2016-01-31,Canada,North America,8072987.68
2016-02-29,Canada,North America,281505.28
2016-03-31,Canada,North America,516483.3
2016-04-30,Canada,North America,6611221.93
2016-05-31,Canada,North America,4810875.73
2016-06-30,Canada,North America,193358.75
2016-07-31,Canada,North America,7512732.800000001
2016-08-31,Canada,North America,1098857.92
2016-09-30,Canada,North America,1256472.0
2016-10-31,Canada,North America,14296227.92
2016-11-30,Canada,North America,9182713.58
2016-12-31,Canada,North America,3867337.65
2017-01-31,Canada,North America,2118819.42
2017-02-28,Canada,North America,9543146.09
2017-03-31,Canada,North America,2449325.75
2017-04-30,Canada,North America,5454843.89
2017-05-31,Canada,North America,1990047.71
2017-06-30,Canada,North America,3383025.98
2010-01-31,Cape Verde,Sub-Saharan Africa,2865884.06
2010-02-28,Cape Verde,Sub-Saharan Africa,1384671.48
2010-03-31,Cape Verde,Sub-Saharan Africa,2009129.28
2010-04-30,Cape Verde,Sub-Saharan Africa,6210512.5
2010-05-31,Cape Verde,Sub-Saharan Africa,2211969.2399999998
2010-06-30,Cape Verde,Sub-Saharan Africa,374807.47
2010-07-31,Cape Verde,Sub-Saharan Africa,1179255.41
2010-08-31,Cape Verde,Sub-Saharan Africa,4709292.899999999
2010-09-30,Cape Verde,Sub-Saharan Africa,3279118.4699999997
2010-10-31,Cape Verde,Sub-Saharan Africa,3893920.7
2010-11-30,Cape Verde,Sub-Saharan Africa,5204054.87
2010-12-31,Cape Verde,Sub-Saharan Africa,4101251.4000000004
2011-01-31,Cape Verde,Sub-Saharan Africa,3595502.39
2011-02-28,Cape Verde,Sub-Saharan Africa,3806414.58
2011-03-31,Cape Verde,Sub-Saharan Africa,4388281.859999999
2011-04-30,Cape Verde,Sub-Saharan Africa,1537263.16
2011-05-31,Cape Verde,Sub-Saharan Africa,10467541.35
2011-06-30,Cape Verde,Sub-Saharan Africa,1425144.42
2011-07-31,Cape Verde,Sub-Saharan Africa,971836.49
2011-08-31,Cape Verde,Sub-Saharan Africa,546999.3
2011-09-30,Cape Verde,Sub-Saharan Africa,7236567.66
2011-10-31,Cape Verde,Sub-Saharan Africa,7559741.43
2011-11-30,Cape Verde,Sub-Saharan Africa,7737776.46
2011-12-31,Cape Verde,Sub-Saharan Africa,5674655.140000001
2012-01-31,Cape Verde,Sub-Saharan Africa,6648901.64
2012-02-29,Cape Verde,Sub-Saharan Africa,2660179.14
2012-03-31,Cape Verde,Sub-Saharan Africa,4273353.33
2012-04-30,Cape Verde,Sub-Saharan Africa,1964701.49
2012-05-31,Cape Verde,Sub-Saharan Africa,4315816.28
2012-06-30,Cape Verde,Sub-Saharan Africa,3883100.27
2012-07-31,Cape Verde,Sub-Saharan Africa,4402406.8
2012-08-31,Cape Verde,Sub-Saharan Africa,2577712.6799999997
2012-09-30,Cape Verde,Sub-Saharan Africa,7240065.3100000005
2012-10-31,Cape Verde,Sub-Saharan Africa,6554754.779999999
2012-11-30,Cape Verde,Sub-Saharan Africa,2658738.62
2012-12-31,Cape Verde,Sub-Saharan Africa,2516805.52
2013-01-31,Cape Verde,Sub-Saharan Africa,1979416.8199999998
2013-02-28,Cape Verde,Sub-Saharan Africa,1776857.04
2013-03-31,Cape Verde,Sub-Saharan Africa,2056263.1099999999
2013-04-30,Cape Verde,Sub-Saharan Africa,12028142.879999999
2013-05-31,Cape Verde,Sub-Saharan Africa,2448030.02
2013-06-30,Cape Verde,Sub-Saharan Africa,674012.5
2013-07-31,Cape Verde,Sub-Saharan Africa,7160782.13
2013-08-31,Cape Verde,Sub-Saharan Africa,7913200.96
2013-09-30,Cape Verde,Sub-Saharan Africa,6896638.319999999
2013-10-31,Cape Verde,Sub-Saharan Africa,522152.15
2013-11-30,Cape Verde,Sub-Saharan Africa,2521272.7199999997
2013-12-31,Cape Verde,Sub-Saharan Africa,1333324.13
2014-01-31,Cape Verde,Sub-Saharan Africa,5637988.77
2014-02-28,Cape Verde,Sub-Saharan Africa,1789721.71
2014-03-31,Cape Verde,Sub-Saharan Africa,1876818.56
2014-04-30,Cape Verde,Sub-Saharan Africa,1713791.81
2014-05-31,Cape Verde,Sub-Saharan Africa,7282332.04
2014-06-30,Cape Verde,Sub-Saharan Africa,9598166.549999999
2014-07-31,Cape Verde,Sub-Saharan Africa,4189480.02
2014-08-31,Cape Verde,Sub-Saharan Africa,4934163.6899999995
2014-09-30,Cape Verde,Sub-Saharan Africa,2548478.71
2014-10-31,Cape Verde,Sub-Saharan Africa,15177231.75
2014-11-30,Cape Verde,Sub-Saharan Africa,9503587.680000002
2014-12-31,Cape Verde,Sub-Saharan Africa,5452003.45
2015-01-31,Cape Verde,Sub-Saharan Africa,3319483.79
2015-02-28,Cape Verde,Sub-Saharan Africa,1404732.5699999998
2015-03-31,Cape Verde,Sub-Saharan Africa,12923478.48
2015-04-30,Cape Verde,Sub-Saharan Africa,268874.58
2015-05-31,Cape Verde,Sub-Saharan Africa,1020272.0
2015-06-30,Cape Verde,Sub-Saharan Africa,17378578.53
2015-07-31,Cape Verde,Sub-Saharan Africa,3497066.8800000004
2015-08-31,Cape Verde,Sub-Saharan Africa,355748.02
2015-09-30,Cape Verde,Sub-Saharan Africa,739455.23
2015-10-31,Cape Verde,Sub-Saharan Africa,13677.78
2015-11-30,Cape Verde,Sub-Saharan Africa,2053503.1
2015-12-31,Cape Verde,Sub-Saharan Africa,10542937.49
2016-01-31,Cape Verde,Sub-Saharan Africa,3312050.13
2016-02-29,Cape Verde,Sub-Saharan Africa,7148331.36
2016-03-31,Cape Verde,Sub-Saharan Africa,1043842.56
2016-04-30,Cape Verde,Sub-Saharan Africa,10643596.61
2016-05-31,Cape Verde,Sub-Saharan Africa,369589.94
2016-06-30,Cape Verde,Sub-Saharan Africa,8031633.87
2016-07-31,Cape Verde,Sub-Saharan Africa,544019.65
2016-08-31,Cape Verde,Sub-Saharan Africa,14632770.25
2016-09-30,Cape Verde,Sub-Saharan Africa,2374433.2
2016-10-31,Cape Verde,Sub-Saharan Africa,7447429.359999999
2016-11-30,Cape Verde,Sub-Saharan Africa,9353004.46
2016-12-31,Cape Verde,Sub-Saharan Africa,10040832.120000001
2017-01-31,Cape Verde,Sub-Saharan Africa,10403179.48
2017-02-28,Cape Verde,Sub-Saharan Africa,1664560.7400000002
2017-03-31,Cape Verde,Sub-Saharan Africa,6383482.71
2017-04-30,Cape Verde,Sub-Saharan Africa,6231299.449999999
2017-05-31,Cape Verde,Sub-Saharan Africa,6598271.49
2017-06-30,Cape Verde,Sub-Saharan Africa,4285768.28
2010-01-31,Central African Republic,Sub-Saharan Africa,1486892.1
2010-02-28,Central African Republic,Sub-Saharan Africa,3175682.77
2010-03-31,Central African Republic,Sub-Saharan Africa,279538.24
2010-04-30,Central African Republic,Sub-Saharan Africa,9475129.27
2010-05-31,Central African Republic,Sub-Saharan Africa,1362386.82
2010-06-30,Central African Republic,Sub-Saharan Africa,156837.3
2010-07-31,Central African Republic,Sub-Saharan Africa,6005922.95
2010-08-31,Central African Republic,Sub-Saharan Africa,943010.2200000001
2010-09-30,Central African Republic,Sub-Saharan Africa,7466813.2
2010-10-31,Central African Republic,Sub-Saharan Africa,5698041.680000001
2010-11-30,Central African Republic,Sub-Saharan Africa,3313369.84
2010-12-31,Central African Republic,Sub-Saharan Africa,2489666.02
2011-01-31,Central African Republic,Sub-Saharan Africa,7515959.37
2011-02-28,Central African Republic,Sub-Saharan Africa,2568957.17
2011-03-31,Central African Republic,Sub-Saharan Africa,4131303.2800000003
2011-04-30,Central African Republic,Sub-Saharan Africa,9581024.28
2011-05-31,Central African Republic,Sub-Saharan Africa,4139721.7600000002
2011-06-30,Central African Republic,Sub-Saharan Africa,6452849.61
2011-07-31,Central African Republic,Sub-Saharan Africa,4893321.45
2011-08-31,Central African Republic,Sub-Saharan Africa,4466181.28
2011-09-30,Central African Republic,Sub-Saharan Africa,4744614.8
2011-10-31,Central African Republic,Sub-Saharan Africa,0.0
2011-11-30,Central African Republic,Sub-Saharan Africa,8112176.94
2011-12-31,Central African Republic,Sub-Saharan Africa,5395286.359999999
2012-01-31,Central African Republic,Sub-Saharan Africa,9834233.99
2012-02-29,Central African Republic,Sub-Saharan Africa,12323850.95
2012-03-31,Central African Republic,Sub-Saharan Africa,1979204.4
2012-04-30,Central African Republic,Sub-Saharan Africa,214685.31
2012-05-31,Central African Republic,Sub-Saharan Africa,8442729.11
2012-06-30,Central African Republic,Sub-Saharan Africa,9172029.55
2012-07-31,Central African Republic,Sub-Saharan Africa,0.0
2012-08-31,Central African Republic,Sub-Saharan Africa,747365.92
2012-09-30,Central African Republic,Sub-Saharan Africa,419422.3
2012-10-31,Central African Republic,Sub-Saharan Africa,2222438.52
2012-11-30,Central African Republic,Sub-Saharan Africa,7613437.57
2012-12-31,Central African Republic,Sub-Saharan Africa,5955416.35
2013-01-31,Central African Republic,Sub-Saharan Africa,791963.7
2013-02-28,Central African Republic,Sub-Saharan Africa,290594.35
2013-03-31,Central African Republic,Sub-Saharan Africa,3116511.49
2013-04-30,Central African Republic,Sub-Saharan Africa,0.0
2013-05-31,Central African Republic,Sub-Saharan Africa,2294443.12
2013-06-30,Central African Republic,Sub-Saharan Africa,1637110.64
2013-07-31,Central African Republic,Sub-Saharan Africa,0.0
2013-08-31,Central African Republic,Sub-Saharan Africa,1347413.41
2013-09-30,Central African Republic,Sub-Saharan Africa,246804.12
2013-10-31,Central African Republic,Sub-Saharan Africa,8257935.03
2013-11-30,Central African Republic,Sub-Saharan Africa,4296837.28
2013-12-31,Central African Republic,Sub-Saharan Africa,8772587.21
2014-01-31,Central African Republic,Sub-Saharan Africa,6423989.3
2014-02-28,Central African Republic,Sub-Saharan Africa,47485.13
2014-03-31,Central African Republic,Sub-Saharan Africa,7042113.49
2014-04-30,Central African Republic,Sub-Saharan Africa,1356827.04
2014-05-31,Central African Republic,Sub-Saharan Africa,4780116.05
2014-06-30,Central African Republic,Sub-Saharan Africa,60934.23
2014-07-31,Central African Republic,Sub-Saharan Africa,5971749.09
2014-08-31,Central African Republic,Sub-Saharan Africa,0.0
2014-09-30,Central African Republic,Sub-Saharan Africa,8185800.5
2014-10-31,Central African Republic,Sub-Saharan Africa,411263.95
2014-11-30,Central African Republic,Sub-Saharan Africa,8972526.8
2014-12-31,Central African Republic,Sub-Saharan Africa,6078799.77
2015-01-31,Central African Republic,Sub-Saharan Africa,2815288.66
2015-02-28,Central African Republic,Sub-Saharan Africa,5690389.74
2015-03-31,Central African Republic,Sub-Saharan Africa,2998356.5700000003
2015-04-30,Central African Republic,Sub-Saharan Africa,2739295.73
2015-05-31,Central African Republic,Sub-Saharan Africa,5022369.44
2015-06-30,Central African Republic,Sub-Saharan Africa,8762145.17
2015-07-31,Central African Republic,Sub-Saharan Africa,0.0
2015-08-31,Central African Republic,Sub-Saharan Africa,9999245.72
2015-09-30,Central African Republic,Sub-Saharan Africa,1199432.5999999999
2015-10-31,Central African Republic,Sub-Saharan Africa,2596237.19
2015-11-30,Central African Republic,Sub-Saharan Africa,1109157.83
2015-12-31,Central African Republic,Sub-Saharan Africa,6871671.24
2016-01-31,Central African Republic,Sub-Saharan Africa,7518685.15
2016-02-29,Central African Republic,Sub-Saharan Africa,5655055.41
2016-03-31,Central African Republic,Sub-Saharan Africa,101210.85
2016-04-30,Central African Republic,Sub-Saharan Africa,0.0
2016-05-31,Central African Republic,Sub-Saharan Africa,4766857.199999999
2016-06-30,Central African Republic,Sub-Saharan Africa,2029220.72
2016-07-31,Central African Republic,Sub-Saharan Africa,2800298.42
2016-08-31,Central African Republic,Sub-Saharan Africa,3625068.07
2016-09-30,Central African Republic,Sub-Saharan Africa,5532449.77
2016-10-31,Central African Republic,Sub-Saharan Africa,5263404.15
2016-11-30,Central African Republic,Sub-Saharan Africa,7774896.47
2016-12-31,Central African Republic,Sub-Saharan Africa,673758.33
2017-01-31,Central African Republic,Sub-Saharan Africa,1674309.42
2017-02-28,Central African Republic,Sub-Saharan Africa,422378.1
2017-03-31,Central African Republic,Sub-Saharan Africa,14189123.41
2017-04-30,Central African Republic,Sub-Saharan Africa,788399.85
2017-05-31,Central African Republic,Sub-Saharan Africa,7929784.17
2017-06-30,Central African Republic,Sub-Saharan Africa,9278950.06
2010-01-31,Chad,Sub-Saharan Africa,3965277.0
2010-02-28,Chad,Sub-Saharan Africa,4061264.8
2010-03-31,Chad,Sub-Saharan Africa,30163.89
2010-04-30,Chad,Sub-Saharan Africa,752737.16
2010-05-31,Chad,Sub-Saharan Africa,4465951.13
2010-06-30,Chad,Sub-Saharan Africa,7627037.18
2010-07-31,Chad,Sub-Saharan Africa,2577682.83
2010-08-31,Chad,Sub-Saharan Africa,7126397.67
2010-09-30,Chad,Sub-Saharan Africa,2226481.64
2010-10-31,Chad,Sub-Saharan Africa,284409.12
2010-11-30,Chad,Sub-Saharan Africa,7392167.6
2010-12-31,Chad,Sub-Saharan Africa,45468.8
2011-01-31,Chad,Sub-Saharan Africa,1798886.53
2011-02-28,Chad,Sub-Saharan Africa,5629021.1
2011-03-31,Chad,Sub-Saharan Africa,11611137.780000001
2011-04-30,Chad,Sub-Saharan Africa,6856822.83
2011-05-31,Chad,Sub-Saharan Africa,2380381.06
2011-06-30,Chad,Sub-Saharan Africa,2760476.48
2011-07-31,Chad,Sub-Saharan Africa,6238024.970000001
2011-08-31,Chad,Sub-Saharan Africa,10262704.69
2011-09-30,Chad,Sub-Saharan Africa,1158955.05
2011-10-31,Chad,Sub-Saharan Africa,3857917.52
2011-11-30,Chad,Sub-Saharan Africa,1377984.3
2011-12-31,Chad,Sub-Saharan Africa,76963.9
2012-01-31,Chad,Sub-Saharan Africa,2502677.34
2012-02-29,Chad,Sub-Saharan Africa,2208460.5
2012-03-31,Chad,Sub-Saharan Africa,5109040.37
2012-04-30,Chad,Sub-Saharan Africa,2077651.43
2012-05-31,Chad,Sub-Saharan Africa,2328177.72
2012-06-30,Chad,Sub-Saharan Africa,67735.8
2012-07-31,Chad,Sub-Saharan Africa,5038591.91
2012-08-31,Chad,Sub-Saharan Africa,448130.0
2012-09-30,Chad,Sub-Saharan Africa,5298646.66
2012-10-31,Chad,Sub-Saharan Africa,1697806.05
2012-11-30,Chad,Sub-Saharan Africa,2280896.74
2012-12-31,Chad,Sub-Saharan Africa,1969948.07
2013-01-31,Chad,Sub-Saharan Africa,1986627.48
2013-02-28,Chad,Sub-Saharan Africa,1660915.0999999999
2013-03-31,Chad,Sub-Saharan Africa,2456346.44
2013-04-30,Chad,Sub-Saharan Africa,3309273.04
2013-05-31,Chad,Sub-Saharan Africa,12906768.370000001
2013-06-30,Chad,Sub-Saharan Africa,14633535.6
2013-07-31,Chad,Sub-Saharan Africa,5605432.9
2013-08-31,Chad,Sub-Saharan Africa,410822.1
2013-09-30,Chad,Sub-Saharan Africa,14733552.879999999
2013-10-31,Chad,Sub-Saharan Africa,4600845.350000001
2013-11-30,Chad,Sub-Saharan Africa,3601918.4699999997
2013-12-31,Chad,Sub-Saharan Africa,8772690.99
2014-01-31,Chad,Sub-Saharan Africa,2910228.96
2014-02-28,Chad,Sub-Saharan Africa,3829278.34
2014-03-31,Chad,Sub-Saharan Africa,1485600.5799999998
2014-04-30,Chad,Sub-Saharan Africa,3657564.66
2014-05-31,Chad,Sub-Saharan Africa,229877.13
2014-06-30,Chad,Sub-Saharan Africa,5952280.89
2014-07-31,Chad,Sub-Saharan Africa,3496963.99
2014-08-31,Chad,Sub-Saharan Africa,4149879.78
2014-09-30,Chad,Sub-Saharan Africa,8374962.34
2014-10-31,Chad,Sub-Saharan Africa,5640635.47
2014-11-30,Chad,Sub-Saharan Africa,3872585.98
2014-12-31,Chad,Sub-Saharan Africa,1290842.08
2015-01-31,Chad,Sub-Saharan Africa,1062683.64
2015-02-28,Chad,Sub-Saharan Africa,4334838.0
2015-03-31,Chad,Sub-Saharan Africa,878775.05
2015-04-30,Chad,Sub-Saharan Africa,6358.3
2015-05-31,Chad,Sub-Saharan Africa,654086.46
2015-06-30,Chad,Sub-Saharan Africa,4736729.36
2015-07-31,Chad,Sub-Saharan Africa,12659240.959999999
2015-08-31,Chad,Sub-Saharan Africa,522358.4
2015-09-30,Chad,Sub-Saharan Africa,1842595.02
2015-10-31,Chad,Sub-Saharan Africa,4589945.88
2015-11-30,Chad,Sub-Saharan Africa,1540600.26
2015-12-31,Chad,Sub-Saharan Africa,2084400.75
2016-01-31,Chad,Sub-Saharan Africa,11544715.33
2016-02-29,Chad,Sub-Saharan Africa,0.0
2016-03-31,Chad,Sub-Saharan Africa,2952495.0
2016-04-30,Chad,Sub-Saharan Africa,6766015.2
2016-05-31,Chad,Sub-Saharan Africa,7342245.6899999995
2016-06-30,Chad,Sub-Saharan Africa,2564967.72
2016-07-31,Chad,Sub-Saharan Africa,8798286.32
2016-08-31,Chad,Sub-Saharan Africa,4094760.24
2016-09-30,Chad,Sub-Saharan Africa,1572788.88
2016-10-31,Chad,Sub-Saharan Africa,1256041.73
2016-11-30,Chad,Sub-Saharan Africa,3226150.38
2016-12-31,Chad,Sub-Saharan Africa,7857148.27
2017-01-31,Chad,Sub-Saharan Africa,1147755.37
2017-02-28,Chad,Sub-Saharan Africa,2316685.4099999997
2017-03-31,Chad,Sub-Saharan Africa,4533104.28
2017-04-30,Chad,Sub-Saharan Africa,814154.4
2017-05-31,Chad,Sub-Saharan Africa,7215967.29
2017-06-30,Chad,Sub-Saharan Africa,4826614.7
2010-01-31,China,Asia,6532586.71
2010-02-28,China,Asia,4465916.88
2010-03-31,China,Asia,2361497.0700000003
2010-04-30,China,Asia,2108957.07
2010-05-31,China,Asia,5020058.1
2010-06-30,China,Asia,1448286.83
2010-07-31,China,Asia,1876734.84
2010-08-31,China,Asia,7208183.09
2010-09-30,China,Asia,6945050.7
2010-10-31,China,Asia,5514229.92
2010-11-30,China,Asia,3594991.04
2010-12-31,China,Asia,11079785.48
2011-01-31,China,Asia,7933584.54
2011-02-28,China,Asia,789356.19
2011-03-31,China,Asia,1184075.05
2011-04-30,China,Asia,905380.28
2011-05-31,China,Asia,9799335.13
2011-06-30,China,Asia,9831425.56
2011-07-31,China,Asia,3163294.26
2011-08-31,China,Asia,4622233.05
2011-09-30,China,Asia,7158971.6
2011-10-31,China,Asia,3790558.52
2011-11-30,China,Asia,5696451.32
2011-12-31,China,Asia,13268447.77
2012-01-31,China,Asia,5696787.33
2012-02-29,China,Asia,5849550.74
2012-03-31,China,Asia,9518034.07
2012-04-30,China,Asia,2268592.0
2012-05-31,China,Asia,5727316.09
2012-06-30,China,Asia,11143942.68
2012-07-31,China,Asia,455584.47
2012-08-31,China,Asia,2435237.65
2012-09-30,China,Asia,18558732.509999998
2012-10-31,China,Asia,5148043.95
2012-11-30,China,Asia,7127777.659999999
2012-12-31,China,Asia,753331.28
2013-01-31,China,Asia,18599725.85
2013-02-28,China,Asia,7064356.779999999
2013-03-31,China,Asia,3064907.3600000003
2013-04-30,China,Asia,192461.76
2013-05-31,China,Asia,7596665.0
2013-06-30,China,Asia,5956863.460000001
2013-07-31,China,Asia,10743342.62
2013-08-31,China,Asia,0.0
2013-09-30,China,Asia,10624541.58
2013-10-31,China,Asia,957402.08
2013-11-30,China,Asia,13483949.95
2013-12-31,China,Asia,760913.72
2014-01-31,China,Asia,64959.05
2014-02-28,China,Asia,6946247.840000001
2014-03-31,China,Asia,3376866.38
2014-04-30,China,Asia,5881507.399999999
2014-05-31,China,Asia,6374848.529999999
2014-06-30,China,Asia,6438199.109999999
2014-07-31,China,Asia,12381691.379999999
2014-08-31,China,Asia,3681149.41
2014-09-30,China,Asia,4652796.98
2014-10-31,China,Asia,2652929.6
2014-11-30,China,Asia,765217.48
2014-12-31,China,Asia,5087487.5
2015-01-31,China,Asia,335211.14
2015-02-28,China,Asia,52714.5
2015-03-31,China,Asia,2031767.37
2015-04-30,China,Asia,7777525.720000001
2015-05-31,China,Asia,1947809.97
2015-06-30,China,Asia,6280920.45
2015-07-31,China,Asia,203541.72
2015-08-31,China,Asia,0.0
2015-09-30,China,Asia,4470329.26
2015-10-31,China,Asia,5503494.02
2015-11-30,China,Asia,8210542.8
2015-12-31,China,Asia,6807911.199999999
2016-01-31,China,Asia,7613332.68
2016-02-29,China,Asia,1623461.9
2016-03-31,China,Asia,3403375.99
2016-04-30,China,Asia,1866862.64
2016-05-31,China,Asia,8241456.87
2016-06-30,China,Asia,0.0
2016-07-31,China,Asia,945056.28
2016-08-31,China,Asia,6773386.23
2016-09-30,China,Asia,1933046.18
2016-10-31,China,Asia,3174087.9099999997
2016-11-30,China,Asia,25060.38
2016-12-31,China,Asia,13576079.120000001
2017-01-31,China,Asia,8500236.129999999
2017-02-28,China,Asia,2786852.7
2017-03-31,China,Asia,1633771.9300000002
2017-04-30,China,Asia,225858.6
2017-05-31,China,Asia,5304681.3100000005
2017-06-30,China,Asia,2322437.24
2010-01-31,Comoros,Sub-Saharan Africa,156943.08
2010-02-28,Comoros,Sub-Saharan Africa,8233060.97
2010-03-31,Comoros,Sub-Saharan Africa,1608286.6800000002
2010-04-30,Comoros,Sub-Saharan Africa,6981954.38
2010-05-31,Comoros,Sub-Saharan Africa,2106789.36
2010-06-30,Comoros,Sub-Saharan Africa,61363.41
2010-07-31,Comoros,Sub-Saharan Africa,0.0
2010-08-31,Comoros,Sub-Saharan Africa,993325.3
2010-09-30,Comoros,Sub-Saharan Africa,2859758.89
2010-10-31,Comoros,Sub-Saharan Africa,3817125.6799999997
2010-11-30,Comoros,Sub-Saharan Africa,1944649.3800000001
2010-12-31,Comoros,Sub-Saharan Africa,2806357.6500000004
2011-01-31,Comoros,Sub-Saharan Africa,3804974.2199999997
2011-02-28,Comoros,Sub-Saharan Africa,5499477.77
2011-03-31,Comoros,Sub-Saharan Africa,651155.71
2011-04-30,Comoros,Sub-Saharan Africa,0.0
2011-05-31,Comoros,Sub-Saharan Africa,1674718.08
2011-06-30,Comoros,Sub-Saharan Africa,2515043.79
2011-07-31,Comoros,Sub-Saharan Africa,7666593.23
2011-08-31,Comoros,Sub-Saharan Africa,5223479.470000001
2011-09-30,Comoros,Sub-Saharan Africa,3335340.2600000002
2011-10-31,Comoros,Sub-Saharan Africa,4615592.71
2011-11-30,Comoros,Sub-Saharan Africa,3876877.6499999994
2011-12-31,Comoros,Sub-Saharan Africa,10902.1
2012-01-31,Comoros,Sub-Saharan Africa,761159.53
2012-02-29,Comoros,Sub-Saharan Africa,2601085.28
2012-03-31,Comoros,Sub-Saharan Africa,772123.97
2012-04-30,Comoros,Sub-Saharan Africa,9922766.13
2012-05-31,Comoros,Sub-Saharan Africa,3729047.8000000003
2012-06-30,Comoros,Sub-Saharan Africa,1907753.0999999999
2012-07-31,Comoros,Sub-Saharan Africa,3008605.18
2012-08-31,Comoros,Sub-Saharan Africa,891350.4400000001
2012-09-30,Comoros,Sub-Saharan Africa,96166.4
2012-10-31,Comoros,Sub-Saharan Africa,3475151.7
2012-11-30,Comoros,Sub-Saharan Africa,2111929.82
2012-12-31,Comoros,Sub-Saharan Africa,95746.8
2013-01-31,Comoros,Sub-Saharan Africa,205078.9
2013-02-28,Comoros,Sub-Saharan Africa,876687.42
2013-03-31,Comoros,Sub-Saharan Africa,0.0
2013-04-30,Comoros,Sub-Saharan Africa,1366397.9600000002
2013-05-31,Comoros,Sub-Saharan Africa,6725245.1899999995
2013-06-30,Comoros,Sub-Saharan Africa,4434222.03
2013-07-31,Comoros,Sub-Saharan Africa,1628051.7
2013-08-31,Comoros,Sub-Saharan Africa,14056559.25
2013-09-30,Comoros,Sub-Saharan Africa,4916518.38
2013-10-31,Comoros,Sub-Saharan Africa,6099300.29
2013-11-30,Comoros,Sub-Saharan Africa,432124.04000000004
2013-12-31,Comoros,Sub-Saharan Africa,10858207.01
2014-01-31,Comoros,Sub-Saharan Africa,1442520.55
2014-02-28,Comoros,Sub-Saharan Africa,804809.44
2014-03-31,Comoros,Sub-Saharan Africa,2043805.3
2014-04-30,Comoros,Sub-Saharan Africa,6844679.149999999
2014-05-31,Comoros,Sub-Saharan Africa,6394165.77
2014-06-30,Comoros,Sub-Saharan Africa,6276514.4799999995
2014-07-31,Comoros,Sub-Saharan Africa,4766926.59
2014-08-31,Comoros,Sub-Saharan Africa,0.0
2014-09-30,Comoros,Sub-Saharan Africa,3860671.14
2014-10-31,Comoros,Sub-Saharan Africa,547762.2
2014-11-30,Comoros,Sub-Saharan Africa,0.0
2014-12-31,Comoros,Sub-Saharan Africa,3535819.22
2015-01-31,Comoros,Sub-Saharan Africa,1168921.95
2015-02-28,Comoros,Sub-Saharan Africa,2673106.24
2015-03-31,Comoros,Sub-Saharan Africa,4563989.79
2015-04-30,Comoros,Sub-Saharan Africa,5149843.409999999
2015-05-31,Comoros,Sub-Saharan Africa,6524601.97
2015-06-30,Comoros,Sub-Saharan Africa,9199607.66
2015-07-31,Comoros,Sub-Saharan Africa,2260767.03
2015-08-31,Comoros,Sub-Saharan Africa,1839702.5499999998
2015-09-30,Comoros,Sub-Saharan Africa,6420048.22
2015-10-31,Comoros,Sub-Saharan Africa,1085066.31
2015-11-30,Comoros,Sub-Saharan Africa,66667.25
2015-12-31,Comoros,Sub-Saharan Africa,146240.9
2016-01-31,Comoros,Sub-Saharan Africa,231343.01
2016-02-29,Comoros,Sub-Saharan Africa,1587925.17
2016-03-31,Comoros,Sub-Saharan Africa,1083116.72
2016-04-30,Comoros,Sub-Saharan Africa,4386888.3100000005
2016-05-31,Comoros,Sub-Saharan Africa,4811377.380000001
2016-06-30,Comoros,Sub-Saharan Africa,1571734.0
2016-07-31,Comoros,Sub-Saharan Africa,7635744.12
2016-08-31,Comoros,Sub-Saharan Africa,113493.15
2016-09-30,Comoros,Sub-Saharan Africa,5638844.600000001
2016-10-31,Comoros,Sub-Saharan Africa,2037272.7799999998
2016-11-30,Comoros,Sub-Saharan Africa,747389.38
2016-12-31,Comoros,Sub-Saharan Africa,4852995.91
2017-01-31,Comoros,Sub-Saharan Africa,8652256.7
2017-02-28,Comoros,Sub-Saharan Africa,6806352.98
2017-03-31,Comoros,Sub-Saharan Africa,10116281.0
2017-04-30,Comoros,Sub-Saharan Africa,493567.47
2017-05-31,Comoros,Sub-Saharan Africa,6115115.869999999
2017-06-30,Comoros,Sub-Saharan Africa,5594485.09
2010-01-31,Costa Rica,Central America and the Caribbean,3995943.8
2010-02-28,Costa Rica,Central America and the Caribbean,10027005.73
2010-03-31,Costa Rica,Central America and the Caribbean,8352766.960000001
2010-04-30,Costa Rica,Central America and the Caribbean,10336076.190000001
2010-05-31,Costa Rica,Central America and the Caribbean,2656735.34
2010-06-30,Costa Rica,Central America and the Caribbean,2221887.33
2010-07-31,Costa Rica,Central America and the Caribbean,11680863.15
2010-08-31,Costa Rica,Central America and the Caribbean,0.0
2010-09-30,Costa Rica,Central America and the Caribbean,744852.48
2010-10-31,Costa Rica,Central America and the Caribbean,3604665.01
2010-11-30,Costa Rica,Central America and the Caribbean,0.0
2010-12-31,Costa Rica,Central America and the Caribbean,7109598.22
2011-01-31,Costa Rica,Central America and the Caribbean,3200411.01
2011-02-28,Costa Rica,Central America and the Caribbean,1283847.25
2011-03-31,Costa Rica,Central America and the Caribbean,0.0
2011-04-30,Costa Rica,Central America and the Caribbean,2326696.46
2011-05-31,Costa Rica,Central America and the Caribbean,2792171.91
2011-06-30,Costa Rica,Central America and the Caribbean,2997434.98
2011-07-31,Costa Rica,Central America and the Caribbean,7215371.61
2011-08-31,Costa Rica,Central America and the Caribbean,2238272.88
2011-09-30,Costa Rica,Central America and the Caribbean,657517.85
2011-10-31,Costa Rica,Central America and the Caribbean,3114258.0300000003
2011-11-30,Costa Rica,Central America and the Caribbean,285649.0
2011-12-31,Costa Rica,Central America and the Caribbean,1236537.6
2012-01-31,Costa Rica,Central America and the Caribbean,2278806.6799999997
2012-02-29,Costa Rica,Central America and the Caribbean,5338909.09
2012-03-31,Costa Rica,Central America and the Caribbean,0.0
2012-04-30,Costa Rica,Central America and the Caribbean,2539477.0999999996
2012-05-31,Costa Rica,Central America and the Caribbean,4447536.92
2012-06-30,Costa Rica,Central America and the Caribbean,5898737.12
2012-07-31,Costa Rica,Central America and the Caribbean,4673659.95
2012-08-31,Costa Rica,Central America and the Caribbean,2414209.69
2012-09-30,Costa Rica,Central America and the Caribbean,257900.8
2012-10-31,Costa Rica,Central America and the Caribbean,8065923.18
2012-11-30,Costa Rica,Central America and the Caribbean,22721.18
2012-12-31,Costa Rica,Central America and the Caribbean,5584125.75
2013-01-31,Costa Rica,Central America and the Caribbean,8337490.08
2013-02-28,Costa Rica,Central America and the Caribbean,195428.4
2013-03-31,Costa Rica,Central America and the Caribbean,4324782.4
2013-04-30,Costa Rica,Central America and the Caribbean,983377.99
2013-05-31,Costa Rica,Central America and the Caribbean,633940.0
2013-06-30,Costa Rica,Central America and the Caribbean,1702893.99
2013-07-31,Costa Rica,Central America and the Caribbean,7429007.34
2013-08-31,Costa Rica,Central America and the Caribbean,199584.66
2013-09-30,Costa Rica,Central America and the Caribbean,4322814.5
2013-10-31,Costa Rica,Central America and the Caribbean,1420564.2
2013-11-30,Costa Rica,Central America and the Caribbean,7893583.95
2013-12-31,Costa Rica,Central America and the Caribbean,7185476.4799999995
2014-01-31,Costa Rica,Central America and the Caribbean,4594680.1
2014-02-28,Costa Rica,Central America and the Caribbean,60299.79
2014-03-31,Costa Rica,Central America and the Caribbean,2609927.78
2014-04-30,Costa Rica,Central America and the Caribbean,4918557.55
2014-05-31,Costa Rica,Central America and the Caribbean,6449619.51
2014-06-30,Costa Rica,Central America and the Caribbean,3598599.3
2014-07-31,Costa Rica,Central America and the Caribbean,101630.4
2014-08-31,Costa Rica,Central America and the Caribbean,7383020.42
2014-09-30,Costa Rica,Central America and the Caribbean,3065030.85
2014-10-31,Costa Rica,Central America and the Caribbean,4395869.850000001
2014-11-30,Costa Rica,Central America and the Caribbean,4205819.49
2014-12-31,Costa Rica,Central America and the Caribbean,6599471.67
2015-01-31,Costa Rica,Central America and the Caribbean,3786232.4899999998
2015-02-28,Costa Rica,Central America and the Caribbean,378693.7
2015-03-31,Costa Rica,Central America and the Caribbean,5835116.109999999
2015-04-30,Costa Rica,Central America and the Caribbean,2018114.24
2015-05-31,Costa Rica,Central America and the Caribbean,1854796.46
2015-06-30,Costa Rica,Central America and the Caribbean,4260550.9799999995
2015-07-31,Costa Rica,Central America and the Caribbean,6148818.43
2015-08-31,Costa Rica,Central America and the Caribbean,492008.71
2015-09-30,Costa Rica,Central America and the Caribbean,2046458.9500000002
2015-10-31,Costa Rica,Central America and the Caribbean,7486982.1
2015-11-30,Costa Rica,Central America and the Caribbean,6586786.6899999995
2015-12-31,Costa Rica,Central America and the Caribbean,6581990.18
2016-01-31,Costa Rica,Central America and the Caribbean,10509000.129999999
2016-02-29,Costa Rica,Central America and the Caribbean,57435.48
2016-03-31,Costa Rica,Central America and the Caribbean,207056.83000000002
2016-04-30,Costa Rica,Central America and the Caribbean,14959898.02
2016-05-31,Costa Rica,Central America and the Caribbean,476679.36
2016-06-30,Costa Rica,Central America and the Caribbean,3108974.41
2016-07-31,Costa Rica,Central America and the Caribbean,9217823.2
2016-08-31,Costa Rica,Central America and the Caribbean,15552193.010000002
2016-09-30,Costa Rica,Central America and the Caribbean,5494506.51
2016-10-31,Costa Rica,Central America and the Caribbean,910183.74
2016-11-30,Costa Rica,Central America and the Caribbean,10361222.0
2016-12-31,Costa Rica,Central America and the Caribbean,176596.48
2017-01-31,Costa Rica,Central America and the Caribbean,869584.0
2017-02-28,Costa Rica,Central America and the Caribbean,3936362.66
2017-03-31,Costa Rica,Central America and the Caribbean,7334363.970000001
2017-04-30,Costa Rica,Central America and the Caribbean,4669670.93
2017-05-31,Costa Rica,Central America and the Caribbean,7439306.249999999
2017-06-30,Costa Rica,Central America and the Caribbean,3561337.8400000003
2010-01-31,Cote d'Ivoire,Sub-Saharan Africa,10278226.77
2010-02-28,Cote d'Ivoire,Sub-Saharan Africa,7564930.24
2010-03-31,Cote d'Ivoire,Sub-Saharan Africa,3100927.66
2010-04-30,Cote d'Ivoire,Sub-Saharan Africa,2676892.05
2010-05-31,Cote d'Ivoire,Sub-Saharan Africa,290877.07
2010-06-30,Cote d'Ivoire,Sub-Saharan Africa,4552121.890000001
2010-07-31,Cote d'Ivoire,Sub-Saharan Africa,4479052.0600000005
2010-08-31,Cote d'Ivoire,Sub-Saharan Africa,7429429.9399999995
2010-09-30,Cote d'Ivoire,Sub-Saharan Africa,141319.53
2010-10-31,Cote d'Ivoire,Sub-Saharan Africa,4432373.680000001
2010-11-30,Cote d'Ivoire,Sub-Saharan Africa,1204003.1600000001
2010-12-31,Cote d'Ivoire,Sub-Saharan Africa,3624755.99
2011-01-31,Cote d'Ivoire,Sub-Saharan Africa,2812023.32
2011-02-28,Cote d'Ivoire,Sub-Saharan Africa,4349325.33
2011-03-31,Cote d'Ivoire,Sub-Saharan Africa,7235655.59
2011-04-30,Cote d'Ivoire,Sub-Saharan Africa,882658.7
2011-05-31,Cote d'Ivoire,Sub-Saharan Africa,972179.55
2011-06-30,Cote d'Ivoire,Sub-Saharan Africa,3990627.44
2011-07-31,Cote d'Ivoire,Sub-Saharan Africa,232758.62
2011-08-31,Cote d'Ivoire,Sub-Saharan Africa,849177.84
2011-09-30,Cote d'Ivoire,Sub-Saharan Africa,0.0
2011-10-31,Cote d'Ivoire,Sub-Saharan Africa,7232589.01
2011-11-30,Cote d'Ivoire,Sub-Saharan Africa,6765911.7299999995
2011-12-31,Cote d'Ivoire,Sub-Saharan Africa,912959.56
2012-01-31,Cote d'Ivoire,Sub-Saharan Africa,3601378.66
2012-02-29,Cote d'Ivoire,Sub-Saharan Africa,846733.23
2012-03-31,Cote d'Ivoire,Sub-Saharan Africa,1544444.0
2012-04-30,Cote d'Ivoire,Sub-Saharan Africa,1541805.38
2012-05-31,Cote d'Ivoire,Sub-Saharan Africa,5488339.37
2012-06-30,Cote d'Ivoire,Sub-Saharan Africa,8161635.399999999
2012-07-31,Cote d'Ivoire,Sub-Saharan Africa,4942003.95
2012-08-31,Cote d'Ivoire,Sub-Saharan Africa,5755320.09
2012-09-30,Cote d'Ivoire,Sub-Saharan Africa,0.0
2012-10-31,Cote d'Ivoire,Sub-Saharan Africa,2565621.86
2012-11-30,Cote d'Ivoire,Sub-Saharan Africa,8105937.97
2012-12-31,Cote d'Ivoire,Sub-Saharan Africa,2054917.66
2013-01-31,Cote d'Ivoire,Sub-Saharan Africa,356913.45
2013-02-28,Cote d'Ivoire,Sub-Saharan Africa,5220363.54
2013-03-31,Cote d'Ivoire,Sub-Saharan Africa,470343.67000000004
2013-04-30,Cote d'Ivoire,Sub-Saharan Africa,541764.62
2013-05-31,Cote d'Ivoire,Sub-Saharan Africa,60141.18
2013-06-30,Cote d'Ivoire,Sub-Saharan Africa,3400101.31
2013-07-31,Cote d'Ivoire,Sub-Saharan Africa,1267617.47
2013-08-31,Cote d'Ivoire,Sub-Saharan Africa,3524547.42
2013-09-30,Cote d'Ivoire,Sub-Saharan Africa,1469442.87
2013-10-31,Cote d'Ivoire,Sub-Saharan Africa,6039797.69
2013-11-30,Cote d'Ivoire,Sub-Saharan Africa,4080154.85
2013-12-31,Cote d'Ivoire,Sub-Saharan Africa,996640.37
2014-01-31,Cote d'Ivoire,Sub-Saharan Africa,8001731.970000001
2014-02-28,Cote d'Ivoire,Sub-Saharan Africa,1754314.1600000001
2014-03-31,Cote d'Ivoire,Sub-Saharan Africa,2958331.3600000003
2014-04-30,Cote d'Ivoire,Sub-Saharan Africa,5466596.48
2014-05-31,Cote d'Ivoire,Sub-Saharan Africa,5883199.3
2014-06-30,Cote d'Ivoire,Sub-Saharan Africa,3599531.8
2014-07-31,Cote d'Ivoire,Sub-Saharan Africa,1865141.57
2014-08-31,Cote d'Ivoire,Sub-Saharan Africa,1069659.03
2014-09-30,Cote d'Ivoire,Sub-Saharan Africa,2040624.3199999998
2014-10-31,Cote d'Ivoire,Sub-Saharan Africa,6128916.0
2014-11-30,Cote d'Ivoire,Sub-Saharan Africa,6793737.89
2014-12-31,Cote d'Ivoire,Sub-Saharan Africa,3328820.08
2015-01-31,Cote d'Ivoire,Sub-Saharan Africa,1773930.28
2015-02-28,Cote d'Ivoire,Sub-Saharan Africa,6049058.82
2015-03-31,Cote d'Ivoire,Sub-Saharan Africa,1776591.3099999998
2015-04-30,Cote d'Ivoire,Sub-Saharan Africa,4909740.44
2015-05-31,Cote d'Ivoire,Sub-Saharan Africa,0.0
2015-06-30,Cote d'Ivoire,Sub-Saharan Africa,3105010.44
2015-07-31,Cote d'Ivoire,Sub-Saharan Africa,2895399.64
2015-08-31,Cote d'Ivoire,Sub-Saharan Africa,7340471.330000001
2015-09-30,Cote d'Ivoire,Sub-Saharan Africa,9916547.96
2015-10-31,Cote d'Ivoire,Sub-Saharan Africa,2810866.7399999998
2015-11-30,Cote d'Ivoire,Sub-Saharan Africa,1032202.0
2015-12-31,Cote d'Ivoire,Sub-Saharan Africa,3388092.19
2016-01-31,Cote d'Ivoire,Sub-Saharan Africa,2427996.08
2016-02-29,Cote d'Ivoire,Sub-Saharan Africa,2530287.6
2016-03-31,Cote d'Ivoire,Sub-Saharan Africa,748404.9
2016-04-30,Cote d'Ivoire,Sub-Saharan Africa,6524376.71
2016-05-31,Cote d'Ivoire,Sub-Saharan Africa,6757276.01
2016-06-30,Cote d'Ivoire,Sub-Saharan Africa,1205832.58
2016-07-31,Cote d'Ivoire,Sub-Saharan Africa,1069128.06
2016-08-31,Cote d'Ivoire,Sub-Saharan Africa,846530.67
2016-09-30,Cote d'Ivoire,Sub-Saharan Africa,0.0
2016-10-31,Cote d'Ivoire,Sub-Saharan Africa,3598244.6799999997
2016-11-30,Cote d'Ivoire,Sub-Saharan Africa,7604246.1899999995
2016-12-31,Cote d'Ivoire,Sub-Saharan Africa,1427828.08
2017-01-31,Cote d'Ivoire,Sub-Saharan Africa,3320573.69
2017-02-28,Cote d'Ivoire,Sub-Saharan Africa,1187863.8199999998
2017-03-31,Cote d'Ivoire,Sub-Saharan Africa,3985677.5
2017-04-30,Cote d'Ivoire,Sub-Saharan Africa,1337734.56
2017-05-31,Cote d'Ivoire,Sub-Saharan Africa,4833419.8100000005
2017-06-30,Cote d'Ivoire,Sub-Saharan Africa,9719477.24
2010-02-28,Croatia,Europe,2942752.89
2010-03-31,Croatia,Europe,2118568.72
2010-04-30,Croatia,Europe,7899798.5
2010-05-31,Croatia,Europe,7626588.91
2010-06-30,Croatia,Europe,4486061.67
2010-07-31,Croatia,Europe,7305028.12
2010-08-31,Croatia,Europe,1539855.48
2010-09-30,Croatia,Europe,3548255.75
2010-10-31,Croatia,Europe,884141.8
2010-11-30,Croatia,Europe,8606342.18
2010-12-31,Croatia,Europe,1826904.26
2011-01-31,Croatia,Europe,402915.36
2011-02-28,Croatia,Europe,1230650.84
2011-03-31,Croatia,Europe,3523977.87
2011-04-30,Croatia,Europe,2613528.41
2011-05-31,Croatia,Europe,0.0
2011-06-30,Croatia,Europe,9382435.82
2011-07-31,Croatia,Europe,3300755.9499999997
2011-08-31,Croatia,Europe,1445693.58
2011-09-30,Croatia,Europe,5887321.04
2011-10-31,Croatia,Europe,0.0
2011-11-30,Croatia,Europe,7853032.76
2011-12-31,Croatia,Europe,1321053.6099999999
2012-01-31,Croatia,Europe,5512340.390000001
2012-02-29,Croatia,Europe,5710054.94
2012-03-31,Croatia,Europe,796528.32
2012-04-30,Croatia,Europe,17870.96
2012-05-31,Croatia,Europe,8258011.44
2012-06-30,Croatia,Europe,5011611.68
2012-07-31,Croatia,Europe,1725412.26
2012-08-31,Croatia,Europe,1901102.82
2012-09-30,Croatia,Europe,0.0
2012-10-31,Croatia,Europe,9197189.12
2012-11-30,Croatia,Europe,5309548.51
2012-12-31,Croatia,Europe,2422577.74
2013-01-31,Croatia,Europe,5523181.46
2013-02-28,Croatia,Europe,1242388.48
2013-03-31,Croatia,Europe,6843456.77
2013-04-30,Croatia,Europe,6597380.91
2013-05-31,Croatia,Europe,4367642.9
2013-06-30,Croatia,Europe,967428.89
2013-07-31,Croatia,Europe,310721.23
2013-08-31,Croatia,Europe,11076459.36
2013-09-30,Croatia,Europe,2748498.47
2013-10-31,Croatia,Europe,5915968.32
2013-11-30,Croatia,Europe,625578.0
2013-12-31,Croatia,Europe,2001528.83
2014-01-31,Croatia,Europe,5343316.14
2014-02-28,Croatia,Europe,1986831.6600000001
2014-03-31,Croatia,Europe,3361447.86
2014-04-30,Croatia,Europe,90216.45
2014-05-31,Croatia,Europe,5477173.899999999
2014-06-30,Croatia,Europe,1608779.7
2014-07-31,Croatia,Europe,3017645.6100000003
2014-08-31,Croatia,Europe,4944428.31
2014-09-30,Croatia,Europe,919121.96
2014-10-31,Croatia,Europe,14063494.82
2014-11-30,Croatia,Europe,6691664.859999999
2014-12-31,Croatia,Europe,365152.51
2015-01-31,Croatia,Europe,8300753.47
2015-02-28,Croatia,Europe,1767563.02
2015-03-31,Croatia,Europe,0.0
2015-04-30,Croatia,Europe,2549281.16
2015-05-31,Croatia,Europe,4243417.08
2015-06-30,Croatia,Europe,3149719.8099999996
2015-07-31,Croatia,Europe,13575183.9
2015-08-31,Croatia,Europe,4674386.5
2015-09-30,Croatia,Europe,1259515.55
2015-10-31,Croatia,Europe,3495033.89
2015-11-30,Croatia,Europe,559074.53
2015-12-31,Croatia,Europe,5096989.6
2016-01-31,Croatia,Europe,615409.4099999999
2016-02-29,Croatia,Europe,1808398.49
2016-03-31,Croatia,Europe,0.0
2016-04-30,Croatia,Europe,2299499.5600000005
2016-05-31,Croatia,Europe,746526.4600000001
2016-06-30,Croatia,Europe,15173779.459999999
2016-07-31,Croatia,Europe,75540.4
2016-08-31,Croatia,Europe,4339389.41
2016-09-30,Croatia,Europe,0.0
2016-10-31,Croatia,Europe,1295715.1
2016-11-30,Croatia,Europe,13587513.53
2016-12-31,Croatia,Europe,4481222.79
2017-01-31,Croatia,Europe,256296.6
2017-02-28,Croatia,Europe,2607820.5
2017-03-31,Croatia,Europe,1895454.0
2017-04-30,Croatia,Europe,7017263.359999999
2017-05-31,Croatia,Europe,4971364.71
2017-06-30,Croatia,Europe,13584236.739999998
2010-01-31,Cuba,Central America and the Caribbean,5561710.02
2010-02-28,Cuba,Central America and the Caribbean,0.0
2010-03-31,Cuba,Central America and the Caribbean,1331871.82
2010-04-30,Cuba,Central America and the Caribbean,4710879.1
2010-05-31,Cuba,Central America and the Caribbean,8077880.95
2010-06-30,Cuba,Central America and the Caribbean,5506930.4
2010-07-31,Cuba,Central America and the Caribbean,4497110.13
2010-08-31,Cuba,Central America and the Caribbean,805226.29
2010-09-30,Cuba,Central America and the Caribbean,8461031.5
2010-10-31,Cuba,Central America and the Caribbean,3699160.05
2010-11-30,Cuba,Central America and the Caribbean,11748447.479999999
2010-12-31,Cuba,Central America and the Caribbean,1131341.6400000001
2011-01-31,Cuba,Central America and the Caribbean,5726686.4799999995
2011-02-28,Cuba,Central America and the Caribbean,4054112.0
2011-03-31,Cuba,Central America and the Caribbean,214222.32
2011-04-30,Cuba,Central America and the Caribbean,588665.3999999999
2011-05-31,Cuba,Central America and the Caribbean,5847522.869999999
2011-06-30,Cuba,Central America and the Caribbean,6577164.57
2011-07-31,Cuba,Central America and the Caribbean,201116.0
2011-08-31,Cuba,Central America and the Caribbean,6366608.29
2011-09-30,Cuba,Central America and the Caribbean,9995502.02
2011-10-31,Cuba,Central America and the Caribbean,4278155.61
2011-11-30,Cuba,Central America and the Caribbean,133903.9
2011-12-31,Cuba,Central America and the Caribbean,5451930.12
2012-01-31,Cuba,Central America and the Caribbean,3078830.2199999997
2012-02-29,Cuba,Central America and the Caribbean,658034.3
2012-03-31,Cuba,Central America and the Caribbean,1998572.9700000002
2012-04-30,Cuba,Central America and the Caribbean,2617710.8
2012-05-31,Cuba,Central America and the Caribbean,3252426.75
2012-06-30,Cuba,Central America and the Caribbean,2607889.76
2012-07-31,Cuba,Central America and the Caribbean,1160560.07
2012-08-31,Cuba,Central America and the Caribbean,7698804.08
2012-09-30,Cuba,Central America and the Caribbean,5638137.96
2012-10-31,Cuba,Central America and the Caribbean,3222399.44
2012-11-30,Cuba,Central America and the Caribbean,992384.0
2012-12-31,Cuba,Central America and the Caribbean,3567705.2900000005
2013-01-31,Cuba,Central America and the Caribbean,6212798.84
2013-02-28,Cuba,Central America and the Caribbean,2400287.96
2013-03-31,Cuba,Central America and the Caribbean,7166795.529999999
2013-04-30,Cuba,Central America and the Caribbean,2023155.38
2013-05-31,Cuba,Central America and the Caribbean,8163005.7700000005
2013-06-30,Cuba,Central America and the Caribbean,5552624.53
2013-07-31,Cuba,Central America and the Caribbean,2883446.51
2013-08-31,Cuba,Central America and the Caribbean,1159376.5
2013-09-30,Cuba,Central America and the Caribbean,12756561.89
2013-10-31,Cuba,Central America and the Caribbean,2567884.7399999998
2013-11-30,Cuba,Central America and the Caribbean,472808.05
2013-12-31,Cuba,Central America and the Caribbean,1664342.64
2014-01-31,Cuba,Central America and the Caribbean,444156.78
2014-02-28,Cuba,Central America and the Caribbean,5208146.35
2014-03-31,Cuba,Central America and the Caribbean,5720308.489999999
2014-04-30,Cuba,Central America and the Caribbean,3113686.8
2014-05-31,Cuba,Central America and the Caribbean,7625892.41
2014-06-30,Cuba,Central America and the Caribbean,2367810.17
2014-07-31,Cuba,Central America and the Caribbean,3995624.42
2014-08-31,Cuba,Central America and the Caribbean,7266038.970000001
2014-09-30,Cuba,Central America and the Caribbean,5360210.45
2014-10-31,Cuba,Central America and the Caribbean,4623760.13
2014-11-30,Cuba,Central America and the Caribbean,1203554.27
2014-12-31,Cuba,Central America and the Caribbean,7976947.32
2015-01-31,Cuba,Central America and the Caribbean,3145460.76
2015-02-28,Cuba,Central America and the Caribbean,14403834.049999999
2015-03-31,Cuba,Central America and the Caribbean,1984650.2399999998
2015-04-30,Cuba,Central America and the Caribbean,10794282.85
2015-05-31,Cuba,Central America and the Caribbean,9037611.45
2015-06-30,Cuba,Central America and the Caribbean,488808.39999999997
2015-07-31,Cuba,Central America and the Caribbean,434640.14
2015-08-31,Cuba,Central America and the Caribbean,745224.2000000001
2015-09-30,Cuba,Central America and the Caribbean,2524929.62
2015-10-31,Cuba,Central America and the Caribbean,1544076.85
2015-11-30,Cuba,Central America and the Caribbean,738001.68
2015-12-31,Cuba,Central America and the Caribbean,6001931.67
2016-01-31,Cuba,Central America and the Caribbean,11271159.61
2016-02-29,Cuba,Central America and the Caribbean,3544422.2800000003
2016-03-31,Cuba,Central America and the Caribbean,14956925.73
2016-04-30,Cuba,Central America and the Caribbean,5086649.22
2016-05-31,Cuba,Central America and the Caribbean,1392573.48
2016-06-30,Cuba,Central America and the Caribbean,2782077.0300000003
2016-07-31,Cuba,Central America and the Caribbean,428510.39
2016-08-31,Cuba,Central America and the Caribbean,6258779.31
2016-09-30,Cuba,Central America and the Caribbean,3257008.16
2016-10-31,Cuba,Central America and the Caribbean,4050998.72
2016-11-30,Cuba,Central America and the Caribbean,960449.05
2016-12-31,Cuba,Central America and the Caribbean,0.0
2017-01-31,Cuba,Central America and the Caribbean,161721.34
2017-02-28,Cuba,Central America and the Caribbean,4006484.14
2017-03-31,Cuba,Central America and the Caribbean,2899487.8600000003
2017-04-30,Cuba,Central America and the Caribbean,125455.55
2017-05-31,Cuba,Central America and the Caribbean,6102026.04
2017-06-30,Cuba,Central America and the Caribbean,2403591.7600000002
2010-01-31,Cyprus,Europe,619932.7000000001
2010-02-28,Cyprus,Europe,900410.1199999999
2010-03-31,Cyprus,Europe,5565854.98
2010-04-30,Cyprus,Europe,4149639.4
2010-05-31,Cyprus,Europe,0.0
2010-06-30,Cyprus,Europe,65096.4
2010-07-31,Cyprus,Europe,5736178.49
2010-08-31,Cyprus,Europe,1235380.73
2010-09-30,Cyprus,Europe,3546536.5
2010-10-31,Cyprus,Europe,5063842.57
2010-11-30,Cyprus,Europe,3084919.92
2010-12-31,Cyprus,Europe,2722355.17
2011-01-31,Cyprus,Europe,1574232.02
2011-02-28,Cyprus,Europe,9719740.52
2011-03-31,Cyprus,Europe,10119654.64
2011-04-30,Cyprus,Europe,1684160.0699999998
2011-05-31,Cyprus,Europe,8100163.970000001
2011-06-30,Cyprus,Europe,3988404.3600000003
2011-07-31,Cyprus,Europe,0.0
2011-08-31,Cyprus,Europe,7099360.4
2011-09-30,Cyprus,Europe,11137486.08
2011-10-31,Cyprus,Europe,760592.64
2011-11-30,Cyprus,Europe,16803.33
2011-12-31,Cyprus,Europe,5206670.33
2012-01-31,Cyprus,Europe,1322607.51
2012-02-29,Cyprus,Europe,80303.31
2012-03-31,Cyprus,Europe,0.0
2012-04-30,Cyprus,Europe,1624758.7799999998
2012-05-31,Cyprus,Europe,4758131.49
2012-06-30,Cyprus,Europe,0.0
2012-07-31,Cyprus,Europe,22261.38
2012-08-31,Cyprus,Europe,10262994.01
2012-09-30,Cyprus,Europe,1946426.0899999999
2012-10-31,Cyprus,Europe,5571249.21
2012-11-30,Cyprus,Europe,2393280.2600000002
2012-12-31,Cyprus,Europe,944789.2
2013-01-31,Cyprus,Europe,0.0
2013-02-28,Cyprus,Europe,4322488.77
2013-03-31,Cyprus,Europe,4558504.4399999995
2013-04-30,Cyprus,Europe,429503.08999999997
2013-05-31,Cyprus,Europe,4385811.0
2013-06-30,Cyprus,Europe,2761677.3
2013-07-31,Cyprus,Europe,1923987.06
2013-08-31,Cyprus,Europe,4042720.83
2013-09-30,Cyprus,Europe,13579347.19
2013-10-31,Cyprus,Europe,8419792.71
2013-11-30,Cyprus,Europe,2807460.51
2013-12-31,Cyprus,Europe,983004.72
2014-01-31,Cyprus,Europe,16581486.180000002
2014-02-28,Cyprus,Europe,1002475.74
2014-03-31,Cyprus,Europe,4721926.45
2014-04-30,Cyprus,Europe,5921874.42
2014-05-31,Cyprus,Europe,1224263.8399999999
2014-06-30,Cyprus,Europe,1503317.48
2014-07-31,Cyprus,Europe,1719566.08
2014-08-31,Cyprus,Europe,3530390.0
2014-09-30,Cyprus,Europe,8137653.76
2014-10-31,Cyprus,Europe,4792858.02
2014-11-30,Cyprus,Europe,4608748.44
2014-12-31,Cyprus,Europe,1728905.22
2015-01-31,Cyprus,Europe,6273768.609999999
2015-02-28,Cyprus,Europe,3717835.48
2015-03-31,Cyprus,Europe,4006843.57
2015-04-30,Cyprus,Europe,3642496.5599999996
2015-05-31,Cyprus,Europe,4176084.1
2015-06-30,Cyprus,Europe,0.0
2015-07-31,Cyprus,Europe,1663839.76
2015-08-31,Cyprus,Europe,632413.11
2015-09-30,Cyprus,Europe,528319.48
2015-10-31,Cyprus,Europe,3077470.24
2015-11-30,Cyprus,Europe,1323083.1400000001
2015-12-31,Cyprus,Europe,5168868.05
2016-01-31,Cyprus,Europe,3626942.9
2016-02-29,Cyprus,Europe,4674604.65
2016-03-31,Cyprus,Europe,413805.16
2016-04-30,Cyprus,Europe,6081429.36
2016-05-31,Cyprus,Europe,1186760.6
2016-06-30,Cyprus,Europe,1372019.0
2016-07-31,Cyprus,Europe,11266927.52
2016-08-31,Cyprus,Europe,1992999.04
2016-09-30,Cyprus,Europe,2408742.19
2016-10-31,Cyprus,Europe,240902.63999999998
2016-11-30,Cyprus,Europe,5150440.369999999
2016-12-31,Cyprus,Europe,1585139.89
2017-01-31,Cyprus,Europe,3218360.7399999998
2017-02-28,Cyprus,Europe,5061990.859999999
2017-03-31,Cyprus,Europe,0.0
2017-04-30,Cyprus,Europe,9018050.370000001
2017-05-31,Cyprus,Europe,1670223.18
2017-06-30,Cyprus,Europe,1502606.05
2010-01-31,Czech Republic,Europe,9525520.58
2010-02-28,Czech Republic,Europe,3863372.8899999997
2010-03-31,Czech Republic,Europe,5859587.58
2010-04-30,Czech Republic,Europe,7317101.0
2010-05-31,Czech Republic,Europe,4737392.8
2010-06-30,Czech Republic,Europe,1069414.08
2010-07-31,Czech Republic,Europe,10433993.47
2010-08-31,Czech Republic,Europe,2557469.29
2010-09-30,Czech Republic,Europe,3699264.96
2010-10-31,Czech Republic,Europe,9440456.79
2010-11-30,Czech Republic,Europe,9138103.67
2010-12-31,Czech Republic,Europe,1864220.8
2011-01-31,Czech Republic,Europe,1347648.25
2011-02-28,Czech Republic,Europe,2747243.0199999996
2011-03-31,Czech Republic,Europe,4439317.61
2011-04-30,Czech Republic,Europe,2177374.29
2011-05-31,Czech Republic,Europe,8789541.1
2011-06-30,Czech Republic,Europe,6017577.16
2011-07-31,Czech Republic,Europe,137932.32
2011-08-31,Czech Republic,Europe,3255801.71
2011-09-30,Czech Republic,Europe,1929099.31
2011-10-31,Czech Republic,Europe,4304236.48
2011-11-30,Czech Republic,Europe,1999643.23
2011-12-31,Czech Republic,Europe,9671097.75
2012-01-31,Czech Republic,Europe,91881.84
2012-02-29,Czech Republic,Europe,3610256.9699999997
2012-03-31,Czech Republic,Europe,0.0
2012-04-30,Czech Republic,Europe,298314.5
2012-05-31,Czech Republic,Europe,3431204.89
2012-06-30,Czech Republic,Europe,3138439.71
2012-07-31,Czech Republic,Europe,4534154.78
2012-08-31,Czech Republic,Europe,2825186.4000000004
2012-09-30,Czech Republic,Europe,4443759.04
2012-10-31,Czech Republic,Europe,6692771.7
2012-11-30,Czech Republic,Europe,1390928.77
2012-12-31,Czech Republic,Europe,771659.14
2013-01-31,Czech Republic,Europe,2744622.3200000003
2013-02-28,Czech Republic,Europe,1624696.73
2013-03-31,Czech Republic,Europe,8264911.81
2013-04-30,Czech Republic,Europe,670134.9199999999
2013-05-31,Czech Republic,Europe,8599809.92
2013-06-30,Czech Republic,Europe,3599556.1100000003
2013-07-31,Czech Republic,Europe,234501.54
2013-08-31,Czech Republic,Europe,819224.25
2013-09-30,Czech Republic,Europe,2173534.25
2013-10-31,Czech Republic,Europe,9363603.23
2013-11-30,Czech Republic,Europe,1290765.24
2013-12-31,Czech Republic,Europe,0.0
2014-01-31,Czech Republic,Europe,5086351.0
2014-02-28,Czech Republic,Europe,53921.0
2014-03-31,Czech Republic,Europe,1393242.11
2014-04-30,Czech Republic,Europe,5881729.02
2014-05-31,Czech Republic,Europe,36153.75
2014-06-30,Czech Republic,Europe,2333258.4
2014-07-31,Czech Republic,Europe,10337435.53
2014-08-31,Czech Republic,Europe,1295318.58
2014-09-30,Czech Republic,Europe,0.0
2014-10-31,Czech Republic,Europe,2839190.1900000004
2014-11-30,Czech Republic,Europe,7787797.7
2014-12-31,Czech Republic,Europe,2925076.96
2015-01-31,Czech Republic,Europe,0.0
2015-02-28,Czech Republic,Europe,11708757.48
2015-03-31,Czech Republic,Europe,0.0
2015-04-30,Czech Republic,Europe,1200438.3
2015-05-31,Czech Republic,Europe,2310632.88
2015-06-30,Czech Republic,Europe,0.0
2015-07-31,Czech Republic,Europe,3038873.67
2015-08-31,Czech Republic,Europe,392681.3
2015-09-30,Czech Republic,Europe,48422.7
2015-10-31,Czech Republic,Europe,5512539.93
2015-11-30,Czech Republic,Europe,734916.16
2015-12-31,Czech Republic,Europe,6288136.84
2016-01-31,Czech Republic,Europe,2051083.9900000002
2016-02-29,Czech Republic,Europe,2361404.02
2016-03-31,Czech Republic,Europe,6703251.25
2016-04-30,Czech Republic,Europe,4702291.92
2016-05-31,Czech Republic,Europe,9995888.72
2016-06-30,Czech Republic,Europe,9716208.190000001
2016-07-31,Czech Republic,Europe,3480.09
2016-08-31,Czech Republic,Europe,4294147.08
2016-09-30,Czech Republic,Europe,6233355.66
2016-10-31,Czech Republic,Europe,5023848.22
2016-11-30,Czech Republic,Europe,5312292.39
2016-12-31,Czech Republic,Europe,845057.7
2017-01-31,Czech Republic,Europe,930999.1
2017-02-28,Czech Republic,Europe,8801077.58
2017-03-31,Czech Republic,Europe,696527.7
2017-04-30,Czech Republic,Europe,6097325.19
2017-05-31,Czech Republic,Europe,2403709.3800000004
2017-06-30,Czech Republic,Europe,3660433.58
2010-01-31,Democratic Republic of the Congo,Sub-Saharan Africa,1515330.13
2010-02-28,Democratic Republic of the Congo,Sub-Saharan Africa,12440550.74
2010-03-31,Democratic Republic of the Congo,Sub-Saharan Africa,3605384.67
2010-04-30,Democratic Republic of the Congo,Sub-Saharan Africa,4899099.53
2010-05-31,Democratic Republic of the Congo,Sub-Saharan Africa,6300690.51
2010-06-30,Democratic Republic of the Congo,Sub-Saharan Africa,2964940.68
2010-07-31,Democratic Republic of the Congo,Sub-Saharan Africa,3209700.81
2010-08-31,Democratic Republic of the Congo,Sub-Saharan Africa,2940908.09
2010-09-30,Democratic Republic of the Congo,Sub-Saharan Africa,527688.76
2010-10-31,Democratic Republic of the Congo,Sub-Saharan Africa,8543556.58
2010-11-30,Democratic Republic of the Congo,Sub-Saharan Africa,409524.72
2010-12-31,Democratic Republic of the Congo,Sub-Saharan Africa,9055495.84
2011-01-31,Democratic Republic of the Congo,Sub-Saharan Africa,4836784.33
2011-02-28,Democratic Republic of the Congo,Sub-Saharan Africa,0.0
2011-03-31,Democratic Republic of the Congo,Sub-Saharan Africa,5480107.779999999
2011-04-30,Democratic Republic of the Congo,Sub-Saharan Africa,10609936.76
2011-05-31,Democratic Republic of the Congo,Sub-Saharan Africa,11034851.44
2011-06-30,Democratic Republic of the Congo,Sub-Saharan Africa,2932368.04
2011-07-31,Democratic Republic of the Congo,Sub-Saharan Africa,11084071.77
2011-08-31,Democratic Republic of the Congo,Sub-Saharan Africa,6278706.04
2011-09-30,Democratic Republic of the Congo,Sub-Saharan Africa,1407604.54
2011-10-31,Democratic Republic of the Congo,Sub-Saharan Africa,10252567.32
2011-11-30,Democratic Republic of the Congo,Sub-Saharan Africa,5296928.0600000005
2011-12-31,Democratic Republic of the Congo,Sub-Saharan Africa,6980197.38
2012-01-31,Democratic Republic of the Congo,Sub-Saharan Africa,8476796.16
2012-02-29,Democratic Republic of the Congo,Sub-Saharan Africa,8567535.71
2012-03-31,Democratic Republic of the Congo,Sub-Saharan Africa,8725210.209999999
2012-04-30,Democratic Republic of the Congo,Sub-Saharan Africa,654081.13
2012-05-31,Democratic Republic of the Congo,Sub-Saharan Africa,4135787.67
2012-06-30,Democratic Republic of the Congo,Sub-Saharan Africa,5311899.26
2012-07-31,Democratic Republic of the Congo,Sub-Saharan Africa,7455360.87
2012-08-31,Democratic Republic of the Congo,Sub-Saharan Africa,3064857.5
2012-09-30,Democratic Republic of the Congo,Sub-Saharan Africa,11576173.9
2012-10-31,Democratic Republic of the Congo,Sub-Saharan Africa,669824.1499999999
2012-11-30,Democratic Republic of the Congo,Sub-Saharan Africa,2533188.83
2012-12-31,Democratic Republic of the Congo,Sub-Saharan Africa,4077513.18
2013-01-31,Democratic Republic of the Congo,Sub-Saharan Africa,2585163.6
2013-02-28,Democratic Republic of the Congo,Sub-Saharan Africa,91472.2
2013-03-31,Democratic Republic of the Congo,Sub-Saharan Africa,647535.4
2013-04-30,Democratic Republic of the Congo,Sub-Saharan Africa,3308420.21
2013-05-31,Democratic Republic of the Congo,Sub-Saharan Africa,1266981.6400000001
2013-06-30,Democratic Republic of the Congo,Sub-Saharan Africa,15767690.03
2013-07-31,Democratic Republic of the Congo,Sub-Saharan Africa,5423665.92
2013-08-31,Democratic Republic of the Congo,Sub-Saharan Africa,1001410.08
2013-09-30,Democratic Republic of the Congo,Sub-Saharan Africa,0.0
2013-10-31,Democratic Republic of the Congo,Sub-Saharan Africa,6021897.9
2013-11-30,Democratic Republic of the Congo,Sub-Saharan Africa,138295.23
2013-12-31,Democratic Republic of the Congo,Sub-Saharan Africa,1309563.4
2014-01-31,Democratic Republic of the Congo,Sub-Saharan Africa,683070.38
2014-02-28,Democratic Republic of the Congo,Sub-Saharan Africa,4453601.51
2014-03-31,Democratic Republic of the Congo,Sub-Saharan Africa,9020975.72
2014-04-30,Democratic Republic of the Congo,Sub-Saharan Africa,14903299.969999999
2014-05-31,Democratic Republic of the Congo,Sub-Saharan Africa,2196273.68
2014-06-30,Democratic Republic of the Congo,Sub-Saharan Africa,1859263.74
2014-07-31,Democratic Republic of the Congo,Sub-Saharan Africa,8820947.89
2014-08-31,Democratic Republic of the Congo,Sub-Saharan Africa,6497643.53
2014-09-30,Democratic Republic of the Congo,Sub-Saharan Africa,6648017.55
2014-10-31,Democratic Republic of the Congo,Sub-Saharan Africa,2353499.52
2014-11-30,Democratic Republic of the Congo,Sub-Saharan Africa,4413864.66
2014-12-31,Democratic Republic of the Congo,Sub-Saharan Africa,276737.78
2015-01-31,Democratic Republic of the Congo,Sub-Saharan Africa,2329743.65
2015-02-28,Democratic Republic of the Congo,Sub-Saharan Africa,446931.55
2015-03-31,Democratic Republic of the Congo,Sub-Saharan Africa,12214738.21
2015-04-30,Democratic Republic of the Congo,Sub-Saharan Africa,2353646.94
2015-05-31,Democratic Republic of the Congo,Sub-Saharan Africa,4719246.609999999
2015-06-30,Democratic Republic of the Congo,Sub-Saharan Africa,7548475.119999999
2015-07-31,Democratic Republic of the Congo,Sub-Saharan Africa,3908552.4
2015-08-31,Democratic Republic of the Congo,Sub-Saharan Africa,5419250.7
2015-09-30,Democratic Republic of the Congo,Sub-Saharan Africa,6674881.279999999
2015-10-31,Democratic Republic of the Congo,Sub-Saharan Africa,5037597.84
2015-11-30,Democratic Republic of the Congo,Sub-Saharan Africa,4441.08
2015-12-31,Democratic Republic of the Congo,Sub-Saharan Africa,427958.91
2016-01-31,Democratic Republic of the Congo,Sub-Saharan Africa,1740839.1
2016-02-29,Democratic Republic of the Congo,Sub-Saharan Africa,1707177.58
2016-03-31,Democratic Republic of the Congo,Sub-Saharan Africa,5641513.08
2016-04-30,Democratic Republic of the Congo,Sub-Saharan Africa,4495492.04
2016-05-31,Democratic Republic of the Congo,Sub-Saharan Africa,2142823.33
2016-06-30,Democratic Republic of the Congo,Sub-Saharan Africa,1389393.48
2016-07-31,Democratic Republic of the Congo,Sub-Saharan Africa,8470172.69
2016-08-31,Democratic Republic of the Congo,Sub-Saharan Africa,0.0
2016-09-30,Democratic Republic of the Congo,Sub-Saharan Africa,2563512.15
2016-10-31,Democratic Republic of the Congo,Sub-Saharan Africa,5217802.73
2016-11-30,Democratic Republic of the Congo,Sub-Saharan Africa,14311072.49
2016-12-31,Democratic Republic of the Congo,Sub-Saharan Africa,3064633.2
2017-01-31,Democratic Republic of the Congo,Sub-Saharan Africa,3864156.62
2017-02-28,Democratic Republic of the Congo,Sub-Saharan Africa,1400913.3399999999
2017-03-31,Democratic Republic of the Congo,Sub-Saharan Africa,963250.18
2017-04-30,Democratic Republic of the Congo,Sub-Saharan Africa,2056441.27
2017-05-31,Democratic Republic of the Congo,Sub-Saharan Africa,2355918.1399999997
2017-06-30,Democratic Republic of the Congo,Sub-Saharan Africa,10296045.7
2010-01-31,Denmark,Europe,2288323.74
2010-02-28,Denmark,Europe,942321.44
2010-03-31,Denmark,Europe,4073380.5700000003
2010-04-30,Denmark,Europe,3791040.99
2010-05-31,Denmark,Europe,679286.16
2010-06-30,Denmark,Europe,7675072.26
2010-07-31,Denmark,Europe,2000627.2000000002
2010-08-31,Denmark,Europe,15085139.01
2010-09-30,Denmark,Europe,2785078.86
2010-10-31,Denmark,Europe,2145902.87
2010-11-30,Denmark,Europe,8662885.55
2010-12-31,Denmark,Europe,3848982.1399999997
2011-01-31,Denmark,Europe,3279095.0900000003
2011-02-28,Denmark,Europe,3049091.1
2011-03-31,Denmark,Europe,4799184.4
2011-04-30,Denmark,Europe,4970653.920000001
2011-05-31,Denmark,Europe,2298360.4
2011-06-30,Denmark,Europe,8248625.9399999995
2011-07-31,Denmark,Europe,1999195.3
2011-08-31,Denmark,Europe,5656006.81
2011-09-30,Denmark,Europe,9798699.07
2011-10-31,Denmark,Europe,5322598.03
2011-11-30,Denmark,Europe,4578185.890000001
2011-12-31,Denmark,Europe,3531888.8699999996
2012-01-31,Denmark,Europe,234308.1
2012-02-29,Denmark,Europe,2539196.3699999996
2012-03-31,Denmark,Europe,14975202.72
2012-04-30,Denmark,Europe,3029656.5100000002
2012-05-31,Denmark,Europe,2988695.4699999997
2012-06-30,Denmark,Europe,297030.8
2012-07-31,Denmark,Europe,2188757.67
2012-08-31,Denmark,Europe,3670356.93
2012-09-30,Denmark,Europe,1024279.55
2012-10-31,Denmark,Europe,1118835.92
2012-11-30,Denmark,Europe,2196232.3
2012-12-31,Denmark,Europe,3983838.99
2013-01-31,Denmark,Europe,1832910.4
2013-02-28,Denmark,Europe,1090210.46
2013-03-31,Denmark,Europe,0.0
2013-04-30,Denmark,Europe,2991663.29
2013-05-31,Denmark,Europe,5421853.42
2013-06-30,Denmark,Europe,69153.96
2013-07-31,Denmark,Europe,3736840.04
2013-08-31,Denmark,Europe,1835547.52
2013-09-30,Denmark,Europe,1854949.52
2013-10-31,Denmark,Europe,6273090.01
2013-11-30,Denmark,Europe,1993216.3900000001
2013-12-31,Denmark,Europe,5734933.35
2014-01-31,Denmark,Europe,5333201.22
2014-02-28,Denmark,Europe,427374.57
2014-03-31,Denmark,Europe,649997.44
2014-04-30,Denmark,Europe,14341390.54
2014-05-31,Denmark,Europe,5984850.850000001
2014-06-30,Denmark,Europe,4998461.5200000005
2014-07-31,Denmark,Europe,1453291.5699999998
2014-08-31,Denmark,Europe,1234065.9
2014-09-30,Denmark,Europe,182255.45
2014-10-31,Denmark,Europe,2294830.6500000004
2014-11-30,Denmark,Europe,2228553.1
2014-12-31,Denmark,Europe,10662137.52
2015-01-31,Denmark,Europe,2566801.2
2015-02-28,Denmark,Europe,6688440.71
2015-03-31,Denmark,Europe,3493678.25
2015-04-30,Denmark,Europe,4821394.62
2015-05-31,Denmark,Europe,1463242.2
2015-06-30,Denmark,Europe,5762833.95
2015-07-31,Denmark,Europe,1848253.8399999999
2015-08-31,Denmark,Europe,7110.51
2015-09-30,Denmark,Europe,7665934.17
2015-10-31,Denmark,Europe,13118170.709999999
2015-11-30,Denmark,Europe,6018116.03
2015-12-31,Denmark,Europe,5876374.949999999
2016-01-31,Denmark,Europe,4837748.2
2016-02-29,Denmark,Europe,2882601.2
2016-03-31,Denmark,Europe,0.0
2016-04-30,Denmark,Europe,1936676.4900000002
2016-05-31,Denmark,Europe,7012155.17
2016-06-30,Denmark,Europe,1595286.05
2016-07-31,Denmark,Europe,1674892.08
2016-08-31,Denmark,Europe,4155951.6
2016-09-30,Denmark,Europe,1233248.63
2016-10-31,Denmark,Europe,8251457.430000001
2016-11-30,Denmark,Europe,438532.9
2016-12-31,Denmark,Europe,6469619.1899999995
2017-01-31,Denmark,Europe,614729.11
2017-02-28,Denmark,Europe,716729.52
2017-03-31,Denmark,Europe,2153764.96
2017-04-30,Denmark,Europe,4990133.79
2017-05-31,Denmark,Europe,2072836.0699999998
2017-06-30,Denmark,Europe,2461377.26
2010-01-31,Djibouti,Sub-Saharan Africa,10684834.84
2010-02-28,Djibouti,Sub-Saharan Africa,218228.06
2010-03-31,Djibouti,Sub-Saharan Africa,4732644.15
2010-04-30,Djibouti,Sub-Saharan Africa,4319643.8
2010-05-31,Djibouti,Sub-Saharan Africa,6666082.7299999995
2010-06-30,Djibouti,Sub-Saharan Africa,2426025.25
2010-07-31,Djibouti,Sub-Saharan Africa,5774686.96
2010-08-31,Djibouti,Sub-Saharan Africa,816844.0
2010-09-30,Djibouti,Sub-Saharan Africa,982864.3200000001
2010-10-31,Djibouti,Sub-Saharan Africa,11511930.200000001
2010-11-30,Djibouti,Sub-Saharan Africa,6269885.199999999
2010-12-31,Djibouti,Sub-Saharan Africa,1925440.69
2011-01-31,Djibouti,Sub-Saharan Africa,220305.8
2011-02-28,Djibouti,Sub-Saharan Africa,14402670.91
2011-03-31,Djibouti,Sub-Saharan Africa,3446726.17
2011-04-30,Djibouti,Sub-Saharan Africa,10659290.63
2011-05-31,Djibouti,Sub-Saharan Africa,1351527.55
2011-06-30,Djibouti,Sub-Saharan Africa,3863689.81
2011-07-31,Djibouti,Sub-Saharan Africa,9707158.45
2011-08-31,Djibouti,Sub-Saharan Africa,6145095.16
2011-09-30,Djibouti,Sub-Saharan Africa,512960.32
2011-10-31,Djibouti,Sub-Saharan Africa,7722408.82
2011-11-30,Djibouti,Sub-Saharan Africa,9628139.850000001
2011-12-31,Djibouti,Sub-Saharan Africa,323341.57
2012-01-31,Djibouti,Sub-Saharan Africa,3709642.0
2012-02-29,Djibouti,Sub-Saharan Africa,272069.96
2012-03-31,Djibouti,Sub-Saharan Africa,9763480.24
2012-04-30,Djibouti,Sub-Saharan Africa,753273.4
2012-05-31,Djibouti,Sub-Saharan Africa,2894551.1300000004
2012-06-30,Djibouti,Sub-Saharan Africa,0.0
2012-07-31,Djibouti,Sub-Saharan Africa,10161990.03
2012-08-31,Djibouti,Sub-Saharan Africa,6944129.51
2012-09-30,Djibouti,Sub-Saharan Africa,6077864.32
2012-10-31,Djibouti,Sub-Saharan Africa,595403.05
2012-11-30,Djibouti,Sub-Saharan Africa,2142774.75
2012-12-31,Djibouti,Sub-Saharan Africa,3393646.37
2013-01-31,Djibouti,Sub-Saharan Africa,3507171.57
2013-02-28,Djibouti,Sub-Saharan Africa,3217788.34
2013-03-31,Djibouti,Sub-Saharan Africa,217725.6
2013-04-30,Djibouti,Sub-Saharan Africa,2029869.64
2013-05-31,Djibouti,Sub-Saharan Africa,3200722.79
2013-06-30,Djibouti,Sub-Saharan Africa,0.0
2013-07-31,Djibouti,Sub-Saharan Africa,5177699.92
2013-08-31,Djibouti,Sub-Saharan Africa,7237946.18
2013-09-30,Djibouti,Sub-Saharan Africa,3870342.7100000004
2013-10-31,Djibouti,Sub-Saharan Africa,3690308.0
2013-11-30,Djibouti,Sub-Saharan Africa,2856279.2600000002
2013-12-31,Djibouti,Sub-Saharan Africa,6098900.57
2014-01-31,Djibouti,Sub-Saharan Africa,3008344.5100000002
2014-02-28,Djibouti,Sub-Saharan Africa,4086707.4000000004
2014-03-31,Djibouti,Sub-Saharan Africa,2316043.66
2014-04-30,Djibouti,Sub-Saharan Africa,5168122.04
2014-05-31,Djibouti,Sub-Saharan Africa,5217957.359999999
2014-06-30,Djibouti,Sub-Saharan Africa,8121377.22
2014-07-31,Djibouti,Sub-Saharan Africa,3934522.29
2014-08-31,Djibouti,Sub-Saharan Africa,1301845.97
2014-09-30,Djibouti,Sub-Saharan Africa,6239192.66
2014-10-31,Djibouti,Sub-Saharan Africa,4934529.28
2014-11-30,Djibouti,Sub-Saharan Africa,6095134.63
2014-12-31,Djibouti,Sub-Saharan Africa,515307.65
2015-01-31,Djibouti,Sub-Saharan Africa,2768763.51
2015-02-28,Djibouti,Sub-Saharan Africa,5874761.57
2015-03-31,Djibouti,Sub-Saharan Africa,2329916.14
2015-04-30,Djibouti,Sub-Saharan Africa,7856702.75
2015-05-31,Djibouti,Sub-Saharan Africa,5512807.59
2015-06-30,Djibouti,Sub-Saharan Africa,6791313.17
2015-07-31,Djibouti,Sub-Saharan Africa,552339.6
2015-08-31,Djibouti,Sub-Saharan Africa,7045642.62
2015-09-30,Djibouti,Sub-Saharan Africa,7717562.84
2015-10-31,Djibouti,Sub-Saharan Africa,2309694.98
2015-11-30,Djibouti,Sub-Saharan Africa,901916.96
2015-12-31,Djibouti,Sub-Saharan Africa,2910018.23
2016-01-31,Djibouti,Sub-Saharan Africa,6167469.0
2016-02-29,Djibouti,Sub-Saharan Africa,6121655.75
2016-03-31,Djibouti,Sub-Saharan Africa,1459018.4700000002
2016-04-30,Djibouti,Sub-Saharan Africa,94374.73
2016-05-31,Djibouti,Sub-Saharan Africa,2563975.28
2016-06-30,Djibouti,Sub-Saharan Africa,4952477.899999999
2016-07-31,Djibouti,Sub-Saharan Africa,5591268.210000001
2016-08-31,Djibouti,Sub-Saharan Africa,0.0
2016-09-30,Djibouti,Sub-Saharan Africa,5170320.289999999
2016-10-31,Djibouti,Sub-Saharan Africa,2882051.15
2016-11-30,Djibouti,Sub-Saharan Africa,7667263.22
2016-12-31,Djibouti,Sub-Saharan Africa,3394599.26
2017-01-31,Djibouti,Sub-Saharan Africa,3160554.68
2017-02-28,Djibouti,Sub-Saharan Africa,9184628.74
2017-03-31,Djibouti,Sub-Saharan Africa,7247473.850000001
2017-04-30,Djibouti,Sub-Saharan Africa,2486197.77
2017-05-31,Djibouti,Sub-Saharan Africa,636641.5
2017-06-30,Djibouti,Sub-Saharan Africa,425317.76
2010-01-31,Dominica,Central America and the Caribbean,5522078.76
2010-02-28,Dominica,Central America and the Caribbean,6643505.33
2010-03-31,Dominica,Central America and the Caribbean,8981841.04
2010-04-30,Dominica,Central America and the Caribbean,1013588.94
2010-05-31,Dominica,Central America and the Caribbean,6697591.800000001
2010-06-30,Dominica,Central America and the Caribbean,0.0
2010-07-31,Dominica,Central America and the Caribbean,3165730.7600000002
2010-08-31,Dominica,Central America and the Caribbean,1336459.5999999999
2010-09-30,Dominica,Central America and the Caribbean,5419871.84
2010-10-31,Dominica,Central America and the Caribbean,940870.58
2010-11-30,Dominica,Central America and the Caribbean,3324210.75
2010-12-31,Dominica,Central America and the Caribbean,3462629.98
2011-01-31,Dominica,Central America and the Caribbean,677663.0800000001
2011-02-28,Dominica,Central America and the Caribbean,0.0
2011-03-31,Dominica,Central America and the Caribbean,6017866.07
2011-04-30,Dominica,Central America and the Caribbean,2204149.02
2011-05-31,Dominica,Central America and the Caribbean,0.0
2011-06-30,Dominica,Central America and the Caribbean,13523.25
2011-07-31,Dominica,Central America and the Caribbean,7495778.5
2011-08-31,Dominica,Central America and the Caribbean,6847910.989999999
2011-09-30,Dominica,Central America and the Caribbean,744651.76
2011-10-31,Dominica,Central America and the Caribbean,9066335.91
2011-11-30,Dominica,Central America and the Caribbean,9663532.17
2011-12-31,Dominica,Central America and the Caribbean,4429358.93
2012-01-31,Dominica,Central America and the Caribbean,5800515.54
2012-02-29,Dominica,Central America and the Caribbean,1258472.6
2012-03-31,Dominica,Central America and the Caribbean,3444866.88
2012-04-30,Dominica,Central America and the Caribbean,6286507.0
2012-05-31,Dominica,Central America and the Caribbean,946220.0
2012-06-30,Dominica,Central America and the Caribbean,466760.03
2012-07-31,Dominica,Central America and the Caribbean,1349561.61
2012-08-31,Dominica,Central America and the Caribbean,3925870.97
2012-09-30,Dominica,Central America and the Caribbean,725505.76
2012-10-31,Dominica,Central America and the Caribbean,5108198.8
2012-11-30,Dominica,Central America and the Caribbean,2418491.01
2012-12-31,Dominica,Central America and the Caribbean,3149616.12
2013-01-31,Dominica,Central America and the Caribbean,2053272.8399999999
2013-02-28,Dominica,Central America and the Caribbean,6137655.57
2013-03-31,Dominica,Central America and the Caribbean,3981905.46
2013-04-30,Dominica,Central America and the Caribbean,1934001.28
2013-05-31,Dominica,Central America and the Caribbean,4369499.53
2013-06-30,Dominica,Central America and the Caribbean,1588415.4
2013-07-31,Dominica,Central America and the Caribbean,6076533.02
2013-08-31,Dominica,Central America and the Caribbean,3247689.1500000004
2013-09-30,Dominica,Central America and the Caribbean,6154082.42
2013-10-31,Dominica,Central America and the Caribbean,1189759.33
2013-11-30,Dominica,Central America and the Caribbean,1716056.74
2013-12-31,Dominica,Central America and the Caribbean,7425689.970000001
2014-01-31,Dominica,Central America and the Caribbean,4898755.48
2014-02-28,Dominica,Central America and the Caribbean,6416868.03
2014-03-31,Dominica,Central America and the Caribbean,0.0
2014-04-30,Dominica,Central America and the Caribbean,193833.46
2014-05-31,Dominica,Central America and the Caribbean,4179133.35
2014-06-30,Dominica,Central America and the Caribbean,2873628.64
2014-07-31,Dominica,Central America and the Caribbean,5918215.34
2014-08-31,Dominica,Central America and the Caribbean,4412067.41
2014-09-30,Dominica,Central America and the Caribbean,2331658.96
2014-10-31,Dominica,Central America and the Caribbean,2546455.16
2014-11-30,Dominica,Central America and the Caribbean,1886776.82
2014-12-31,Dominica,Central America and the Caribbean,4013810.63
2015-01-31,Dominica,Central America and the Caribbean,13945255.74
2015-02-28,Dominica,Central America and the Caribbean,11104404.36
2015-03-31,Dominica,Central America and the Caribbean,9224088.010000002
2015-04-30,Dominica,Central America and the Caribbean,1582546.09
2015-05-31,Dominica,Central America and the Caribbean,2584006.7
2015-06-30,Dominica,Central America and the Caribbean,453173.1
2015-07-31,Dominica,Central America and the Caribbean,1323630.8
2015-08-31,Dominica,Central America and the Caribbean,6775877.350000001
2015-09-30,Dominica,Central America and the Caribbean,6701485.77
2015-10-31,Dominica,Central America and the Caribbean,3190445.07
2015-11-30,Dominica,Central America and the Caribbean,1420674.8399999999
2015-12-31,Dominica,Central America and the Caribbean,5767115.76
2016-01-31,Dominica,Central America and the Caribbean,1974590.8
2016-02-29,Dominica,Central America and the Caribbean,3531409.6199999996
2016-03-31,Dominica,Central America and the Caribbean,12050208.16
2016-04-30,Dominica,Central America and the Caribbean,3064562.78
2016-05-31,Dominica,Central America and the Caribbean,3413643.5799999996
2016-06-30,Dominica,Central America and the Caribbean,2672216.14
2016-07-31,Dominica,Central America and the Caribbean,3104909.37
2016-08-31,Dominica,Central America and the Caribbean,4694463.3100000005
2016-09-30,Dominica,Central America and the Caribbean,10944887.18
2016-10-31,Dominica,Central America and the Caribbean,0.0
2016-11-30,Dominica,Central America and the Caribbean,1711337.28
2016-12-31,Dominica,Central America and the Caribbean,3732091.83
2017-01-31,Dominica,Central America and the Caribbean,1231910.6400000001
2017-02-28,Dominica,Central America and the Caribbean,3171887.19
2017-03-31,Dominica,Central America and the Caribbean,13677505.68
2017-04-30,Dominica,Central America and the Caribbean,8779722.0
2017-05-31,Dominica,Central America and the Caribbean,0.0
2017-06-30,Dominica,Central America and the Caribbean,5007153.69
2010-01-31,Dominican Republic,Central America and the Caribbean,2847090.12
2010-02-28,Dominican Republic,Central America and the Caribbean,12788636.620000001
2010-03-31,Dominican Republic,Central America and the Caribbean,6015159.24
2010-04-30,Dominican Republic,Central America and the Caribbean,1551752.42
2010-05-31,Dominican Republic,Central America and the Caribbean,0.0
2010-06-30,Dominican Republic,Central America and the Caribbean,9909088.760000002
2010-07-31,Dominican Republic,Central America and the Caribbean,13278977.73
2010-08-31,Dominican Republic,Central America and the Caribbean,3827188.15
2010-09-30,Dominican Republic,Central America and the Caribbean,387107.99
2010-10-31,Dominican Republic,Central America and the Caribbean,8625990.43
2010-11-30,Dominican Republic,Central America and the Caribbean,3155953.29
2010-12-31,Dominican Republic,Central America and the Caribbean,4511256.79
2011-01-31,Dominican Republic,Central America and the Caribbean,2855349.27
2011-02-28,Dominican Republic,Central America and the Caribbean,4717053.5
2011-03-31,Dominican Republic,Central America and the Caribbean,7684341.210000001
2011-04-30,Dominican Republic,Central America and the Caribbean,11263678.75
2011-05-31,Dominican Republic,Central America and the Caribbean,2168252.03
2011-06-30,Dominican Republic,Central America and the Caribbean,5685853.18
2011-07-31,Dominican Republic,Central America and the Caribbean,5232294.13
2011-08-31,Dominican Republic,Central America and the Caribbean,8613239.15
2011-09-30,Dominican Republic,Central America and the Caribbean,382779.15
2011-10-31,Dominican Republic,Central America and the Caribbean,2445522.2
2011-11-30,Dominican Republic,Central America and the Caribbean,4487631.69
2011-12-31,Dominican Republic,Central America and the Caribbean,3339857.4
2012-01-31,Dominican Republic,Central America and the Caribbean,0.0
2012-02-29,Dominican Republic,Central America and the Caribbean,378946.56000000006
2012-03-31,Dominican Republic,Central America and the Caribbean,1812992.21
2012-04-30,Dominican Republic,Central America and the Caribbean,0.0
2012-05-31,Dominican Republic,Central America and the Caribbean,8336374.5600000005
2012-06-30,Dominican Republic,Central America and the Caribbean,552006.22
2012-07-31,Dominican Republic,Central America and the Caribbean,9566539.23
2012-08-31,Dominican Republic,Central America and the Caribbean,6010568.0600000005
2012-09-30,Dominican Republic,Central America and the Caribbean,5653154.01
2012-10-31,Dominican Republic,Central America and the Caribbean,4731886.34
2012-11-30,Dominican Republic,Central America and the Caribbean,6417862.29
2012-12-31,Dominican Republic,Central America and the Caribbean,54337.92
2013-01-31,Dominican Republic,Central America and the Caribbean,1463628.12
2013-02-28,Dominican Republic,Central America and the Caribbean,1400384.62
2013-03-31,Dominican Republic,Central America and the Caribbean,3968704.6500000004
2013-04-30,Dominican Republic,Central America and the Caribbean,5563931.54
2013-05-31,Dominican Republic,Central America and the Caribbean,7593899.12
2013-06-30,Dominican Republic,Central America and the Caribbean,4058325.9
2013-07-31,Dominican Republic,Central America and the Caribbean,983673.1
2013-08-31,Dominican Republic,Central America and the Caribbean,1148944.3499999999
2013-09-30,Dominican Republic,Central America and the Caribbean,3518388.54
2013-10-31,Dominican Republic,Central America and the Caribbean,1711553.04
2013-11-30,Dominican Republic,Central America and the Caribbean,0.0
2013-12-31,Dominican Republic,Central America and the Caribbean,453266.52
2014-01-31,Dominican Republic,Central America and the Caribbean,3471457.2600000002
2014-02-28,Dominican Republic,Central America and the Caribbean,4285871.6
2014-03-31,Dominican Republic,Central America and the Caribbean,225387.5
2014-04-30,Dominican Republic,Central America and the Caribbean,4476465.53
2014-05-31,Dominican Republic,Central America and the Caribbean,6328384.899999999
2014-06-30,Dominican Republic,Central America and the Caribbean,153405.85
2014-07-31,Dominican Republic,Central America and the Caribbean,444921.17000000004
2014-08-31,Dominican Republic,Central America and the Caribbean,10005371.709999999
2014-09-30,Dominican Republic,Central America and the Caribbean,6317425.7
2014-10-31,Dominican Republic,Central America and the Caribbean,1391354.1600000001
2014-11-30,Dominican Republic,Central America and the Caribbean,10237386.66
2014-12-31,Dominican Republic,Central America and the Caribbean,6562247.28
2015-01-31,Dominican Republic,Central America and the Caribbean,2013284.52
2015-02-28,Dominican Republic,Central America and the Caribbean,6917672.93
2015-03-31,Dominican Republic,Central America and the Caribbean,2876561.27
2015-04-30,Dominican Republic,Central America and the Caribbean,12061076.65
2015-05-31,Dominican Republic,Central America and the Caribbean,4064157.19
2015-06-30,Dominican Republic,Central America and the Caribbean,7540270.92
2015-07-31,Dominican Republic,Central America and the Caribbean,5398030.63
2015-08-31,Dominican Republic,Central America and the Caribbean,252433.31
2015-09-30,Dominican Republic,Central America and the Caribbean,174493.55
2015-10-31,Dominican Republic,Central America and the Caribbean,3718698.52
2015-11-30,Dominican Republic,Central America and the Caribbean,4483223.41
2015-12-31,Dominican Republic,Central America and the Caribbean,4375940.11
2016-01-31,Dominican Republic,Central America and the Caribbean,1727566.59
2016-02-29,Dominican Republic,Central America and the Caribbean,4518955.47
2016-03-31,Dominican Republic,Central America and the Caribbean,2266934.24
2016-04-30,Dominican Republic,Central America and the Caribbean,4320202.14
2016-05-31,Dominican Republic,Central America and the Caribbean,1364781.36
2016-06-30,Dominican Republic,Central America and the Caribbean,1435716.8
2016-07-31,Dominican Republic,Central America and the Caribbean,190938.8
2016-08-31,Dominican Republic,Central America and the Caribbean,2009230.92
2016-09-30,Dominican Republic,Central America and the Caribbean,883101.58
2016-10-31,Dominican Republic,Central America and the Caribbean,3146848.19
2016-11-30,Dominican Republic,Central America and the Caribbean,0.0
2016-12-31,Dominican Republic,Central America and the Caribbean,5069949.33
2017-01-31,Dominican Republic,Central America and the Caribbean,1662594.63
2017-02-28,Dominican Republic,Central America and the Caribbean,10104539.06
2017-03-31,Dominican Republic,Central America and the Caribbean,1552097.88
2017-04-30,Dominican Republic,Central America and the Caribbean,103017.95999999999
2017-05-31,Dominican Republic,Central America and the Caribbean,5280804.35
2017-06-30,Dominican Republic,Central America and the Caribbean,732521.64
2010-01-31,East Timor,Australia and Oceania,4468029.51
2010-02-28,East Timor,Australia and Oceania,6848830.85
2010-03-31,East Timor,Australia and Oceania,11436707.98
2010-04-30,East Timor,Australia and Oceania,4250838.069999999
2010-05-31,East Timor,Australia and Oceania,4926532.05
2010-06-30,East Timor,Australia and Oceania,2412696.79
2010-07-31,East Timor,Australia and Oceania,784022.27
2010-08-31,East Timor,Australia and Oceania,6019191.76
2010-09-30,East Timor,Australia and Oceania,8227953.07
2010-10-31,East Timor,Australia and Oceania,4065048.7600000002
2010-11-30,East Timor,Australia and Oceania,4685433.02
2010-12-31,East Timor,Australia and Oceania,2080635.71
2011-01-31,East Timor,Australia and Oceania,909830.4299999999
2011-02-28,East Timor,Australia and Oceania,5892835.7
2011-03-31,East Timor,Australia and Oceania,978611.25
2011-04-30,East Timor,Australia and Oceania,438770.15
2011-05-31,East Timor,Australia and Oceania,5039739.52
2011-06-30,East Timor,Australia and Oceania,3682835.97
2011-07-31,East Timor,Australia and Oceania,734346.4500000001
2011-08-31,East Timor,Australia and Oceania,14143168.14
2011-09-30,East Timor,Australia and Oceania,8304890.83
2011-10-31,East Timor,Australia and Oceania,6308092.91
2011-11-30,East Timor,Australia and Oceania,556019.5
2011-12-31,East Timor,Australia and Oceania,6137391.68
2012-01-31,East Timor,Australia and Oceania,644455.84
2012-02-29,East Timor,Australia and Oceania,7704303.2299999995
2012-03-31,East Timor,Australia and Oceania,3673474.4099999997
2012-04-30,East Timor,Australia and Oceania,4782474.74
2012-05-31,East Timor,Australia and Oceania,4265896.99
2012-06-30,East Timor,Australia and Oceania,7866477.28
2012-07-31,East Timor,Australia and Oceania,0.0
2012-08-31,East Timor,Australia and Oceania,1297169.05
2012-09-30,East Timor,Australia and Oceania,7315631.62
2012-10-31,East Timor,Australia and Oceania,13241886.040000001
2012-11-30,East Timor,Australia and Oceania,828014.56
2012-12-31,East Timor,Australia and Oceania,1664703.26
2013-01-31,East Timor,Australia and Oceania,4109544.77
2013-02-28,East Timor,Australia and Oceania,0.0
2013-03-31,East Timor,Australia and Oceania,14861027.9
2013-04-30,East Timor,Australia and Oceania,224580.85
2013-05-31,East Timor,Australia and Oceania,10654663.490000002
2013-06-30,East Timor,Australia and Oceania,8876425.379999999
2013-07-31,East Timor,Australia and Oceania,483996.3
2013-08-31,East Timor,Australia and Oceania,5406325.670000001
2013-09-30,East Timor,Australia and Oceania,0.0
2013-10-31,East Timor,Australia and Oceania,15433012.01
2013-11-30,East Timor,Australia and Oceania,1483508.4
2013-12-31,East Timor,Australia and Oceania,3691469.2800000003
2014-01-31,East Timor,Australia and Oceania,0.0
2014-02-28,East Timor,Australia and Oceania,945397.2
2014-03-31,East Timor,Australia and Oceania,1977515.68
2014-04-30,East Timor,Australia and Oceania,5657061.27
2014-05-31,East Timor,Australia and Oceania,370745.6
2014-06-30,East Timor,Australia and Oceania,2597154.84
2014-07-31,East Timor,Australia and Oceania,1563496.32
2014-08-31,East Timor,Australia and Oceania,10814374.28
2014-09-30,East Timor,Australia and Oceania,3900459.98
2014-10-31,East Timor,Australia and Oceania,92124.42
2014-11-30,East Timor,Australia and Oceania,8378283.359999999
2014-12-31,East Timor,Australia and Oceania,3233550.88
2015-01-31,East Timor,Australia and Oceania,380687.1
2015-02-28,East Timor,Australia and Oceania,2028240.6
2015-03-31,East Timor,Australia and Oceania,514560.4
2015-04-30,East Timor,Australia and Oceania,7718985.72
2015-05-31,East Timor,Australia and Oceania,2490416.67
2015-06-30,East Timor,Australia and Oceania,5534503.79
2015-07-31,East Timor,Australia and Oceania,2726015.54
2015-08-31,East Timor,Australia and Oceania,1626716.3199999998
2015-09-30,East Timor,Australia and Oceania,1236050.58
2015-10-31,East Timor,Australia and Oceania,8312779.14
2015-11-30,East Timor,Australia and Oceania,1094241.06
2015-12-31,East Timor,Australia and Oceania,1933579.48
2016-01-31,East Timor,Australia and Oceania,2383920.75
2016-02-29,East Timor,Australia and Oceania,6966122.529999999
2016-03-31,East Timor,Australia and Oceania,865334.43
2016-04-30,East Timor,Australia and Oceania,10952229.77
2016-05-31,East Timor,Australia and Oceania,4420211.18
2016-06-30,East Timor,Australia and Oceania,4061406.6
2016-07-31,East Timor,Australia and Oceania,613983.9900000001
2016-08-31,East Timor,Australia and Oceania,3298803.27
2016-09-30,East Timor,Australia and Oceania,6851012.25
2016-10-31,East Timor,Australia and Oceania,2447629.6799999997
2016-11-30,East Timor,Australia and Oceania,1645687.07
2016-12-31,East Timor,Australia and Oceania,2219450.62
2017-01-31,East Timor,Australia and Oceania,9876573.04
2017-02-28,East Timor,Australia and Oceania,69937.68
2017-03-31,East Timor,Australia and Oceania,6329842.149999999
2017-04-30,East Timor,Australia and Oceania,5125687.8
2017-05-31,East Timor,Australia and Oceania,8636232.219999999
2017-06-30,East Timor,Australia and Oceania,1816811.68
2010-01-31,Egypt,Middle East and North Africa,1241124.28
2010-02-28,Egypt,Middle East and North Africa,9794623.12
2010-03-31,Egypt,Middle East and North Africa,1738354.6600000001
2010-04-30,Egypt,Middle East and North Africa,4584965.15
2010-05-31,Egypt,Middle East and North Africa,2219381.8200000003
2010-06-30,Egypt,Middle East and North Africa,2591079.69
2010-07-31,Egypt,Middle East and North Africa,8797238.18
2010-08-31,Egypt,Middle East and North Africa,3662363.99
2010-09-30,Egypt,Middle East and North Africa,2553971.0500000003
2010-10-31,Egypt,Middle East and North Africa,137462.65
2010-11-30,Egypt,Middle East and North Africa,4048159.23
2010-12-31,Egypt,Middle East and North Africa,2216604.0
2011-01-31,Egypt,Middle East and North Africa,2242422.08
2011-02-28,Egypt,Middle East and North Africa,5317660.82
2011-03-31,Egypt,Middle East and North Africa,2529029.9699999997
2011-04-30,Egypt,Middle East and North Africa,704329.2
2011-05-31,Egypt,Middle East and North Africa,4414591.62
2011-06-30,Egypt,Middle East and North Africa,3730222.02
2011-07-31,Egypt,Middle East and North Africa,1274805.67
2011-08-31,Egypt,Middle East and North Africa,7813217.58
2011-09-30,Egypt,Middle East and North Africa,9908988.49
2011-10-31,Egypt,Middle East and North Africa,2027462.31
2011-11-30,Egypt,Middle East and North Africa,5404661.45
2011-12-31,Egypt,Middle East and North Africa,4362128.23
2012-01-31,Egypt,Middle East and North Africa,15008550.049999999
2012-02-29,Egypt,Middle East and North Africa,4615895.16
2012-03-31,Egypt,Middle East and North Africa,5720241.899999999
2012-04-30,Egypt,Middle East and North Africa,5353610.93
2012-05-31,Egypt,Middle East and North Africa,9809237.209999999
2012-06-30,Egypt,Middle East and North Africa,5042323.45
2012-07-31,Egypt,Middle East and North Africa,1900750.54
2012-08-31,Egypt,Middle East and North Africa,5890426.7299999995
2012-09-30,Egypt,Middle East and North Africa,8231657.57
2012-10-31,Egypt,Middle East and North Africa,3228287.76
2012-11-30,Egypt,Middle East and North Africa,1498318.8
2012-12-31,Egypt,Middle East and North Africa,5498612.86
2013-01-31,Egypt,Middle East and North Africa,625818.29
2013-02-28,Egypt,Middle East and North Africa,1581693.24
2013-03-31,Egypt,Middle East and North Africa,1159105.09
2013-04-30,Egypt,Middle East and North Africa,1881169.13
2013-05-31,Egypt,Middle East and North Africa,3575941.44
2013-06-30,Egypt,Middle East and North Africa,2315088.15
2013-07-31,Egypt,Middle East and North Africa,5831127.1
2013-08-31,Egypt,Middle East and North Africa,2775517.2
2013-09-30,Egypt,Middle East and North Africa,687172.86
2013-10-31,Egypt,Middle East and North Africa,2597840.9699999997
2013-11-30,Egypt,Middle East and North Africa,4053105.38
2013-12-31,Egypt,Middle East and North Africa,0.0
2014-01-31,Egypt,Middle East and North Africa,6736174.72
2014-02-28,Egypt,Middle East and North Africa,6852795.7
2014-03-31,Egypt,Middle East and North Africa,4583600.0
2014-04-30,Egypt,Middle East and North Africa,7947113.13
2014-05-31,Egypt,Middle East and North Africa,3610085.11
2014-06-30,Egypt,Middle East and North Africa,113228.88
2014-07-31,Egypt,Middle East and North Africa,841363.32
2014-08-31,Egypt,Middle East and North Africa,3438816.09
2014-09-30,Egypt,Middle East and North Africa,5428626.9
2014-10-31,Egypt,Middle East and North Africa,0.0
2014-11-30,Egypt,Middle East and North Africa,941568.7899999999
2014-12-31,Egypt,Middle East and North Africa,3519897.2
2015-01-31,Egypt,Middle East and North Africa,1663152.58
2015-02-28,Egypt,Middle East and North Africa,5277841.0600000005
2015-03-31,Egypt,Middle East and North Africa,428494.07
2015-04-30,Egypt,Middle East and North Africa,6349721.54
2015-05-31,Egypt,Middle East and North Africa,1875484.8
2015-06-30,Egypt,Middle East and North Africa,0.0
2015-07-31,Egypt,Middle East and North Africa,3477456.83
2015-08-31,Egypt,Middle East and North Africa,11681247.55
2015-09-30,Egypt,Middle East and North Africa,2231601.0700000003
2015-10-31,Egypt,Middle East and North Africa,4481851.14
2015-11-30,Egypt,Middle East and North Africa,325401.24
2015-12-31,Egypt,Middle East and North Africa,1747457.15
2016-01-31,Egypt,Middle East and North Africa,3309365.65
2016-02-29,Egypt,Middle East and North Africa,3899979.92
2016-03-31,Egypt,Middle East and North Africa,1376834.22
2016-04-30,Egypt,Middle East and North Africa,12534726.129999999
2016-05-31,Egypt,Middle East and North Africa,1409620.55
2016-06-30,Egypt,Middle East and North Africa,5716321.38
2016-07-31,Egypt,Middle East and North Africa,1213432.36
2016-08-31,Egypt,Middle East and North Africa,4815836.24
2016-09-30,Egypt,Middle East and North Africa,3723059.51
2016-10-31,Egypt,Middle East and North Africa,11559580.19
2016-11-30,Egypt,Middle East and North Africa,9443579.86
2016-12-31,Egypt,Middle East and North Africa,1932791.28
2017-01-31,Egypt,Middle East and North Africa,0.0
2017-02-28,Egypt,Middle East and North Africa,1364567.8
2017-03-31,Egypt,Middle East and North Africa,3788802.99
2017-04-30,Egypt,Middle East and North Africa,1922839.5
2017-05-31,Egypt,Middle East and North Africa,2456890.77
2017-06-30,Egypt,Middle East and North Africa,1623795.1099999999
2010-01-31,El Salvador,Central America and the Caribbean,718868.48
2010-02-28,El Salvador,Central America and the Caribbean,452747.04
2010-03-31,El Salvador,Central America and the Caribbean,1840284.18
2010-04-30,El Salvador,Central America and the Caribbean,2239436.06
2010-05-31,El Salvador,Central America and the Caribbean,5578179.7700000005
2010-06-30,El Salvador,Central America and the Caribbean,0.0
2010-07-31,El Salvador,Central America and the Caribbean,6399515.43
2010-08-31,El Salvador,Central America and the Caribbean,1340079.05
2010-09-30,El Salvador,Central America and the Caribbean,1488044.54
2010-10-31,El Salvador,Central America and the Caribbean,1354837.97
2010-11-30,El Salvador,Central America and the Caribbean,214320.12
2010-12-31,El Salvador,Central America and the Caribbean,540910.5499999999
2011-01-31,El Salvador,Central America and the Caribbean,729320.04
2011-02-28,El Salvador,Central America and the Caribbean,4679218.390000001
2011-03-31,El Salvador,Central America and the Caribbean,2809063.7
2011-04-30,El Salvador,Central America and the Caribbean,1605398.4
2011-05-31,El Salvador,Central America and the Caribbean,7651746.92
2011-06-30,El Salvador,Central America and the Caribbean,4529560.06
2011-07-31,El Salvador,Central America and the Caribbean,17018886.43
2011-08-31,El Salvador,Central America and the Caribbean,1112897.42
2011-09-30,El Salvador,Central America and the Caribbean,3564292.92
2011-10-31,El Salvador,Central America and the Caribbean,1186628.63
2011-11-30,El Salvador,Central America and the Caribbean,5843421.48
2011-12-31,El Salvador,Central America and the Caribbean,9599635.76
2012-01-31,El Salvador,Central America and the Caribbean,0.0
2012-02-29,El Salvador,Central America and the Caribbean,64274.37
2012-03-31,El Salvador,Central America and the Caribbean,1887677.8399999999
2012-04-30,El Salvador,Central America and the Caribbean,4292387.97
2012-05-31,El Salvador,Central America and the Caribbean,2793898.52
2012-06-30,El Salvador,Central America and the Caribbean,1561994.9
2012-07-31,El Salvador,Central America and the Caribbean,400497.9
2012-08-31,El Salvador,Central America and the Caribbean,3136619.9
2012-09-30,El Salvador,Central America and the Caribbean,0.0
2012-10-31,El Salvador,Central America and the Caribbean,431320.5
2012-11-30,El Salvador,Central America and the Caribbean,3272429.1799999997
2012-12-31,El Salvador,Central America and the Caribbean,354748.5
2013-01-31,El Salvador,Central America and the Caribbean,2488430.5
2013-02-28,El Salvador,Central America and the Caribbean,9951097.64
2013-03-31,El Salvador,Central America and the Caribbean,6355043.52
2013-04-30,El Salvador,Central America and the Caribbean,38755.32
2013-05-31,El Salvador,Central America and the Caribbean,8379416.65
2013-06-30,El Salvador,Central America and the Caribbean,1304888.2
2013-07-31,El Salvador,Central America and the Caribbean,8346537.630000001
2013-08-31,El Salvador,Central America and the Caribbean,5889545.91
2013-09-30,El Salvador,Central America and the Caribbean,1618514.06
2013-10-31,El Salvador,Central America and the Caribbean,7736165.22
2013-11-30,El Salvador,Central America and the Caribbean,2448802.96
2013-12-31,El Salvador,Central America and the Caribbean,1547810.9
2014-01-31,El Salvador,Central America and the Caribbean,5115599.68
2014-02-28,El Salvador,Central America and the Caribbean,1968353.2
2014-03-31,El Salvador,Central America and the Caribbean,3196247.0
2014-04-30,El Salvador,Central America and the Caribbean,1936610.6300000001
2014-05-31,El Salvador,Central America and the Caribbean,6462051.840000001
2014-06-30,El Salvador,Central America and the Caribbean,27995.5
2014-07-31,El Salvador,Central America and the Caribbean,5945658.7
2014-08-31,El Salvador,Central America and the Caribbean,11593822.54
2014-09-30,El Salvador,Central America and the Caribbean,1811812.1800000002
2014-10-31,El Salvador,Central America and the Caribbean,0.0
2014-11-30,El Salvador,Central America and the Caribbean,3146646.7199999997
2014-12-31,El Salvador,Central America and the Caribbean,4905244.0200000005
2015-01-31,El Salvador,Central America and the Caribbean,4813311.65
2015-02-28,El Salvador,Central America and the Caribbean,1301789.96
2015-03-31,El Salvador,Central America and the Caribbean,3110647.05
2015-04-30,El Salvador,Central America and the Caribbean,8833548.26
2015-05-31,El Salvador,Central America and the Caribbean,6927398.51
2015-06-30,El Salvador,Central America and the Caribbean,1497622.74
2015-07-31,El Salvador,Central America and the Caribbean,4616455.74
2015-08-31,El Salvador,Central America and the Caribbean,1344390.0
2015-09-30,El Salvador,Central America and the Caribbean,1565172.8900000001
2015-10-31,El Salvador,Central America and the Caribbean,3422896.46
2015-11-30,El Salvador,Central America and the Caribbean,810516.41
2015-12-31,El Salvador,Central America and the Caribbean,4238644.74
2016-01-31,El Salvador,Central America and the Caribbean,7005718.53
2016-02-29,El Salvador,Central America and the Caribbean,5253268.62
2016-03-31,El Salvador,Central America and the Caribbean,7065419.99
2016-04-30,El Salvador,Central America and the Caribbean,3293057.9
2016-05-31,El Salvador,Central America and the Caribbean,2706772.9
2016-06-30,El Salvador,Central America and the Caribbean,3974306.86
2016-07-31,El Salvador,Central America and the Caribbean,3238915.2
2016-08-31,El Salvador,Central America and the Caribbean,5581920.869999999
2016-09-30,El Salvador,Central America and the Caribbean,5607682.84
2016-10-31,El Salvador,Central America and the Caribbean,1984867.04
2016-11-30,El Salvador,Central America and the Caribbean,3421677.75
2016-12-31,El Salvador,Central America and the Caribbean,0.0
2017-01-31,El Salvador,Central America and the Caribbean,72027.6
2017-02-28,El Salvador,Central America and the Caribbean,4847508.73
2017-03-31,El Salvador,Central America and the Caribbean,2169872.84
2017-04-30,El Salvador,Central America and the Caribbean,838602.27
2017-05-31,El Salvador,Central America and the Caribbean,1837902.63
2017-06-30,El Salvador,Central America and the Caribbean,987192.6
2010-01-31,Equatorial Guinea,Sub-Saharan Africa,3557661.43
2010-02-28,Equatorial Guinea,Sub-Saharan Africa,2754587.49
2010-03-31,Equatorial Guinea,Sub-Saharan Africa,386716.0
2010-04-30,Equatorial Guinea,Sub-Saharan Africa,3546650.31
2010-05-31,Equatorial Guinea,Sub-Saharan Africa,3767654.1399999997
2010-06-30,Equatorial Guinea,Sub-Saharan Africa,0.0
2010-07-31,Equatorial Guinea,Sub-Saharan Africa,975827.4400000001
2010-08-31,Equatorial Guinea,Sub-Saharan Africa,818975.66
2010-09-30,Equatorial Guinea,Sub-Saharan Africa,6199555.3100000005
2010-10-31,Equatorial Guinea,Sub-Saharan Africa,6984475.77
2010-11-30,Equatorial Guinea,Sub-Saharan Africa,4385096.53
2010-12-31,Equatorial Guinea,Sub-Saharan Africa,6782522.01
2011-01-31,Equatorial Guinea,Sub-Saharan Africa,10118108.36
2011-02-28,Equatorial Guinea,Sub-Saharan Africa,741952.96
2011-03-31,Equatorial Guinea,Sub-Saharan Africa,1841398.6500000001
2011-04-30,Equatorial Guinea,Sub-Saharan Africa,2201024.16
2011-05-31,Equatorial Guinea,Sub-Saharan Africa,7187019.32
2011-06-30,Equatorial Guinea,Sub-Saharan Africa,5668863.93
2011-07-31,Equatorial Guinea,Sub-Saharan Africa,2414484.15
2011-08-31,Equatorial Guinea,Sub-Saharan Africa,3981640.6199999996
2011-09-30,Equatorial Guinea,Sub-Saharan Africa,2002155.13
2011-10-31,Equatorial Guinea,Sub-Saharan Africa,2411934.5999999996
2011-11-30,Equatorial Guinea,Sub-Saharan Africa,1637074.75
2011-12-31,Equatorial Guinea,Sub-Saharan Africa,3645373.6
2012-01-31,Equatorial Guinea,Sub-Saharan Africa,786051.04
2012-02-29,Equatorial Guinea,Sub-Saharan Africa,3663644.61
2012-03-31,Equatorial Guinea,Sub-Saharan Africa,7040716.840000001
2012-04-30,Equatorial Guinea,Sub-Saharan Africa,1551789.15
2012-05-31,Equatorial Guinea,Sub-Saharan Africa,7464850.62
2012-06-30,Equatorial Guinea,Sub-Saharan Africa,503456.8
2012-07-31,Equatorial Guinea,Sub-Saharan Africa,939037.55
2012-08-31,Equatorial Guinea,Sub-Saharan Africa,5893882.609999999
2012-09-30,Equatorial Guinea,Sub-Saharan Africa,9795698.22
2012-10-31,Equatorial Guinea,Sub-Saharan Africa,2244326.14
2012-11-30,Equatorial Guinea,Sub-Saharan Africa,1306428.8
2012-12-31,Equatorial Guinea,Sub-Saharan Africa,5115391.3
2013-01-31,Equatorial Guinea,Sub-Saharan Africa,3012338.4000000004
2013-02-28,Equatorial Guinea,Sub-Saharan Africa,5139293.67
2013-03-31,Equatorial Guinea,Sub-Saharan Africa,9166761.67
2013-04-30,Equatorial Guinea,Sub-Saharan Africa,7911136.959999999
2013-05-31,Equatorial Guinea,Sub-Saharan Africa,3707176.2
2013-06-30,Equatorial Guinea,Sub-Saharan Africa,1476437.4600000002
2013-07-31,Equatorial Guinea,Sub-Saharan Africa,939226.2
2013-08-31,Equatorial Guinea,Sub-Saharan Africa,68043.69
2013-09-30,Equatorial Guinea,Sub-Saharan Africa,5146882.91
2013-10-31,Equatorial Guinea,Sub-Saharan Africa,5099680.0
2013-11-30,Equatorial Guinea,Sub-Saharan Africa,5364719.14
2013-12-31,Equatorial Guinea,Sub-Saharan Africa,0.0
2014-01-31,Equatorial Guinea,Sub-Saharan Africa,733434.09
2014-02-28,Equatorial Guinea,Sub-Saharan Africa,9576690.45
2014-03-31,Equatorial Guinea,Sub-Saharan Africa,4533370.5200000005
2014-04-30,Equatorial Guinea,Sub-Saharan Africa,0.0
2014-05-31,Equatorial Guinea,Sub-Saharan Africa,4906189.08
2014-06-30,Equatorial Guinea,Sub-Saharan Africa,6534292.83
2014-07-31,Equatorial Guinea,Sub-Saharan Africa,3633182.67
2014-08-31,Equatorial Guinea,Sub-Saharan Africa,3758305.36
2014-09-30,Equatorial Guinea,Sub-Saharan Africa,793905.44
2014-10-31,Equatorial Guinea,Sub-Saharan Africa,144046.1
2014-11-30,Equatorial Guinea,Sub-Saharan Africa,6730280.009999999
2014-12-31,Equatorial Guinea,Sub-Saharan Africa,7141503.79
2015-01-31,Equatorial Guinea,Sub-Saharan Africa,5032754.35
2015-02-28,Equatorial Guinea,Sub-Saharan Africa,4605545.149999999
2015-03-31,Equatorial Guinea,Sub-Saharan Africa,5107822.2299999995
2015-04-30,Equatorial Guinea,Sub-Saharan Africa,3807337.39
2015-05-31,Equatorial Guinea,Sub-Saharan Africa,4878379.68
2015-06-30,Equatorial Guinea,Sub-Saharan Africa,2132669.8
2015-07-31,Equatorial Guinea,Sub-Saharan Africa,1046257.5199999999
2015-08-31,Equatorial Guinea,Sub-Saharan Africa,12197215.129999999
2015-09-30,Equatorial Guinea,Sub-Saharan Africa,5435220.0
2015-10-31,Equatorial Guinea,Sub-Saharan Africa,445183.47
2015-11-30,Equatorial Guinea,Sub-Saharan Africa,1547081.2200000002
2015-12-31,Equatorial Guinea,Sub-Saharan Africa,1573623.01
2016-01-31,Equatorial Guinea,Sub-Saharan Africa,2375890.96
2016-02-29,Equatorial Guinea,Sub-Saharan Africa,8899131.620000001
2016-03-31,Equatorial Guinea,Sub-Saharan Africa,4873412.109999999
2016-04-30,Equatorial Guinea,Sub-Saharan Africa,3007871.5
2016-05-31,Equatorial Guinea,Sub-Saharan Africa,2416480.48
2016-06-30,Equatorial Guinea,Sub-Saharan Africa,5107252.49
2016-07-31,Equatorial Guinea,Sub-Saharan Africa,1088984.8
2016-08-31,Equatorial Guinea,Sub-Saharan Africa,3260345.0
2016-09-30,Equatorial Guinea,Sub-Saharan Africa,1166735.0
2016-10-31,Equatorial Guinea,Sub-Saharan Africa,317693.7
2016-11-30,Equatorial Guinea,Sub-Saharan Africa,2412104.42
2016-12-31,Equatorial Guinea,Sub-Saharan Africa,378729.67000000004
2017-01-31,Equatorial Guinea,Sub-Saharan Africa,1391205.95
2017-02-28,Equatorial Guinea,Sub-Saharan Africa,3758402.45
2017-03-31,Equatorial Guinea,Sub-Saharan Africa,2043273.4800000002
2017-04-30,Equatorial Guinea,Sub-Saharan Africa,3056141.38
2017-05-31,Equatorial Guinea,Sub-Saharan Africa,1180093.16
2017-06-30,Equatorial Guinea,Sub-Saharan Africa,2415742.1
2010-01-31,Eritrea,Sub-Saharan Africa,1310933.81
2010-02-28,Eritrea,Sub-Saharan Africa,6692901.51
2010-03-31,Eritrea,Sub-Saharan Africa,5706302.78
2010-04-30,Eritrea,Sub-Saharan Africa,10813722.870000001
2010-05-31,Eritrea,Sub-Saharan Africa,3651794.9699999997
2010-06-30,Eritrea,Sub-Saharan Africa,6025631.16
2010-07-31,Eritrea,Sub-Saharan Africa,0.0
2010-08-31,Eritrea,Sub-Saharan Africa,5755750.42
2010-09-30,Eritrea,Sub-Saharan Africa,3693798.01
2010-10-31,Eritrea,Sub-Saharan Africa,6459084.319999999
2010-11-30,Eritrea,Sub-Saharan Africa,3584656.0
2010-12-31,Eritrea,Sub-Saharan Africa,210861.28
2011-01-31,Eritrea,Sub-Saharan Africa,8525296.16
2011-02-28,Eritrea,Sub-Saharan Africa,11460173.73
2011-03-31,Eritrea,Sub-Saharan Africa,1256343.72
2011-04-30,Eritrea,Sub-Saharan Africa,8953934.46
2011-05-31,Eritrea,Sub-Saharan Africa,265482.75
2011-06-30,Eritrea,Sub-Saharan Africa,1998936.98
2011-07-31,Eritrea,Sub-Saharan Africa,0.0
2011-08-31,Eritrea,Sub-Saharan Africa,7310025.47
2011-09-30,Eritrea,Sub-Saharan Africa,2387826.44
2011-10-31,Eritrea,Sub-Saharan Africa,4339946.45
2011-11-30,Eritrea,Sub-Saharan Africa,4270846.02
2011-12-31,Eritrea,Sub-Saharan Africa,10336431.1
2012-01-31,Eritrea,Sub-Saharan Africa,1654830.1400000001
2012-02-29,Eritrea,Sub-Saharan Africa,1940415.5999999999
2012-03-31,Eritrea,Sub-Saharan Africa,3090102.7800000003
2012-04-30,Eritrea,Sub-Saharan Africa,2282869.7800000003
2012-05-31,Eritrea,Sub-Saharan Africa,4009436.68
2012-06-30,Eritrea,Sub-Saharan Africa,0.0
2012-07-31,Eritrea,Sub-Saharan Africa,2585238.5100000002
2012-08-31,Eritrea,Sub-Saharan Africa,4728331.69
2012-09-30,Eritrea,Sub-Saharan Africa,1004283.2
2012-10-31,Eritrea,Sub-Saharan Africa,6903473.68
2012-11-30,Eritrea,Sub-Saharan Africa,329942.8
2012-12-31,Eritrea,Sub-Saharan Africa,6529918.84
2013-01-31,Eritrea,Sub-Saharan Africa,667630.7
2013-02-28,Eritrea,Sub-Saharan Africa,2725829.4
2013-03-31,Eritrea,Sub-Saharan Africa,454571.0
2013-04-30,Eritrea,Sub-Saharan Africa,5690649.93
2013-05-31,Eritrea,Sub-Saharan Africa,3529034.46
2013-06-30,Eritrea,Sub-Saharan Africa,3502277.6999999997
2013-07-31,Eritrea,Sub-Saharan Africa,276666.5
2013-08-31,Eritrea,Sub-Saharan Africa,11439615.940000001
2013-09-30,Eritrea,Sub-Saharan Africa,594504.48
2013-10-31,Eritrea,Sub-Saharan Africa,0.0
2013-11-30,Eritrea,Sub-Saharan Africa,0.0
2013-12-31,Eritrea,Sub-Saharan Africa,7055780.1899999995
2014-01-31,Eritrea,Sub-Saharan Africa,971907.9400000001
2014-02-28,Eritrea,Sub-Saharan Africa,5234720.74
2014-03-31,Eritrea,Sub-Saharan Africa,3247466.61
2014-04-30,Eritrea,Sub-Saharan Africa,3796691.3600000003
2014-05-31,Eritrea,Sub-Saharan Africa,2117854.27
2014-06-30,Eritrea,Sub-Saharan Africa,838523.9
2014-07-31,Eritrea,Sub-Saharan Africa,9010452.9
2014-08-31,Eritrea,Sub-Saharan Africa,6139832.68
2014-09-30,Eritrea,Sub-Saharan Africa,5912118.01
2014-10-31,Eritrea,Sub-Saharan Africa,2156455.38
2014-11-30,Eritrea,Sub-Saharan Africa,710969.2699999999
2014-12-31,Eritrea,Sub-Saharan Africa,6525503.76
2015-01-31,Eritrea,Sub-Saharan Africa,4725613.68
2015-02-28,Eritrea,Sub-Saharan Africa,2684441.9699999997
2015-03-31,Eritrea,Sub-Saharan Africa,5090769.77
2015-04-30,Eritrea,Sub-Saharan Africa,5964569.640000001
2015-05-31,Eritrea,Sub-Saharan Africa,2531262.16
2015-06-30,Eritrea,Sub-Saharan Africa,4437512.48
2015-07-31,Eritrea,Sub-Saharan Africa,9885921.4
2015-08-31,Eritrea,Sub-Saharan Africa,1605635.4300000002
2015-09-30,Eritrea,Sub-Saharan Africa,4160093.3200000003
2015-10-31,Eritrea,Sub-Saharan Africa,0.0
2015-11-30,Eritrea,Sub-Saharan Africa,6994611.87
2015-12-31,Eritrea,Sub-Saharan Africa,4712448.88
2016-01-31,Eritrea,Sub-Saharan Africa,1752952.95
2016-02-29,Eritrea,Sub-Saharan Africa,2192249.74
2016-03-31,Eritrea,Sub-Saharan Africa,5463446.9799999995
2016-04-30,Eritrea,Sub-Saharan Africa,1379803.2
2016-05-31,Eritrea,Sub-Saharan Africa,981425.36
2016-06-30,Eritrea,Sub-Saharan Africa,7464689.649999999
2016-07-31,Eritrea,Sub-Saharan Africa,7230412.569999999
2016-08-31,Eritrea,Sub-Saharan Africa,1682822.52
2016-09-30,Eritrea,Sub-Saharan Africa,5693534.100000001
2016-10-31,Eritrea,Sub-Saharan Africa,48114.3
2016-11-30,Eritrea,Sub-Saharan Africa,1633052.3
2016-12-31,Eritrea,Sub-Saharan Africa,2042204.3
2017-01-31,Eritrea,Sub-Saharan Africa,132989.33
2017-02-28,Eritrea,Sub-Saharan Africa,3858107.2399999998
2017-03-31,Eritrea,Sub-Saharan Africa,4342609.76
2017-04-30,Eritrea,Sub-Saharan Africa,0.0
2017-05-31,Eritrea,Sub-Saharan Africa,6756006.84
2017-06-30,Eritrea,Sub-Saharan Africa,1965230.13
2010-01-31,Estonia,Europe,2669102.3
2010-02-28,Estonia,Europe,4301242.05
2010-03-31,Estonia,Europe,2474642.58
2010-04-30,Estonia,Europe,5693852.49
2010-05-31,Estonia,Europe,5736005.82
2010-06-30,Estonia,Europe,3284531.49
2010-07-31,Estonia,Europe,830340.36
2010-08-31,Estonia,Europe,1307574.72
2010-09-30,Estonia,Europe,0.0
2010-10-31,Estonia,Europe,3808259.86
2010-11-30,Estonia,Europe,4125007.13
2010-12-31,Estonia,Europe,5025629.41
2011-01-31,Estonia,Europe,1835029.76
2011-02-28,Estonia,Europe,102267.51999999999
2011-03-31,Estonia,Europe,2517826.64
2011-04-30,Estonia,Europe,1396291.6
2011-05-31,Estonia,Europe,585085.12
2011-06-30,Estonia,Europe,1371146.69
2011-07-31,Estonia,Europe,431779.59
2011-08-31,Estonia,Europe,4288702.45
2011-09-30,Estonia,Europe,5552382.33
2011-10-31,Estonia,Europe,0.0
2011-11-30,Estonia,Europe,267633.6
2011-12-31,Estonia,Europe,4839889.609999999
2012-01-31,Estonia,Europe,5173367.67
2012-02-29,Estonia,Europe,1028881.8
2012-03-31,Estonia,Europe,1713728.74
2012-04-30,Estonia,Europe,1322296.98
2012-05-31,Estonia,Europe,1626965.1400000001
2012-06-30,Estonia,Europe,5576862.68
2012-07-31,Estonia,Europe,6204947.73
2012-08-31,Estonia,Europe,480899.32
2012-09-30,Estonia,Europe,1557917.78
2012-10-31,Estonia,Europe,5410088.39
2012-11-30,Estonia,Europe,2410015.9499999997
2012-12-31,Estonia,Europe,1478326.48
2013-01-31,Estonia,Europe,17396388.75
2013-02-28,Estonia,Europe,1701908.79
2013-03-31,Estonia,Europe,2831459.99
2013-04-30,Estonia,Europe,868887.29
2013-05-31,Estonia,Europe,6036891.140000001
2013-06-30,Estonia,Europe,7243840.82
2013-07-31,Estonia,Europe,1174171.9
2013-08-31,Estonia,Europe,8705321.7
2013-09-30,Estonia,Europe,296148.8
2013-10-31,Estonia,Europe,3773387.2399999998
2013-11-30,Estonia,Europe,1648726.62
2013-12-31,Estonia,Europe,0.0
2014-01-31,Estonia,Europe,1774817.78
2014-02-28,Estonia,Europe,3913290.2299999995
2014-03-31,Estonia,Europe,1061997.8699999999
2014-04-30,Estonia,Europe,5071266.41
2014-05-31,Estonia,Europe,3481161.5700000003
2014-06-30,Estonia,Europe,5771825.82
2014-07-31,Estonia,Europe,1139113.39
2014-08-31,Estonia,Europe,514599.52
2014-09-30,Estonia,Europe,6853233.03
2014-10-31,Estonia,Europe,4055033.7199999997
2014-11-30,Estonia,Europe,433512.94000000006
2014-12-31,Estonia,Europe,3145845.42
2015-01-31,Estonia,Europe,1668079.6199999999
2015-02-28,Estonia,Europe,1179969.96
2015-03-31,Estonia,Europe,8192015.92
2015-04-30,Estonia,Europe,297442.2
2015-05-31,Estonia,Europe,8288171.369999999
2015-06-30,Estonia,Europe,4024501.8
2015-07-31,Estonia,Europe,11234699.82
2015-08-31,Estonia,Europe,734155.04
2015-09-30,Estonia,Europe,8540937.22
2015-10-31,Estonia,Europe,4731352.01
2015-11-30,Estonia,Europe,2906197.9
2015-12-31,Estonia,Europe,7103713.86
2016-01-31,Estonia,Europe,79288.95
2016-02-29,Estonia,Europe,9693239.81
2016-03-31,Estonia,Europe,2369750.92
2016-04-30,Estonia,Europe,6913170.459999999
2016-05-31,Estonia,Europe,5872230.09
2016-06-30,Estonia,Europe,7530427.369999999
2016-07-31,Estonia,Europe,9284517.18
2016-08-31,Estonia,Europe,0.0
2016-09-30,Estonia,Europe,6471187.52
2016-10-31,Estonia,Europe,6487582.659999999
2016-11-30,Estonia,Europe,11389049.54
2016-12-31,Estonia,Europe,6306976.609999999
2017-01-31,Estonia,Europe,2436163.04
2017-02-28,Estonia,Europe,1782907.14
2017-03-31,Estonia,Europe,7395228.58
2017-04-30,Estonia,Europe,335828.58
2017-05-31,Estonia,Europe,3651896.93
2017-06-30,Estonia,Europe,32487.06
2010-01-31,Ethiopia,Sub-Saharan Africa,2595076.46
2010-02-28,Ethiopia,Sub-Saharan Africa,2325128.86
2010-03-31,Ethiopia,Sub-Saharan Africa,320081.12
2010-04-30,Ethiopia,Sub-Saharan Africa,1880476.4100000001
2010-05-31,Ethiopia,Sub-Saharan Africa,0.0
2010-06-30,Ethiopia,Sub-Saharan Africa,1479571.71
2010-07-31,Ethiopia,Sub-Saharan Africa,3382910.3
2010-08-31,Ethiopia,Sub-Saharan Africa,448697.7
2010-09-30,Ethiopia,Sub-Saharan Africa,2988961.98
2010-10-31,Ethiopia,Sub-Saharan Africa,11461063.89
2010-11-30,Ethiopia,Sub-Saharan Africa,7785363.77
2010-12-31,Ethiopia,Sub-Saharan Africa,612186.56
2011-01-31,Ethiopia,Sub-Saharan Africa,5012377.5200000005
2011-02-28,Ethiopia,Sub-Saharan Africa,3614254.24
2011-03-31,Ethiopia,Sub-Saharan Africa,2759832.08
2011-04-30,Ethiopia,Sub-Saharan Africa,886245.39
2011-05-31,Ethiopia,Sub-Saharan Africa,2316752.29
2011-06-30,Ethiopia,Sub-Saharan Africa,14877569.21
2011-07-31,Ethiopia,Sub-Saharan Africa,5086754.89
2011-08-31,Ethiopia,Sub-Saharan Africa,7792635.9799999995
2011-09-30,Ethiopia,Sub-Saharan Africa,10640030.41
2011-10-31,Ethiopia,Sub-Saharan Africa,250502.45
2011-11-30,Ethiopia,Sub-Saharan Africa,4490138.57
2011-12-31,Ethiopia,Sub-Saharan Africa,1536802.72
2012-01-31,Ethiopia,Sub-Saharan Africa,1288504.8
2012-02-29,Ethiopia,Sub-Saharan Africa,3189282.46
2012-03-31,Ethiopia,Sub-Saharan Africa,10142598.58
2012-04-30,Ethiopia,Sub-Saharan Africa,1469272.92
2012-05-31,Ethiopia,Sub-Saharan Africa,0.0
2012-06-30,Ethiopia,Sub-Saharan Africa,2837159.6100000003
2012-07-31,Ethiopia,Sub-Saharan Africa,10155735.49
2012-08-31,Ethiopia,Sub-Saharan Africa,4274768.45
2012-09-30,Ethiopia,Sub-Saharan Africa,163607.6
2012-10-31,Ethiopia,Sub-Saharan Africa,3706590.5
2012-11-30,Ethiopia,Sub-Saharan Africa,460385.09
2012-12-31,Ethiopia,Sub-Saharan Africa,3703869.9499999997
2013-01-31,Ethiopia,Sub-Saharan Africa,0.0
2013-02-28,Ethiopia,Sub-Saharan Africa,3967786.02
2013-03-31,Ethiopia,Sub-Saharan Africa,264628.11
2013-04-30,Ethiopia,Sub-Saharan Africa,1808220.54
2013-05-31,Ethiopia,Sub-Saharan Africa,6619583.96
2013-06-30,Ethiopia,Sub-Saharan Africa,29994.91
2013-07-31,Ethiopia,Sub-Saharan Africa,5140117.81
2013-08-31,Ethiopia,Sub-Saharan Africa,7849744.5600000005
2013-09-30,Ethiopia,Sub-Saharan Africa,2154386.29
2013-10-31,Ethiopia,Sub-Saharan Africa,3888907.06
2013-11-30,Ethiopia,Sub-Saharan Africa,2591205.75
2013-12-31,Ethiopia,Sub-Saharan Africa,12515205.08
2014-01-31,Ethiopia,Sub-Saharan Africa,5924500.9
2014-02-28,Ethiopia,Sub-Saharan Africa,0.0
2014-03-31,Ethiopia,Sub-Saharan Africa,4665483.99
2014-04-30,Ethiopia,Sub-Saharan Africa,9121437.33
2014-05-31,Ethiopia,Sub-Saharan Africa,4510054.78
2014-06-30,Ethiopia,Sub-Saharan Africa,7330652.359999999
2014-07-31,Ethiopia,Sub-Saharan Africa,498644.64
2014-08-31,Ethiopia,Sub-Saharan Africa,1431894.66
2014-09-30,Ethiopia,Sub-Saharan Africa,5223316.04
2014-10-31,Ethiopia,Sub-Saharan Africa,5637362.04
2014-11-30,Ethiopia,Sub-Saharan Africa,7940072.390000001
2014-12-31,Ethiopia,Sub-Saharan Africa,0.0
2015-01-31,Ethiopia,Sub-Saharan Africa,150572.4
2015-02-28,Ethiopia,Sub-Saharan Africa,2038898.4
2015-03-31,Ethiopia,Sub-Saharan Africa,8898797.41
2015-04-30,Ethiopia,Sub-Saharan Africa,1900462.3
2015-05-31,Ethiopia,Sub-Saharan Africa,208901.88
2015-06-30,Ethiopia,Sub-Saharan Africa,715028.58
2015-07-31,Ethiopia,Sub-Saharan Africa,7191132.58
2015-08-31,Ethiopia,Sub-Saharan Africa,2013066.89
2015-09-30,Ethiopia,Sub-Saharan Africa,111883.39000000001
2015-10-31,Ethiopia,Sub-Saharan Africa,4077010.5
2015-11-30,Ethiopia,Sub-Saharan Africa,2924810.83
2015-12-31,Ethiopia,Sub-Saharan Africa,8333691.26
2016-01-31,Ethiopia,Sub-Saharan Africa,4672711.159999999
2016-02-29,Ethiopia,Sub-Saharan Africa,832674.42
2016-03-31,Ethiopia,Sub-Saharan Africa,2194131.6
2016-04-30,Ethiopia,Sub-Saharan Africa,1634255.1199999999
2016-05-31,Ethiopia,Sub-Saharan Africa,2844799.32
2016-06-30,Ethiopia,Sub-Saharan Africa,11578937.73
2016-07-31,Ethiopia,Sub-Saharan Africa,6138176.88
2016-08-31,Ethiopia,Sub-Saharan Africa,6798278.53
2016-09-30,Ethiopia,Sub-Saharan Africa,5201673.49
2016-10-31,Ethiopia,Sub-Saharan Africa,6511511.930000001
2016-11-30,Ethiopia,Sub-Saharan Africa,0.0
2016-12-31,Ethiopia,Sub-Saharan Africa,665694.17
2017-01-31,Ethiopia,Sub-Saharan Africa,792206.4
2017-02-28,Ethiopia,Sub-Saharan Africa,3358055.29
2017-03-31,Ethiopia,Sub-Saharan Africa,7769533.1899999995
2017-04-30,Ethiopia,Sub-Saharan Africa,2363403.12
2017-05-31,Ethiopia,Sub-Saharan Africa,8803239.43
2017-06-30,Ethiopia,Sub-Saharan Africa,1473873.5
2010-01-31,Federated States of Micronesia,Australia and Oceania,601780.52
2010-02-28,Federated States of Micronesia,Australia and Oceania,2208820.14
2010-03-31,Federated States of Micronesia,Australia and Oceania,8621894.43
2010-04-30,Federated States of Micronesia,Australia and Oceania,5789073.81
2010-05-31,Federated States of Micronesia,Australia and Oceania,1657203.2400000002
2010-06-30,Federated States of Micronesia,Australia and Oceania,804122.34
2010-07-31,Federated States of Micronesia,Australia and Oceania,5302975.59
2010-08-31,Federated States of Micronesia,Australia and Oceania,1019580.39
2010-09-30,Federated States of Micronesia,Australia and Oceania,1456174.1600000001
2010-10-31,Federated States of Micronesia,Australia and Oceania,7830332.68
2010-11-30,Federated States of Micronesia,Australia and Oceania,8103293.109999999
2010-12-31,Federated States of Micronesia,Australia and Oceania,4501473.96
2011-01-31,Federated States of Micronesia,Australia and Oceania,4087161.35
2011-02-28,Federated States of Micronesia,Australia and Oceania,828573.77
2011-03-31,Federated States of Micronesia,Australia and Oceania,1232204.6400000001
2011-04-30,Federated States of Micronesia,Australia and Oceania,3035289.34
2011-05-31,Federated States of Micronesia,Australia and Oceania,9458229.7
2011-06-30,Federated States of Micronesia,Australia and Oceania,5990295.52
2011-07-31,Federated States of Micronesia,Australia and Oceania,657517.85
2011-08-31,Federated States of Micronesia,Australia and Oceania,4978213.7
2011-09-30,Federated States of Micronesia,Australia and Oceania,2032457.85
2011-10-31,Federated States of Micronesia,Australia and Oceania,2267533.24
2011-11-30,Federated States of Micronesia,Australia and Oceania,7731843.74
2011-12-31,Federated States of Micronesia,Australia and Oceania,3072992.82
2012-01-31,Federated States of Micronesia,Australia and Oceania,4611001.529999999
2012-02-29,Federated States of Micronesia,Australia and Oceania,1673323.35
2012-03-31,Federated States of Micronesia,Australia and Oceania,518547.58
2012-04-30,Federated States of Micronesia,Australia and Oceania,331446.24
2012-05-31,Federated States of Micronesia,Australia and Oceania,1680390.91
2012-06-30,Federated States of Micronesia,Australia and Oceania,3732766.33
2012-07-31,Federated States of Micronesia,Australia and Oceania,1280344.98
2012-08-31,Federated States of Micronesia,Australia and Oceania,5236384.77
2012-09-30,Federated States of Micronesia,Australia and Oceania,3257704.7
2012-10-31,Federated States of Micronesia,Australia and Oceania,6551687.12
2012-11-30,Federated States of Micronesia,Australia and Oceania,4525481.68
2012-12-31,Federated States of Micronesia,Australia and Oceania,0.0
2013-01-31,Federated States of Micronesia,Australia and Oceania,6450292.4399999995
2013-02-28,Federated States of Micronesia,Australia and Oceania,2910984.12
2013-03-31,Federated States of Micronesia,Australia and Oceania,270275.2
2013-04-30,Federated States of Micronesia,Australia and Oceania,5906596.69
2013-05-31,Federated States of Micronesia,Australia and Oceania,461692.77
2013-06-30,Federated States of Micronesia,Australia and Oceania,6257196.46
2013-07-31,Federated States of Micronesia,Australia and Oceania,3668595.75
2013-08-31,Federated States of Micronesia,Australia and Oceania,563644.17
2013-09-30,Federated States of Micronesia,Australia and Oceania,5335991.75
2013-10-31,Federated States of Micronesia,Australia and Oceania,1405620.3599999999
2013-11-30,Federated States of Micronesia,Australia and Oceania,5192926.33
2013-12-31,Federated States of Micronesia,Australia and Oceania,713584.63
2014-01-31,Federated States of Micronesia,Australia and Oceania,0.0
2014-02-28,Federated States of Micronesia,Australia and Oceania,107569.15
2014-03-31,Federated States of Micronesia,Australia and Oceania,4307467.24
2014-04-30,Federated States of Micronesia,Australia and Oceania,6548042.42
2014-05-31,Federated States of Micronesia,Australia and Oceania,11862556.0
2014-06-30,Federated States of Micronesia,Australia and Oceania,2284396.61
2014-07-31,Federated States of Micronesia,Australia and Oceania,840375.33
2014-08-31,Federated States of Micronesia,Australia and Oceania,3069353.89
2014-09-30,Federated States of Micronesia,Australia and Oceania,8791107.27
2014-10-31,Federated States of Micronesia,Australia and Oceania,3726872.2199999997
2014-11-30,Federated States of Micronesia,Australia and Oceania,164786.4
2014-12-31,Federated States of Micronesia,Australia and Oceania,0.0
2015-01-31,Federated States of Micronesia,Australia and Oceania,6228042.04
2015-02-28,Federated States of Micronesia,Australia and Oceania,5126976.33
2015-03-31,Federated States of Micronesia,Australia and Oceania,9260424.04
2015-04-30,Federated States of Micronesia,Australia and Oceania,3429121.92
2015-05-31,Federated States of Micronesia,Australia and Oceania,5589459.6
2015-06-30,Federated States of Micronesia,Australia and Oceania,0.0
2015-07-31,Federated States of Micronesia,Australia and Oceania,2396996.56
2015-08-31,Federated States of Micronesia,Australia and Oceania,2870496.92
2015-09-30,Federated States of Micronesia,Australia and Oceania,5849009.78
2015-10-31,Federated States of Micronesia,Australia and Oceania,7773691.66
2015-11-30,Federated States of Micronesia,Australia and Oceania,2629712.0
2015-12-31,Federated States of Micronesia,Australia and Oceania,6306719.27
2016-01-31,Federated States of Micronesia,Australia and Oceania,2708543.91
2016-02-29,Federated States of Micronesia,Australia and Oceania,836836.35
2016-03-31,Federated States of Micronesia,Australia and Oceania,2024903.0499999998
2016-04-30,Federated States of Micronesia,Australia and Oceania,9797454.45
2016-05-31,Federated States of Micronesia,Australia and Oceania,1359929.45
2016-06-30,Federated States of Micronesia,Australia and Oceania,808230.47
2016-07-31,Federated States of Micronesia,Australia and Oceania,1240267.42
2016-08-31,Federated States of Micronesia,Australia and Oceania,894256.1499999999
2016-09-30,Federated States of Micronesia,Australia and Oceania,1649514.93
2016-10-31,Federated States of Micronesia,Australia and Oceania,4668775.44
2016-11-30,Federated States of Micronesia,Australia and Oceania,2832642.0
2016-12-31,Federated States of Micronesia,Australia and Oceania,831977.88
2017-01-31,Federated States of Micronesia,Australia and Oceania,5660915.17
2017-02-28,Federated States of Micronesia,Australia and Oceania,1124792.06
2017-03-31,Federated States of Micronesia,Australia and Oceania,1312812.8199999998
2017-04-30,Federated States of Micronesia,Australia and Oceania,9612163.04
2017-05-31,Federated States of Micronesia,Australia and Oceania,3006019.75
2017-06-30,Federated States of Micronesia,Australia and Oceania,3182252.6
2010-01-31,Fiji,Australia and Oceania,1998333.3599999999
2010-02-28,Fiji,Australia and Oceania,2412967.93
2010-03-31,Fiji,Australia and Oceania,1854158.57
2010-04-30,Fiji,Australia and Oceania,1932735.36
2010-05-31,Fiji,Australia and Oceania,274170.72
2010-06-30,Fiji,Australia and Oceania,5178731.45
2010-07-31,Fiji,Australia and Oceania,3086151.62
2010-08-31,Fiji,Australia and Oceania,309231.65
2010-09-30,Fiji,Australia and Oceania,1906427.6
2010-10-31,Fiji,Australia and Oceania,2188959.9
2010-11-30,Fiji,Australia and Oceania,6014474.92
2010-12-31,Fiji,Australia and Oceania,6979783.380000001
2011-01-31,Fiji,Australia and Oceania,8508576.120000001
2011-02-28,Fiji,Australia and Oceania,1902247.75
2011-03-31,Fiji,Australia and Oceania,3629365.8
2011-04-30,Fiji,Australia and Oceania,483189.3
2011-05-31,Fiji,Australia and Oceania,282785.8
2011-06-30,Fiji,Australia and Oceania,3288375.1399999997
2011-07-31,Fiji,Australia and Oceania,3107722.38
2011-08-31,Fiji,Australia and Oceania,881607.24
2011-09-30,Fiji,Australia and Oceania,4565701.97
2011-10-31,Fiji,Australia and Oceania,3812621.88
2011-11-30,Fiji,Australia and Oceania,4581418.32
2011-12-31,Fiji,Australia and Oceania,1611882.94
2012-01-31,Fiji,Australia and Oceania,327153.9
2012-02-29,Fiji,Australia and Oceania,4776402.76
2012-03-31,Fiji,Australia and Oceania,5294291.090000001
2012-04-30,Fiji,Australia and Oceania,1435956.68
2012-05-31,Fiji,Australia and Oceania,3693691.46
2012-06-30,Fiji,Australia and Oceania,4230967.41
2012-07-31,Fiji,Australia and Oceania,1124191.66
2012-08-31,Fiji,Australia and Oceania,2245440.98
2012-09-30,Fiji,Australia and Oceania,5575060.67
2012-10-31,Fiji,Australia and Oceania,0.0
2012-11-30,Fiji,Australia and Oceania,5593242.69
2012-12-31,Fiji,Australia and Oceania,2177223.66
2013-01-31,Fiji,Australia and Oceania,678629.71
2013-02-28,Fiji,Australia and Oceania,6514853.12
2013-03-31,Fiji,Australia and Oceania,3638117.09
2013-04-30,Fiji,Australia and Oceania,1923462.6099999999
2013-05-31,Fiji,Australia and Oceania,7634273.040000001
2013-06-30,Fiji,Australia and Oceania,654138.76
2013-07-31,Fiji,Australia and Oceania,1370064.42
2013-08-31,Fiji,Australia and Oceania,4626335.970000001
2013-09-30,Fiji,Australia and Oceania,35640.6
2013-10-31,Fiji,Australia and Oceania,8796102.21
2013-11-30,Fiji,Australia and Oceania,3627686.8600000003
2013-12-31,Fiji,Australia and Oceania,2406717.9699999997
2014-01-31,Fiji,Australia and Oceania,1723168.61
2014-02-28,Fiji,Australia and Oceania,1383462.5
2014-03-31,Fiji,Australia and Oceania,1313255.4
2014-04-30,Fiji,Australia and Oceania,1998330.47
2014-05-31,Fiji,Australia and Oceania,9541747.96
2014-06-30,Fiji,Australia and Oceania,5045117.89
2014-07-31,Fiji,Australia and Oceania,0.0
2014-08-31,Fiji,Australia and Oceania,2164343.06
2014-09-30,Fiji,Australia and Oceania,35666.79
2014-10-31,Fiji,Australia and Oceania,5655555.08
2014-11-30,Fiji,Australia and Oceania,4290447.640000001
2014-12-31,Fiji,Australia and Oceania,1835639.96
2015-01-31,Fiji,Australia and Oceania,2216731.79
2015-02-28,Fiji,Australia and Oceania,3267762.54
2015-03-31,Fiji,Australia and Oceania,8318870.27
2015-04-30,Fiji,Australia and Oceania,587409.33
2015-05-31,Fiji,Australia and Oceania,9154917.97
2015-06-30,Fiji,Australia and Oceania,3294635.28
2015-07-31,Fiji,Australia and Oceania,6322164.649999999
2015-08-31,Fiji,Australia and Oceania,406107.43
2015-09-30,Fiji,Australia and Oceania,3378553.82
2015-10-31,Fiji,Australia and Oceania,3510351.29
2015-11-30,Fiji,Australia and Oceania,0.0
2015-12-31,Fiji,Australia and Oceania,1485729.6
2016-01-31,Fiji,Australia and Oceania,6339079.66
2016-02-29,Fiji,Australia and Oceania,3448024.3600000003
2016-03-31,Fiji,Australia and Oceania,3041565.06
2016-04-30,Fiji,Australia and Oceania,9182410.05
2016-05-31,Fiji,Australia and Oceania,1339676.4
2016-06-30,Fiji,Australia and Oceania,6611593.84
2016-07-31,Fiji,Australia and Oceania,877936.66
2016-08-31,Fiji,Australia and Oceania,8925017.55
2016-09-30,Fiji,Australia and Oceania,4003003.2
2016-10-31,Fiji,Australia and Oceania,559910.0
2016-11-30,Fiji,Australia and Oceania,918543.1799999999
2016-12-31,Fiji,Australia and Oceania,6536696.5
2017-01-31,Fiji,Australia and Oceania,0.0
2017-02-28,Fiji,Australia and Oceania,10728948.34
2017-03-31,Fiji,Australia and Oceania,1000054.39
2017-04-30,Fiji,Australia and Oceania,1800685.34
2017-05-31,Fiji,Australia and Oceania,2424346.53
2017-06-30,Fiji,Australia and Oceania,2178448.25
2010-01-31,Finland,Europe,3717670.0200000005
2010-02-28,Finland,Europe,2532985.0200000005
2010-03-31,Finland,Europe,385213.85
2010-04-30,Finland,Europe,2794015.4000000004
2010-05-31,Finland,Europe,552355.22
2010-06-30,Finland,Europe,5430356.8
2010-07-31,Finland,Europe,428820.9
2010-08-31,Finland,Europe,4093503.6
2010-09-30,Finland,Europe,5663480.1
2010-10-31,Finland,Europe,736993.36
2010-11-30,Finland,Europe,1930568.64
2010-12-31,Finland,Europe,6730282.5600000005
2011-01-31,Finland,Europe,18971651.16
2011-02-28,Finland,Europe,2929182.27
2011-03-31,Finland,Europe,1064262.32
2011-04-30,Finland,Europe,11536162.39
2011-05-31,Finland,Europe,2618028.27
2011-06-30,Finland,Europe,7038562.78
2011-07-31,Finland,Europe,2268201.08
2011-08-31,Finland,Europe,1482149.46
2011-09-30,Finland,Europe,19875840.19
2011-10-31,Finland,Europe,2259116.85
2011-11-30,Finland,Europe,2851190.11
2011-12-31,Finland,Europe,5630870.01
2012-01-31,Finland,Europe,3758164.07
2012-02-29,Finland,Europe,8034849.149999999
2012-03-31,Finland,Europe,1128191.81
2012-04-30,Finland,Europe,1876132.53
2012-05-31,Finland,Europe,2020394.8399999999
2012-06-30,Finland,Europe,6023230.43
2012-07-31,Finland,Europe,18693780.16
2012-08-31,Finland,Europe,1383671.23
2012-09-30,Finland,Europe,3485843.33
2012-10-31,Finland,Europe,5125492.15
2012-11-30,Finland,Europe,8507178.29
2012-12-31,Finland,Europe,4315872.76
2013-01-31,Finland,Europe,0.0
2013-02-28,Finland,Europe,11643672.47
2013-03-31,Finland,Europe,512994.67000000004
2013-04-30,Finland,Europe,1120107.92
2013-05-31,Finland,Europe,7962995.88
2013-06-30,Finland,Europe,872468.52
2013-07-31,Finland,Europe,4048731.34
2013-08-31,Finland,Europe,2048809.12
2013-09-30,Finland,Europe,270689.76
2013-10-31,Finland,Europe,10196514.34
2013-11-30,Finland,Europe,7567627.26
2013-12-31,Finland,Europe,639558.37
2014-01-31,Finland,Europe,4556678.63
2014-02-28,Finland,Europe,0.0
2014-03-31,Finland,Europe,127410.78
2014-04-30,Finland,Europe,1471069.71
2014-05-31,Finland,Europe,3154398.0
2014-06-30,Finland,Europe,0.0
2014-07-31,Finland,Europe,8900483.16
2014-08-31,Finland,Europe,466678.3
2014-09-30,Finland,Europe,778275.45
2014-10-31,Finland,Europe,5898858.67
2014-11-30,Finland,Europe,3052998.02
2014-12-31,Finland,Europe,4086203.34
2015-01-31,Finland,Europe,3076930.66
2015-02-28,Finland,Europe,2860839.67
2015-03-31,Finland,Europe,6823659.01
2015-04-30,Finland,Europe,803366.16
2015-05-31,Finland,Europe,5981040.41
2015-06-30,Finland,Europe,4504988.48
2015-07-31,Finland,Europe,6902086.369999999
2015-08-31,Finland,Europe,275843.7
2015-09-30,Finland,Europe,1082719.45
2015-10-31,Finland,Europe,3242092.76
2015-11-30,Finland,Europe,3672794.9699999997
2015-12-31,Finland,Europe,4154697.67
2016-01-31,Finland,Europe,4594034.77
2016-02-29,Finland,Europe,5967154.71
2016-03-31,Finland,Europe,9082923.66
2016-04-30,Finland,Europe,7571015.13
2016-05-31,Finland,Europe,6738031.57
2016-06-30,Finland,Europe,0.0
2016-07-31,Finland,Europe,11584894.4
2016-08-31,Finland,Europe,211643.25
2016-09-30,Finland,Europe,5397054.0
2016-10-31,Finland,Europe,5103104.11
2016-11-30,Finland,Europe,0.0
2016-12-31,Finland,Europe,4345728.46
2017-01-31,Finland,Europe,920271.1000000001
2017-02-28,Finland,Europe,4178692.31
2017-03-31,Finland,Europe,5645014.84
2017-04-30,Finland,Europe,4218937.57
2017-05-31,Finland,Europe,15497199.45
2017-06-30,Finland,Europe,5209001.2299999995
2010-01-31,France,Europe,1573591.84
2010-02-28,France,Europe,8860743.32
2010-03-31,France,Europe,5847994.14
2010-04-30,France,Europe,976304.92
2010-05-31,France,Europe,1090744.8
2010-06-30,France,Europe,449548.08
2010-07-31,France,Europe,8995957.629999999
2010-08-31,France,Europe,5281322.640000001
2010-09-30,France,Europe,7734919.6
2010-10-31,France,Europe,3159201.7800000003
2010-11-30,France,Europe,5881441.21
2010-12-31,France,Europe,7272098.03
2011-01-31,France,Europe,12945565.280000001
2011-02-28,France,Europe,17382863.560000002
2011-03-31,France,Europe,767185.38
2011-04-30,France,Europe,238531.15
2011-05-31,France,Europe,3526929.62
2011-06-30,France,Europe,5745011.8100000005
2011-07-31,France,Europe,2012521.3599999999
2011-08-31,France,Europe,15079558.26
2011-09-30,France,Europe,6799317.37
2011-10-31,France,Europe,163482.88
2011-11-30,France,Europe,39745.8
2011-12-31,France,Europe,331118.4
2012-01-31,France,Europe,1027917.29
2012-02-29,France,Europe,813066.88
2012-03-31,France,Europe,2152585.13
2012-04-30,France,Europe,6386228.44
2012-05-31,France,Europe,4447149.76
2012-06-30,France,Europe,188723.5
2012-07-31,France,Europe,7663306.79
2012-08-31,France,Europe,7907469.95
2012-09-30,France,Europe,2573903.49
2012-10-31,France,Europe,1417824.77
2012-11-30,France,Europe,844439.16
2012-12-31,France,Europe,2349182.42
2013-01-31,France,Europe,5987444.090000001
2013-02-28,France,Europe,5602390.98
2013-03-31,France,Europe,6261860.88
2013-04-30,France,Europe,5202133.32
2013-05-31,France,Europe,8378665.24
2013-06-30,France,Europe,5250715.8100000005
2013-07-31,France,Europe,6108318.36
2013-08-31,France,Europe,7758607.48
2013-09-30,France,Europe,1866799.96
2013-10-31,France,Europe,7166045.739999999
2013-11-30,France,Europe,0.0
2013-12-31,France,Europe,5014609.99
2014-01-31,France,Europe,7719748.460000001
2014-02-28,France,Europe,604628.1799999999
2014-03-31,France,Europe,6562360.82
2014-04-30,France,Europe,6997275.47
2014-05-31,France,Europe,1283838.72
2014-06-30,France,Europe,2517841.29
2014-07-31,France,Europe,3666944.08
2014-08-31,France,Europe,3041432.46
2014-09-30,France,Europe,2419300.94
2014-10-31,France,Europe,2616767.29
2014-11-30,France,Europe,8216729.03
2014-12-31,France,Europe,4357022.46
2015-01-31,France,Europe,9382264.09
2015-02-28,France,Europe,425427.04
2015-03-31,France,Europe,4880611.97
2015-04-30,France,Europe,7115775.34
2015-05-31,France,Europe,1261751.4
2015-06-30,France,Europe,453906.7
2015-07-31,France,Europe,6480530.09
2015-08-31,France,Europe,1034990.88
2015-09-30,France,Europe,3398682.07
2015-10-31,France,Europe,3534582.1
2015-11-30,France,Europe,136319.52
2015-12-31,France,Europe,151664.52
2016-01-31,France,Europe,2063204.6
2016-02-29,France,Europe,1917905.3399999999
2016-03-31,France,Europe,7214504.42
2016-04-30,France,Europe,259910.38999999998
2016-05-31,France,Europe,3798883.66
2016-06-30,France,Europe,2519587.84
2016-07-31,France,Europe,4480488.4399999995
2016-08-31,France,Europe,4000708.15
2016-09-30,France,Europe,2013336.5
2016-10-31,France,Europe,1125010.52
2016-11-30,France,Europe,11778621.5
2016-12-31,France,Europe,2557215.84
2017-01-31,France,Europe,10891754.46
2017-02-28,France,Europe,4577838.53
2017-03-31,France,Europe,0.0
2017-04-30,France,Europe,1233532.38
2017-05-31,France,Europe,1296.87
2017-06-30,France,Europe,4074266.8
2010-01-31,Gabon,Sub-Saharan Africa,5961513.75
2010-02-28,Gabon,Sub-Saharan Africa,4721009.859999999
2010-03-31,Gabon,Sub-Saharan Africa,3628846.06
2010-04-30,Gabon,Sub-Saharan Africa,2868032.0
2010-05-31,Gabon,Sub-Saharan Africa,68752.77
2010-06-30,Gabon,Sub-Saharan Africa,1217376.1400000001
2010-07-31,Gabon,Sub-Saharan Africa,10272763.489999998
2010-08-31,Gabon,Sub-Saharan Africa,5086514.85
2010-09-30,Gabon,Sub-Saharan Africa,2538504.3200000003
2010-10-31,Gabon,Sub-Saharan Africa,11413670.76
2010-11-30,Gabon,Sub-Saharan Africa,8151278.38
2010-12-31,Gabon,Sub-Saharan Africa,4793340.82
2011-01-31,Gabon,Sub-Saharan Africa,0.0
2011-02-28,Gabon,Sub-Saharan Africa,1448969.28
2011-03-31,Gabon,Sub-Saharan Africa,1331694.64
2011-04-30,Gabon,Sub-Saharan Africa,0.0
2011-05-31,Gabon,Sub-Saharan Africa,2635717.33
2011-06-30,Gabon,Sub-Saharan Africa,8954721.24
2011-07-31,Gabon,Sub-Saharan Africa,3611735.42
2011-08-31,Gabon,Sub-Saharan Africa,1929131.98
2011-09-30,Gabon,Sub-Saharan Africa,1677953.08
2011-10-31,Gabon,Sub-Saharan Africa,76086.15
2011-11-30,Gabon,Sub-Saharan Africa,3103666.86
2011-12-31,Gabon,Sub-Saharan Africa,5559709.54
2012-01-31,Gabon,Sub-Saharan Africa,1905160.5
2012-02-29,Gabon,Sub-Saharan Africa,809357.12
2012-03-31,Gabon,Sub-Saharan Africa,4973652.109999999
2012-04-30,Gabon,Sub-Saharan Africa,4921140.28
2012-05-31,Gabon,Sub-Saharan Africa,3931389.8299999996
2012-06-30,Gabon,Sub-Saharan Africa,10023562.16
2012-07-31,Gabon,Sub-Saharan Africa,4994446.11
2012-08-31,Gabon,Sub-Saharan Africa,13051141.11
2012-09-30,Gabon,Sub-Saharan Africa,6129362.34
2012-10-31,Gabon,Sub-Saharan Africa,2087283.22
2012-11-30,Gabon,Sub-Saharan Africa,8878108.77
2012-12-31,Gabon,Sub-Saharan Africa,7622674.55
2013-01-31,Gabon,Sub-Saharan Africa,5352121.28
2013-02-28,Gabon,Sub-Saharan Africa,205375.34999999998
2013-03-31,Gabon,Sub-Saharan Africa,883774.06
2013-04-30,Gabon,Sub-Saharan Africa,782191.27
2013-05-31,Gabon,Sub-Saharan Africa,1311943.26
2013-06-30,Gabon,Sub-Saharan Africa,4740732.72
2013-07-31,Gabon,Sub-Saharan Africa,2896224.0500000003
2013-08-31,Gabon,Sub-Saharan Africa,15052133.25
2013-09-30,Gabon,Sub-Saharan Africa,5450217.18
2013-10-31,Gabon,Sub-Saharan Africa,1033056.73
2013-11-30,Gabon,Sub-Saharan Africa,6504412.119999999
2013-12-31,Gabon,Sub-Saharan Africa,10481216.59
2014-01-31,Gabon,Sub-Saharan Africa,3113970.09
2014-02-28,Gabon,Sub-Saharan Africa,3947125.92
2014-03-31,Gabon,Sub-Saharan Africa,4557353.92
2014-04-30,Gabon,Sub-Saharan Africa,10691583.99
2014-05-31,Gabon,Sub-Saharan Africa,10066529.04
2014-06-30,Gabon,Sub-Saharan Africa,9559890.05
2014-07-31,Gabon,Sub-Saharan Africa,8394512.16
2014-08-31,Gabon,Sub-Saharan Africa,2390702.0500000003
2014-09-30,Gabon,Sub-Saharan Africa,2312446.71
2014-10-31,Gabon,Sub-Saharan Africa,1464338.72
2014-11-30,Gabon,Sub-Saharan Africa,3398449.2800000003
2014-12-31,Gabon,Sub-Saharan Africa,1622695.1300000001
2015-01-31,Gabon,Sub-Saharan Africa,1448318.06
2015-02-28,Gabon,Sub-Saharan Africa,12090848.01
2015-03-31,Gabon,Sub-Saharan Africa,7871003.26
2015-04-30,Gabon,Sub-Saharan Africa,4392858.27
2015-05-31,Gabon,Sub-Saharan Africa,1483975.6600000001
2015-06-30,Gabon,Sub-Saharan Africa,2721529.5700000003
2015-07-31,Gabon,Sub-Saharan Africa,6840035.82
2015-08-31,Gabon,Sub-Saharan Africa,10840945.76
2015-09-30,Gabon,Sub-Saharan Africa,9493105.0
2015-10-31,Gabon,Sub-Saharan Africa,3163709.32
2015-11-30,Gabon,Sub-Saharan Africa,364971.36
2015-12-31,Gabon,Sub-Saharan Africa,812723.12
2016-01-31,Gabon,Sub-Saharan Africa,2206261.09
2016-02-29,Gabon,Sub-Saharan Africa,6241196.64
2016-03-31,Gabon,Sub-Saharan Africa,62865.54
2016-04-30,Gabon,Sub-Saharan Africa,9382446.78
2016-05-31,Gabon,Sub-Saharan Africa,566551.13
2016-06-30,Gabon,Sub-Saharan Africa,6455613.8100000005
2016-07-31,Gabon,Sub-Saharan Africa,11328758.65
2016-08-31,Gabon,Sub-Saharan Africa,14006485.629999999
2016-09-30,Gabon,Sub-Saharan Africa,10966199.12
2016-10-31,Gabon,Sub-Saharan Africa,426621.8
2016-11-30,Gabon,Sub-Saharan Africa,0.0
2016-12-31,Gabon,Sub-Saharan Africa,7647118.16
2017-01-31,Gabon,Sub-Saharan Africa,5846979.85
2017-02-28,Gabon,Sub-Saharan Africa,2794258.38
2017-03-31,Gabon,Sub-Saharan Africa,3026824.08
2017-04-30,Gabon,Sub-Saharan Africa,1174547.0
2017-05-31,Gabon,Sub-Saharan Africa,16411724.27
2017-06-30,Gabon,Sub-Saharan Africa,5257179.3
2010-01-31,Georgia,Europe,707929.91
2010-02-28,Georgia,Europe,2019351.75
2010-03-31,Georgia,Europe,2667207.5100000002
2010-04-30,Georgia,Europe,5611716.66
2010-05-31,Georgia,Europe,9908659.11
2010-06-30,Georgia,Europe,4676592.8
2010-07-31,Georgia,Europe,3396183.52
2010-08-31,Georgia,Europe,323723.35
2010-09-30,Georgia,Europe,6905624.54
2010-10-31,Georgia,Europe,1020098.88
2010-11-30,Georgia,Europe,13313.91
2010-12-31,Georgia,Europe,4132567.23
2011-01-31,Georgia,Europe,7805913.89
2011-02-28,Georgia,Europe,5905895.25
2011-03-31,Georgia,Europe,2641279.31
2011-04-30,Georgia,Europe,690197.2
2011-05-31,Georgia,Europe,1170150.1400000001
2011-06-30,Georgia,Europe,1599640.1800000002
2011-07-31,Georgia,Europe,6305301.99
2011-08-31,Georgia,Europe,1200078.24
2011-09-30,Georgia,Europe,2912481.74
2011-10-31,Georgia,Europe,2864135.34
2011-11-30,Georgia,Europe,4643127.3
2011-12-31,Georgia,Europe,3805848.44
2012-01-31,Georgia,Europe,1047240.04
2012-02-29,Georgia,Europe,14021529.36
2012-03-31,Georgia,Europe,5380241.77
2012-04-30,Georgia,Europe,2265885.27
2012-05-31,Georgia,Europe,1812100.75
2012-06-30,Georgia,Europe,2495836.62
2012-07-31,Georgia,Europe,4291872.6899999995
2012-08-31,Georgia,Europe,1971830.9400000002
2012-09-30,Georgia,Europe,3231844.8
2012-10-31,Georgia,Europe,4963960.54
2012-11-30,Georgia,Europe,5467049.8100000005
2012-12-31,Georgia,Europe,3081729.8
2013-01-31,Georgia,Europe,662882.86
2013-02-28,Georgia,Europe,1419151.2
2013-03-31,Georgia,Europe,591739.04
2013-04-30,Georgia,Europe,1517149.51
2013-05-31,Georgia,Europe,4552450.98
2013-06-30,Georgia,Europe,3705067.39
2013-07-31,Georgia,Europe,0.0
2013-08-31,Georgia,Europe,1306484.96
2013-09-30,Georgia,Europe,3048562.9299999997
2013-10-31,Georgia,Europe,4451774.4399999995
2013-11-30,Georgia,Europe,6403014.359999999
2013-12-31,Georgia,Europe,2367224.5700000003
2014-01-31,Georgia,Europe,22141.14
2014-02-28,Georgia,Europe,2050905.2
2014-03-31,Georgia,Europe,1618976.06
2014-04-30,Georgia,Europe,9087139.89
2014-05-31,Georgia,Europe,2936995.71
2014-06-30,Georgia,Europe,6102323.78
2014-07-31,Georgia,Europe,829176.7
2014-08-31,Georgia,Europe,864945.47
2014-09-30,Georgia,Europe,2557384.2
2014-10-31,Georgia,Europe,2590772.94
2014-11-30,Georgia,Europe,0.0
2014-12-31,Georgia,Europe,6337821.79
2015-01-31,Georgia,Europe,0.0
2015-02-28,Georgia,Europe,10309014.08
2015-03-31,Georgia,Europe,7241905.34
2015-04-30,Georgia,Europe,6614256.67
2015-05-31,Georgia,Europe,2531259.08
2015-06-30,Georgia,Europe,1934512.12
2015-07-31,Georgia,Europe,0.0
2015-08-31,Georgia,Europe,12927945.98
2015-09-30,Georgia,Europe,4424268.07
2015-10-31,Georgia,Europe,0.0
2015-11-30,Georgia,Europe,5443659.720000001
2015-12-31,Georgia,Europe,1526328.68
2016-01-31,Georgia,Europe,603806.95
2016-02-29,Georgia,Europe,9684658.299999999
2016-03-31,Georgia,Europe,1814548.89
2016-04-30,Georgia,Europe,7875700.49
2016-05-31,Georgia,Europe,0.0
2016-06-30,Georgia,Europe,0.0
2016-07-31,Georgia,Europe,3271121.21
2016-08-31,Georgia,Europe,1027099.8600000001
2016-09-30,Georgia,Europe,159997.62
2016-10-31,Georgia,Europe,2257682.35
2016-11-30,Georgia,Europe,5332046.72
2016-12-31,Georgia,Europe,2892496.5
2017-01-31,Georgia,Europe,1664777.78
2017-02-28,Georgia,Europe,2910821.11
2017-03-31,Georgia,Europe,1287319.7
2017-04-30,Georgia,Europe,1394123.46
2017-05-31,Georgia,Europe,338268.97000000003
2017-06-30,Georgia,Europe,5131941.26
2010-01-31,Germany,Europe,12915938.86
2010-02-28,Germany,Europe,11665239.59
2010-03-31,Germany,Europe,1753729.08
2010-04-30,Germany,Europe,2612846.13
2010-05-31,Germany,Europe,5529581.79
2010-06-30,Germany,Europe,3900799.8
2010-07-31,Germany,Europe,11307420.64
2010-08-31,Germany,Europe,0.0
2010-09-30,Germany,Europe,5784979.98
2010-10-31,Germany,Europe,7473838.470000001
2010-11-30,Germany,Europe,5512516.2700000005
2010-12-31,Germany,Europe,855990.24
2011-01-31,Germany,Europe,4401633.1
2011-02-28,Germany,Europe,596484.9099999999
2011-03-31,Germany,Europe,8375072.25
2011-04-30,Germany,Europe,9658817.69
2011-05-31,Germany,Europe,152646.65
2011-06-30,Germany,Europe,6868386.5200000005
2011-07-31,Germany,Europe,391825.44
2011-08-31,Germany,Europe,0.0
2011-09-30,Germany,Europe,6610153.149999999
2011-10-31,Germany,Europe,9325298.66
2011-11-30,Germany,Europe,7695509.29
2011-12-31,Germany,Europe,10709736.29
2012-01-31,Germany,Europe,720184.49
2012-02-29,Germany,Europe,0.0
2012-03-31,Germany,Europe,4755603.28
2012-04-30,Germany,Europe,572863.85
2012-05-31,Germany,Europe,4739620.61
2012-06-30,Germany,Europe,1840321.81
2012-07-31,Germany,Europe,10197.69
2012-08-31,Germany,Europe,3256286.9499999997
2012-09-30,Germany,Europe,2134410.4
2012-10-31,Germany,Europe,2681109.36
2012-11-30,Germany,Europe,401951.24
2012-12-31,Germany,Europe,5031401.72
2013-01-31,Germany,Europe,2546190.73
2013-02-28,Germany,Europe,2671760.91
2013-03-31,Germany,Europe,3235157.12
2013-04-30,Germany,Europe,92422.98
2013-05-31,Germany,Europe,0.0
2013-06-30,Germany,Europe,2965866.34
2013-07-31,Germany,Europe,2072953.76
2013-08-31,Germany,Europe,1679386.93
2013-09-30,Germany,Europe,1320579.9
2013-10-31,Germany,Europe,6216529.56
2013-11-30,Germany,Europe,284272.95
2013-12-31,Germany,Europe,5336593.5
2014-01-31,Germany,Europe,2442997.0
2014-02-28,Germany,Europe,6369886.7299999995
2014-03-31,Germany,Europe,5649605.62
2014-04-30,Germany,Europe,1282150.41
2014-05-31,Germany,Europe,169740.58
2014-06-30,Germany,Europe,4310811.52
2014-07-31,Germany,Europe,3027076.13
2014-08-31,Germany,Europe,761314.95
2014-09-30,Germany,Europe,2768343.26
2014-10-31,Germany,Europe,1014227.68
2014-11-30,Germany,Europe,2266864.67
2014-12-31,Germany,Europe,484547.52
2015-01-31,Germany,Europe,3149890.21
2015-02-28,Germany,Europe,5935183.56
2015-03-31,Germany,Europe,3182207.37
2015-04-30,Germany,Europe,0.0
2015-05-31,Germany,Europe,1571972.4
2015-06-30,Germany,Europe,2984034.9200000004
2015-07-31,Germany,Europe,3834332.3099999996
2015-08-31,Germany,Europe,972919.84
2015-09-30,Germany,Europe,3150674.52
2015-10-31,Germany,Europe,1873175.0
2015-11-30,Germany,Europe,5354765.17
2015-12-31,Germany,Europe,0.0
2016-01-31,Germany,Europe,8044417.34
2016-02-29,Germany,Europe,7008980.220000001
2016-03-31,Germany,Europe,4593813.9799999995
2016-04-30,Germany,Europe,0.0
2016-05-31,Germany,Europe,610850.02
2016-06-30,Germany,Europe,5017074.97
2016-07-31,Germany,Europe,5062313.38
2016-08-31,Germany,Europe,1579570.6600000001
2016-09-30,Germany,Europe,1421511.62
2016-10-31,Germany,Europe,3852356.69
2016-11-30,Germany,Europe,4499368.6899999995
2016-12-31,Germany,Europe,3943845.87
2017-01-31,Germany,Europe,1693043.13
2017-02-28,Germany,Europe,7616419.91
2017-03-31,Germany,Europe,6480562.9
2017-04-30,Germany,Europe,1030043.2
2017-05-31,Germany,Europe,7371012.27
2017-06-30,Germany,Europe,1510786.51
2010-01-31,Ghana,Sub-Saharan Africa,12632422.75
2010-02-28,Ghana,Sub-Saharan Africa,4965171.73
2010-03-31,Ghana,Sub-Saharan Africa,1435071.8
2010-04-30,Ghana,Sub-Saharan Africa,1327771.8399999999
2010-05-31,Ghana,Sub-Saharan Africa,184464.64
2010-06-30,Ghana,Sub-Saharan Africa,7065072.5600000005
2010-07-31,Ghana,Sub-Saharan Africa,804122.34
2010-08-31,Ghana,Sub-Saharan Africa,3569808.7800000003
2010-09-30,Ghana,Sub-Saharan Africa,5587472.86
2010-10-31,Ghana,Sub-Saharan Africa,0.0
2010-11-30,Ghana,Sub-Saharan Africa,0.0
2010-12-31,Ghana,Sub-Saharan Africa,1625548.1600000001
2011-01-31,Ghana,Sub-Saharan Africa,5015635.59
2011-02-28,Ghana,Sub-Saharan Africa,1887994.7900000003
2011-03-31,Ghana,Sub-Saharan Africa,7230763.35
2011-04-30,Ghana,Sub-Saharan Africa,6706789.7700000005
2011-05-31,Ghana,Sub-Saharan Africa,4626744.9
2011-06-30,Ghana,Sub-Saharan Africa,3689517.13
2011-07-31,Ghana,Sub-Saharan Africa,1368616.96
2011-08-31,Ghana,Sub-Saharan Africa,1034926.63
2011-09-30,Ghana,Sub-Saharan Africa,3448555.95
2011-10-31,Ghana,Sub-Saharan Africa,3926177.62
2011-11-30,Ghana,Sub-Saharan Africa,6595999.7
2011-12-31,Ghana,Sub-Saharan Africa,4527408.0
2012-01-31,Ghana,Sub-Saharan Africa,8748136.57
2012-02-29,Ghana,Sub-Saharan Africa,8915994.83
2012-03-31,Ghana,Sub-Saharan Africa,11941910.83
2012-04-30,Ghana,Sub-Saharan Africa,5488384.83
2012-05-31,Ghana,Sub-Saharan Africa,3371042.76
2012-06-30,Ghana,Sub-Saharan Africa,5212284.84
2012-07-31,Ghana,Sub-Saharan Africa,3220704.0500000003
2012-08-31,Ghana,Sub-Saharan Africa,196805.84
2012-09-30,Ghana,Sub-Saharan Africa,8598785.98
2012-10-31,Ghana,Sub-Saharan Africa,7288682.59
2012-11-30,Ghana,Sub-Saharan Africa,8141976.88
2012-12-31,Ghana,Sub-Saharan Africa,6501453.359999999
2013-01-31,Ghana,Sub-Saharan Africa,7925313.82
2013-02-28,Ghana,Sub-Saharan Africa,5129997.600000001
2013-03-31,Ghana,Sub-Saharan Africa,5038087.79
2013-04-30,Ghana,Sub-Saharan Africa,837303.36
2013-05-31,Ghana,Sub-Saharan Africa,2130919.3600000003
2013-06-30,Ghana,Sub-Saharan Africa,3485699.92
2013-07-31,Ghana,Sub-Saharan Africa,3967112.62
2013-08-31,Ghana,Sub-Saharan Africa,282866.41
2013-09-30,Ghana,Sub-Saharan Africa,12136954.370000001
2013-10-31,Ghana,Sub-Saharan Africa,1925271.8800000001
2013-11-30,Ghana,Sub-Saharan Africa,0.0
2013-12-31,Ghana,Sub-Saharan Africa,4304697.41
2014-01-31,Ghana,Sub-Saharan Africa,10024467.22
2014-02-28,Ghana,Sub-Saharan Africa,5945324.98
2014-03-31,Ghana,Sub-Saharan Africa,1991578.5499999998
2014-04-30,Ghana,Sub-Saharan Africa,2349930.67
2014-05-31,Ghana,Sub-Saharan Africa,5403685.66
2014-06-30,Ghana,Sub-Saharan Africa,420618.72
2014-07-31,Ghana,Sub-Saharan Africa,977617.72
2014-08-31,Ghana,Sub-Saharan Africa,3850956.3
2014-09-30,Ghana,Sub-Saharan Africa,952156.64
2014-10-31,Ghana,Sub-Saharan Africa,7097464.73
2014-11-30,Ghana,Sub-Saharan Africa,5686595.739999999
2014-12-31,Ghana,Sub-Saharan Africa,2823068.93
2015-01-31,Ghana,Sub-Saharan Africa,9072139.3
2015-02-28,Ghana,Sub-Saharan Africa,741045.91
2015-03-31,Ghana,Sub-Saharan Africa,2788729.69
2015-04-30,Ghana,Sub-Saharan Africa,4678326.76
2015-05-31,Ghana,Sub-Saharan Africa,1480780.39
2015-06-30,Ghana,Sub-Saharan Africa,1511917.57
2015-07-31,Ghana,Sub-Saharan Africa,1169432.08
2015-08-31,Ghana,Sub-Saharan Africa,0.0
2015-09-30,Ghana,Sub-Saharan Africa,2443998.9400000004
2015-10-31,Ghana,Sub-Saharan Africa,0.0
2015-11-30,Ghana,Sub-Saharan Africa,1392990.0599999998
2015-12-31,Ghana,Sub-Saharan Africa,10292459.85
2016-01-31,Ghana,Sub-Saharan Africa,8916993.31
2016-02-29,Ghana,Sub-Saharan Africa,1564501.06
2016-03-31,Ghana,Sub-Saharan Africa,4129041.67
2016-04-30,Ghana,Sub-Saharan Africa,903602.13
2016-05-31,Ghana,Sub-Saharan Africa,4096860.12
2016-06-30,Ghana,Sub-Saharan Africa,641832.86
2016-07-31,Ghana,Sub-Saharan Africa,3205166.0599999996
2016-08-31,Ghana,Sub-Saharan Africa,1814001.76
2016-09-30,Ghana,Sub-Saharan Africa,9529635.36
2016-10-31,Ghana,Sub-Saharan Africa,120760.25
2016-11-30,Ghana,Sub-Saharan Africa,0.0
2016-12-31,Ghana,Sub-Saharan Africa,3643259.84
2017-01-31,Ghana,Sub-Saharan Africa,557794.58
2017-02-28,Ghana,Sub-Saharan Africa,2918491.3600000003
2017-03-31,Ghana,Sub-Saharan Africa,0.0
2017-04-30,Ghana,Sub-Saharan Africa,3962832.8899999997
2017-05-31,Ghana,Sub-Saharan Africa,6588302.42
2017-06-30,Ghana,Sub-Saharan Africa,2646101.56
2010-01-31,Greece,Europe,227570.2
2010-02-28,Greece,Europe,545307.2
2010-03-31,Greece,Europe,7138220.92
2010-04-30,Greece,Europe,0.0
2010-05-31,Greece,Europe,1140286.98
2010-06-30,Greece,Europe,9653800.26
2010-07-31,Greece,Europe,71995.0
2010-08-31,Greece,Europe,1814358.54
2010-09-30,Greece,Europe,5250376.69
2010-10-31,Greece,Europe,1765005.92
2010-11-30,Greece,Europe,3839741.93
2010-12-31,Greece,Europe,931157.8200000001
2011-01-31,Greece,Europe,3084430.34
2011-02-28,Greece,Europe,4430253.9
2011-03-31,Greece,Europe,29357.2
2011-04-30,Greece,Europe,4291385.7
2011-05-31,Greece,Europe,914065.4299999999
2011-06-30,Greece,Europe,7541372.53
2011-07-31,Greece,Europe,11609072.11
2011-08-31,Greece,Europe,4872074.970000001
2011-09-30,Greece,Europe,74354.15
2011-10-31,Greece,Europe,6133830.2299999995
2011-11-30,Greece,Europe,5294299.0
2011-12-31,Greece,Europe,892646.2799999999
2012-01-31,Greece,Europe,6690739.23
2012-02-29,Greece,Europe,1819235.35
2012-03-31,Greece,Europe,2189909.9
2012-04-30,Greece,Europe,617011.76
2012-05-31,Greece,Europe,1639157.69
2012-06-30,Greece,Europe,4509753.75
2012-07-31,Greece,Europe,1015234.78
2012-08-31,Greece,Europe,1092362.88
2012-09-30,Greece,Europe,6120407.83
2012-10-31,Greece,Europe,3985798.0
2012-11-30,Greece,Europe,9687303.120000001
2012-12-31,Greece,Europe,5753237.56
2013-01-31,Greece,Europe,4470116.09
2013-02-28,Greece,Europe,4335647.49
2013-03-31,Greece,Europe,3209843.96
2013-04-30,Greece,Europe,2070817.64
2013-05-31,Greece,Europe,6486181.85
2013-06-30,Greece,Europe,5338809.03
2013-07-31,Greece,Europe,45735.66
2013-08-31,Greece,Europe,6615388.640000001
2013-09-30,Greece,Europe,3381018.8899999997
2013-10-31,Greece,Europe,4707162.659999999
2013-11-30,Greece,Europe,1360705.5
2013-12-31,Greece,Europe,7269586.59
2014-01-31,Greece,Europe,508079.0
2014-02-28,Greece,Europe,1813253.84
2014-03-31,Greece,Europe,945620.6599999999
2014-04-30,Greece,Europe,194185.95
2014-05-31,Greece,Europe,913100.21
2014-06-30,Greece,Europe,6455628.48
2014-07-31,Greece,Europe,4091468.15
2014-08-31,Greece,Europe,6461832.760000001
2014-09-30,Greece,Europe,1604450.08
2014-10-31,Greece,Europe,1589735.12
2014-11-30,Greece,Europe,1483653.49
2014-12-31,Greece,Europe,1174752.7
2015-01-31,Greece,Europe,20535202.38
2015-02-28,Greece,Europe,1036316.6
2015-03-31,Greece,Europe,5390265.82
2015-04-30,Greece,Europe,1677257.1199999999
2015-05-31,Greece,Europe,11580007.149999999
2015-06-30,Greece,Europe,0.0
2015-07-31,Greece,Europe,1548918.56
2015-08-31,Greece,Europe,5436654.29
2015-09-30,Greece,Europe,118646.54000000001
2015-10-31,Greece,Europe,4397547.12
2015-11-30,Greece,Europe,9298831.02
2015-12-31,Greece,Europe,4478576.36
2016-01-31,Greece,Europe,1396206.19
2016-02-29,Greece,Europe,1794536.7
2016-03-31,Greece,Europe,4166908.9
2016-04-30,Greece,Europe,1288777.31
2016-05-31,Greece,Europe,5282458.92
2016-06-30,Greece,Europe,2332816.14
2016-07-31,Greece,Europe,2545103.99
2016-08-31,Greece,Europe,64125.09
2016-09-30,Greece,Europe,1932761.9
2016-10-31,Greece,Europe,4702370.85
2016-11-30,Greece,Europe,4683118.38
2016-12-31,Greece,Europe,635000.5800000001
2017-01-31,Greece,Europe,5983127.83
2017-02-28,Greece,Europe,3310094.6799999997
2017-03-31,Greece,Europe,8314556.859999999
2017-04-30,Greece,Europe,5412587.96
2017-05-31,Greece,Europe,1417648.07
2017-06-30,Greece,Europe,11148344.7
2010-01-31,Greenland,North America,1479311.0
2010-02-28,Greenland,North America,4626384.7
2010-03-31,Greenland,North America,5917319.609999999
2010-04-30,Greenland,North America,13939719.68
2010-05-31,Greenland,North America,3837206.34
2010-06-30,Greenland,North America,3792998.85
2010-07-31,Greenland,North America,5895991.08
2010-08-31,Greenland,North America,5700812.109999999
2010-09-30,Greenland,North America,3822851.55
2010-10-31,Greenland,North America,4127894.97
2010-11-30,Greenland,North America,493966.8
2010-12-31,Greenland,North America,3460202.6399999997
2011-01-31,Greenland,North America,2804408.81
2011-02-28,Greenland,North America,468219.99
2011-03-31,Greenland,North America,1525110.93
2011-04-30,Greenland,North America,142629.69
2011-05-31,Greenland,North America,220478.1
2011-06-30,Greenland,North America,4817561.91
2011-07-31,Greenland,North America,5159791.08
2011-08-31,Greenland,North America,10011.09
2011-09-30,Greenland,North America,0.0
2011-10-31,Greenland,North America,1915481.3699999999
2011-11-30,Greenland,North America,8347979.430000001
2011-12-31,Greenland,North America,0.0
2012-01-31,Greenland,North America,301066.4
2012-02-29,Greenland,North America,36060.45
2012-03-31,Greenland,North America,3938009.57
2012-04-30,Greenland,North America,1590906.03
2012-05-31,Greenland,North America,1504477.02
2012-06-30,Greenland,North America,1500078.69
2012-07-31,Greenland,North America,4029962.54
2012-08-31,Greenland,North America,1975762.54
2012-09-30,Greenland,North America,1113687.1099999999
2012-10-31,Greenland,North America,4467785.28
2012-11-30,Greenland,North America,1407547.07
2012-12-31,Greenland,North America,368014.09
2013-01-31,Greenland,North America,2014926.5
2013-02-28,Greenland,North America,1447948.16
2013-03-31,Greenland,North America,1976461.61
2013-04-30,Greenland,North America,5226852.0600000005
2013-05-31,Greenland,North America,4689430.37
2013-06-30,Greenland,North America,9564111.579999998
2013-07-31,Greenland,North America,2744652.87
2013-08-31,Greenland,North America,19378224.44
2013-09-30,Greenland,North America,5676537.6899999995
2013-10-31,Greenland,North America,4316966.25
2013-11-30,Greenland,North America,2253344.8699999996
2013-12-31,Greenland,North America,12785153.39
2014-01-31,Greenland,North America,238448.96
2014-02-28,Greenland,North America,5070017.129999999
2014-03-31,Greenland,North America,329371.9
2014-04-30,Greenland,North America,579792.62
2014-05-31,Greenland,North America,14619794.76
2014-06-30,Greenland,North America,3654590.52
2014-07-31,Greenland,North America,3030059.4
2014-08-31,Greenland,North America,166076.68
2014-09-30,Greenland,North America,3060412.34
2014-10-31,Greenland,North America,832978.64
2014-11-30,Greenland,North America,6727649.83
2014-12-31,Greenland,North America,4881957.66
2015-01-31,Greenland,North America,6897468.3100000005
2015-02-28,Greenland,North America,435539.17
2015-03-31,Greenland,North America,1758151.7800000003
2015-04-30,Greenland,North America,5902623.28
2015-05-31,Greenland,North America,4918893.24
2015-06-30,Greenland,North America,6832375.44
2015-07-31,Greenland,North America,200528.8
2015-08-31,Greenland,North America,2892577.6799999997
2015-09-30,Greenland,North America,4869140.73
2015-10-31,Greenland,North America,2381557.54
2015-11-30,Greenland,North America,2196302.8
2015-12-31,Greenland,North America,2787010.8000000003
2016-01-31,Greenland,North America,9458819.87
2016-02-29,Greenland,North America,4846122.6899999995
2016-03-31,Greenland,North America,7150474.32
2016-04-30,Greenland,North America,0.0
2016-05-31,Greenland,North America,7326682.250000001
2016-06-30,Greenland,North America,1680807.9
2016-07-31,Greenland,North America,6895234.109999999
2016-08-31,Greenland,North America,14093299.32
2016-09-30,Greenland,North America,4103173.8600000003
2016-10-31,Greenland,North America,910873.9600000001
2016-11-30,Greenland,North America,5509572.15
2016-12-31,Greenland,North America,2478975.48
2017-01-31,Greenland,North America,1011104.6699999999
2017-02-28,Greenland,North America,4729674.47
2017-03-31,Greenland,North America,1523401.7999999998
2017-04-30,Greenland,North America,5472134.04
2017-05-31,Greenland,North America,3201992.21
2017-06-30,Greenland,North America,272600.25
2010-01-31,Grenada,Central America and the Caribbean,1406454.1800000002
2010-02-28,Grenada,Central America and the Caribbean,3540244.3
2010-03-31,Grenada,Central America and the Caribbean,0.0
2010-04-30,Grenada,Central America and the Caribbean,2494899.2
2010-05-31,Grenada,Central America and the Caribbean,4079473.48
2010-06-30,Grenada,Central America and the Caribbean,23867.35
2010-07-31,Grenada,Central America and the Caribbean,4302134.35
2010-08-31,Grenada,Central America and the Caribbean,9496423.79
2010-09-30,Grenada,Central America and the Caribbean,3907510.1500000004
2010-10-31,Grenada,Central America and the Caribbean,6708486.12
2010-11-30,Grenada,Central America and the Caribbean,0.0
2010-12-31,Grenada,Central America and the Caribbean,4171729.31
2011-01-31,Grenada,Central America and the Caribbean,0.0
2011-02-28,Grenada,Central America and the Caribbean,6524996.37
2011-03-31,Grenada,Central America and the Caribbean,10672416.21
2011-04-30,Grenada,Central America and the Caribbean,2383678.5
2011-05-31,Grenada,Central America and the Caribbean,9144434.6
2011-06-30,Grenada,Central America and the Caribbean,12176596.1
2011-07-31,Grenada,Central America and the Caribbean,2704948.54
2011-08-31,Grenada,Central America and the Caribbean,10305823.23
2011-09-30,Grenada,Central America and the Caribbean,6000456.79
2011-10-31,Grenada,Central America and the Caribbean,7537691.34
2011-11-30,Grenada,Central America and the Caribbean,2646766.34
2011-12-31,Grenada,Central America and the Caribbean,1962976.2000000002
2012-01-31,Grenada,Central America and the Caribbean,21496.32
2012-02-29,Grenada,Central America and the Caribbean,1881126.5
2012-03-31,Grenada,Central America and the Caribbean,2117966.52
2012-04-30,Grenada,Central America and the Caribbean,2763681.54
2012-05-31,Grenada,Central America and the Caribbean,5513497.23
2012-06-30,Grenada,Central America and the Caribbean,761396.68
2012-07-31,Grenada,Central America and the Caribbean,0.0
2012-08-31,Grenada,Central America and the Caribbean,1468613.36
2012-09-30,Grenada,Central America and the Caribbean,676634.7
2012-10-31,Grenada,Central America and the Caribbean,2774657.04
2012-11-30,Grenada,Central America and the Caribbean,1859702.3599999999
2012-12-31,Grenada,Central America and the Caribbean,5360050.3
2013-01-31,Grenada,Central America and the Caribbean,7921459.79
2013-02-28,Grenada,Central America and the Caribbean,1482147.23
2013-03-31,Grenada,Central America and the Caribbean,3977132.17
2013-04-30,Grenada,Central America and the Caribbean,5542380.96
2013-05-31,Grenada,Central America and the Caribbean,1268140.5
2013-06-30,Grenada,Central America and the Caribbean,224032.39
2013-07-31,Grenada,Central America and the Caribbean,91104.0
2013-08-31,Grenada,Central America and the Caribbean,449441.6
2013-09-30,Grenada,Central America and the Caribbean,4664562.8
2013-10-31,Grenada,Central America and the Caribbean,4321996.16
2013-11-30,Grenada,Central America and the Caribbean,7507201.48
2013-12-31,Grenada,Central America and the Caribbean,0.0
2014-01-31,Grenada,Central America and the Caribbean,5103257.93
2014-02-28,Grenada,Central America and the Caribbean,12411050.530000001
2014-03-31,Grenada,Central America and the Caribbean,4085039.8899999997
2014-04-30,Grenada,Central America and the Caribbean,1357931.47
2014-05-31,Grenada,Central America and the Caribbean,2979056.1
2014-06-30,Grenada,Central America and the Caribbean,824221.45
2014-07-31,Grenada,Central America and the Caribbean,3195932.0
2014-08-31,Grenada,Central America and the Caribbean,4733902.51
2014-09-30,Grenada,Central America and the Caribbean,9004957.53
2014-10-31,Grenada,Central America and the Caribbean,6428369.49
2014-11-30,Grenada,Central America and the Caribbean,10576444.459999999
2014-12-31,Grenada,Central America and the Caribbean,7155930.050000001
2015-01-31,Grenada,Central America and the Caribbean,12883243.81
2015-02-28,Grenada,Central America and the Caribbean,310042.56
2015-03-31,Grenada,Central America and the Caribbean,3749260.3200000003
2015-04-30,Grenada,Central America and the Caribbean,5204486.76
2015-05-31,Grenada,Central America and the Caribbean,18975270.689999998
2015-06-30,Grenada,Central America and the Caribbean,13057941.450000001
2015-07-31,Grenada,Central America and the Caribbean,11765164.14
2015-08-31,Grenada,Central America and the Caribbean,0.0
2015-09-30,Grenada,Central America and the Caribbean,4958040.680000001
2015-10-31,Grenada,Central America and the Caribbean,1505641.44
2015-11-30,Grenada,Central America and the Caribbean,346859.5
2015-12-31,Grenada,Central America and the Caribbean,132034.4
2016-01-31,Grenada,Central America and the Caribbean,5386197.62
2016-02-29,Grenada,Central America and the Caribbean,7167134.83
2016-03-31,Grenada,Central America and the Caribbean,120487.49
2016-04-30,Grenada,Central America and the Caribbean,11438548.29
2016-05-31,Grenada,Central America and the Caribbean,391813.62
2016-06-30,Grenada,Central America and the Caribbean,2929176.2800000003
2016-07-31,Grenada,Central America and the Caribbean,3924705.19
2016-08-31,Grenada,Central America and the Caribbean,0.0
2016-09-30,Grenada,Central America and the Caribbean,8706130.86
2016-10-31,Grenada,Central America and the Caribbean,2209546.01
2016-11-30,Grenada,Central America and the Caribbean,10684854.5
2016-12-31,Grenada,Central America and the Caribbean,2420581.98
2017-01-31,Grenada,Central America and the Caribbean,11210573.6
2017-02-28,Grenada,Central America and the Caribbean,778023.46
2017-03-31,Grenada,Central America and the Caribbean,2879619.16
2017-04-30,Grenada,Central America and the Caribbean,459406.92
2017-05-31,Grenada,Central America and the Caribbean,2468737.11
2017-06-30,Grenada,Central America and the Caribbean,9984507.35
2010-01-31,Guatemala,Central America and the Caribbean,11687352.370000001
2010-02-28,Guatemala,Central America and the Caribbean,4984407.43
2010-03-31,Guatemala,Central America and the Caribbean,1614208.88
2010-04-30,Guatemala,Central America and the Caribbean,3019257.29
2010-05-31,Guatemala,Central America and the Caribbean,0.0
2010-06-30,Guatemala,Central America and the Caribbean,2462961.87
2010-07-31,Guatemala,Central America and the Caribbean,4968951.34
2010-08-31,Guatemala,Central America and the Caribbean,756268.6799999999
2010-09-30,Guatemala,Central America and the Caribbean,2301302.95
2010-10-31,Guatemala,Central America and the Caribbean,4554179.3100000005
2010-11-30,Guatemala,Central America and the Caribbean,4418522.67
2010-12-31,Guatemala,Central America and the Caribbean,5191279.6
2011-01-31,Guatemala,Central America and the Caribbean,5179015.87
2011-02-28,Guatemala,Central America and the Caribbean,381453.99
2011-03-31,Guatemala,Central America and the Caribbean,0.0
2011-04-30,Guatemala,Central America and the Caribbean,1187630.6800000002
2011-05-31,Guatemala,Central America and the Caribbean,716780.0700000001
2011-06-30,Guatemala,Central America and the Caribbean,1384024.82
2011-07-31,Guatemala,Central America and the Caribbean,3704082.48
2011-08-31,Guatemala,Central America and the Caribbean,4217703.51
2011-09-30,Guatemala,Central America and the Caribbean,4664412.27
2011-10-31,Guatemala,Central America and the Caribbean,5562295.8
2011-11-30,Guatemala,Central America and the Caribbean,1000924.8
2011-12-31,Guatemala,Central America and the Caribbean,1164351.7
2012-01-31,Guatemala,Central America and the Caribbean,5318905.42
2012-02-29,Guatemala,Central America and the Caribbean,1172637.57
2012-03-31,Guatemala,Central America and the Caribbean,1771381.8800000001
2012-04-30,Guatemala,Central America and the Caribbean,3514458.6
2012-05-31,Guatemala,Central America and the Caribbean,4477570.87
2012-06-30,Guatemala,Central America and the Caribbean,15325068.09
2012-07-31,Guatemala,Central America and the Caribbean,6436404.9799999995
2012-08-31,Guatemala,Central America and the Caribbean,3035697.16
2012-09-30,Guatemala,Central America and the Caribbean,2832886.11
2012-10-31,Guatemala,Central America and the Caribbean,6982150.52
2012-11-30,Guatemala,Central America and the Caribbean,3557034.3099999996
2012-12-31,Guatemala,Central America and the Caribbean,4146132.93
2013-01-31,Guatemala,Central America and the Caribbean,2247810.36
2013-02-28,Guatemala,Central America and the Caribbean,2048963.02
2013-03-31,Guatemala,Central America and the Caribbean,3635420.6199999996
2013-04-30,Guatemala,Central America and the Caribbean,4952902.63
2013-05-31,Guatemala,Central America and the Caribbean,432403.44
2013-06-30,Guatemala,Central America and the Caribbean,10879860.799999999
2013-07-31,Guatemala,Central America and the Caribbean,4330536.89
2013-08-31,Guatemala,Central America and the Caribbean,116979.54000000001
2013-09-30,Guatemala,Central America and the Caribbean,6833146.53
2013-10-31,Guatemala,Central America and the Caribbean,9818242.68
2013-11-30,Guatemala,Central America and the Caribbean,1209959.4
2013-12-31,Guatemala,Central America and the Caribbean,10348476.7
2014-01-31,Guatemala,Central America and the Caribbean,1462273.1
2014-02-28,Guatemala,Central America and the Caribbean,947348.32
2014-03-31,Guatemala,Central America and the Caribbean,1395699.8599999999
2014-04-30,Guatemala,Central America and the Caribbean,4659898.279999999
2014-05-31,Guatemala,Central America and the Caribbean,5247175.93
2014-06-30,Guatemala,Central America and the Caribbean,8301563.040000001
2014-07-31,Guatemala,Central America and the Caribbean,8342567.04
2014-08-31,Guatemala,Central America and the Caribbean,12799647.85
2014-09-30,Guatemala,Central America and the Caribbean,220199.2
2014-10-31,Guatemala,Central America and the Caribbean,2394162.5500000003
2014-11-30,Guatemala,Central America and the Caribbean,3562797.7500000005
2014-12-31,Guatemala,Central America and the Caribbean,3112447.29
2015-01-31,Guatemala,Central America and the Caribbean,3388896.84
2015-02-28,Guatemala,Central America and the Caribbean,4112833.5
2015-03-31,Guatemala,Central America and the Caribbean,7441655.5
2015-04-30,Guatemala,Central America and the Caribbean,8877632.92
2015-05-31,Guatemala,Central America and the Caribbean,1116580.44
2015-06-30,Guatemala,Central America and the Caribbean,8828928.66
2015-07-31,Guatemala,Central America and the Caribbean,6199836.21
2015-08-31,Guatemala,Central America and the Caribbean,2332892.15
2015-09-30,Guatemala,Central America and the Caribbean,2842995.1
2015-10-31,Guatemala,Central America and the Caribbean,4729911.98
2015-11-30,Guatemala,Central America and the Caribbean,0.0
2015-12-31,Guatemala,Central America and the Caribbean,1174945.8599999999
2016-01-31,Guatemala,Central America and the Caribbean,8803539.65
2016-02-29,Guatemala,Central America and the Caribbean,8501589.01
2016-03-31,Guatemala,Central America and the Caribbean,8886375.94
2016-04-30,Guatemala,Central America and the Caribbean,2847922.66
2016-05-31,Guatemala,Central America and the Caribbean,6229755.43
2016-06-30,Guatemala,Central America and the Caribbean,1080155.96
2016-07-31,Guatemala,Central America and the Caribbean,349421.8
2016-08-31,Guatemala,Central America and the Caribbean,3556522.4
2016-09-30,Guatemala,Central America and the Caribbean,4920747.91
2016-10-31,Guatemala,Central America and the Caribbean,646786.62
2016-11-30,Guatemala,Central America and the Caribbean,1385451.72
2016-12-31,Guatemala,Central America and the Caribbean,1244978.8900000001
2017-01-31,Guatemala,Central America and the Caribbean,1739193.5
2017-02-28,Guatemala,Central America and the Caribbean,5779582.64
2017-03-31,Guatemala,Central America and the Caribbean,655719.79
2017-04-30,Guatemala,Central America and the Caribbean,1660056.0
2017-05-31,Guatemala,Central America and the Caribbean,5362866.75
2017-06-30,Guatemala,Central America and the Caribbean,825638.73
2010-01-31,Guinea,Sub-Saharan Africa,1721091.9
2010-02-28,Guinea,Sub-Saharan Africa,0.0
2010-03-31,Guinea,Sub-Saharan Africa,240859.86000000002
2010-04-30,Guinea,Sub-Saharan Africa,7841069.2
2010-05-31,Guinea,Sub-Saharan Africa,2570168.35
2010-06-30,Guinea,Sub-Saharan Africa,14750362.01
2010-07-31,Guinea,Sub-Saharan Africa,3326238.18
2010-08-31,Guinea,Sub-Saharan Africa,10060081.15
2010-09-30,Guinea,Sub-Saharan Africa,1345908.91
2010-10-31,Guinea,Sub-Saharan Africa,9956074.27
2010-11-30,Guinea,Sub-Saharan Africa,7199995.9
2010-12-31,Guinea,Sub-Saharan Africa,5353369.5600000005
2011-01-31,Guinea,Sub-Saharan Africa,845772.1
2011-02-28,Guinea,Sub-Saharan Africa,4809034.220000001
2011-03-31,Guinea,Sub-Saharan Africa,5235266.41
2011-04-30,Guinea,Sub-Saharan Africa,10428900.15
2011-05-31,Guinea,Sub-Saharan Africa,11157910.33
2011-06-30,Guinea,Sub-Saharan Africa,6376180.11
2011-07-31,Guinea,Sub-Saharan Africa,7683995.38
2011-08-31,Guinea,Sub-Saharan Africa,3224653.48
2011-09-30,Guinea,Sub-Saharan Africa,10099524.459999999
2011-10-31,Guinea,Sub-Saharan Africa,5625382.72
2011-11-30,Guinea,Sub-Saharan Africa,15839112.459999999
2011-12-31,Guinea,Sub-Saharan Africa,9615309.73
2012-01-31,Guinea,Sub-Saharan Africa,3980808.44
2012-02-29,Guinea,Sub-Saharan Africa,2495652.47
2012-03-31,Guinea,Sub-Saharan Africa,11346825.6
2012-04-30,Guinea,Sub-Saharan Africa,1221111.96
2012-05-31,Guinea,Sub-Saharan Africa,6779125.72
2012-06-30,Guinea,Sub-Saharan Africa,4888380.51
2012-07-31,Guinea,Sub-Saharan Africa,5031394.4399999995
2012-08-31,Guinea,Sub-Saharan Africa,4270056.29
2012-09-30,Guinea,Sub-Saharan Africa,1073046.04
2012-10-31,Guinea,Sub-Saharan Africa,1968857.93
2012-11-30,Guinea,Sub-Saharan Africa,4894114.98
2012-12-31,Guinea,Sub-Saharan Africa,1970063.74
2013-01-31,Guinea,Sub-Saharan Africa,5540146.52
2013-02-28,Guinea,Sub-Saharan Africa,7873632.46
2013-03-31,Guinea,Sub-Saharan Africa,2850590.7800000003
2013-04-30,Guinea,Sub-Saharan Africa,7337731.4399999995
2013-05-31,Guinea,Sub-Saharan Africa,2399376.72
2013-06-30,Guinea,Sub-Saharan Africa,4986434.49
2013-07-31,Guinea,Sub-Saharan Africa,6622447.08
2013-08-31,Guinea,Sub-Saharan Africa,3891630.96
2013-09-30,Guinea,Sub-Saharan Africa,11226110.870000001
2013-10-31,Guinea,Sub-Saharan Africa,7055632.55
2013-11-30,Guinea,Sub-Saharan Africa,8515670.15
2013-12-31,Guinea,Sub-Saharan Africa,3624604.12
2014-01-31,Guinea,Sub-Saharan Africa,0.0
2014-02-28,Guinea,Sub-Saharan Africa,0.0
2014-03-31,Guinea,Sub-Saharan Africa,4612540.3
2014-04-30,Guinea,Sub-Saharan Africa,4389416.53
2014-05-31,Guinea,Sub-Saharan Africa,7111823.18
2014-06-30,Guinea,Sub-Saharan Africa,2086940.91
2014-07-31,Guinea,Sub-Saharan Africa,5159286.81
2014-08-31,Guinea,Sub-Saharan Africa,7218750.33
2014-09-30,Guinea,Sub-Saharan Africa,2565615.6
2014-10-31,Guinea,Sub-Saharan Africa,3366170.0
2014-11-30,Guinea,Sub-Saharan Africa,108992.65
2014-12-31,Guinea,Sub-Saharan Africa,1219233.6300000001
2015-01-31,Guinea,Sub-Saharan Africa,6556222.34
2015-02-28,Guinea,Sub-Saharan Africa,2689988.0700000003
2015-03-31,Guinea,Sub-Saharan Africa,4792271.86
2015-04-30,Guinea,Sub-Saharan Africa,6065405.59
2015-05-31,Guinea,Sub-Saharan Africa,4281519.390000001
2015-06-30,Guinea,Sub-Saharan Africa,4310502.4399999995
2015-07-31,Guinea,Sub-Saharan Africa,5440157.43
2015-08-31,Guinea,Sub-Saharan Africa,2827176.15
2015-09-30,Guinea,Sub-Saharan Africa,2108697.1399999997
2015-10-31,Guinea,Sub-Saharan Africa,6558590.5
2015-11-30,Guinea,Sub-Saharan Africa,1471603.3299999998
2015-12-31,Guinea,Sub-Saharan Africa,4159482.8800000004
2016-01-31,Guinea,Sub-Saharan Africa,0.0
2016-02-29,Guinea,Sub-Saharan Africa,734916.16
2016-03-31,Guinea,Sub-Saharan Africa,0.0
2016-04-30,Guinea,Sub-Saharan Africa,370947.01
2016-05-31,Guinea,Sub-Saharan Africa,5873641.7700000005
2016-06-30,Guinea,Sub-Saharan Africa,2007515.26
2016-07-31,Guinea,Sub-Saharan Africa,12786632.53
2016-08-31,Guinea,Sub-Saharan Africa,1087285.08
2016-09-30,Guinea,Sub-Saharan Africa,1954113.42
2016-10-31,Guinea,Sub-Saharan Africa,0.0
2016-11-30,Guinea,Sub-Saharan Africa,4210771.22
2016-12-31,Guinea,Sub-Saharan Africa,1517864.54
2017-01-31,Guinea,Sub-Saharan Africa,1959385.89
2017-02-28,Guinea,Sub-Saharan Africa,5604731.89
2017-03-31,Guinea,Sub-Saharan Africa,10453590.71
2017-04-30,Guinea,Sub-Saharan Africa,547607.08
2017-05-31,Guinea,Sub-Saharan Africa,8840260.66
2017-06-30,Guinea,Sub-Saharan Africa,5007099.92
2010-01-31,Guinea-Bissau,Sub-Saharan Africa,4550918.7
2010-02-28,Guinea-Bissau,Sub-Saharan Africa,2437461.34
2010-03-31,Guinea-Bissau,Sub-Saharan Africa,23380.98
2010-04-30,Guinea-Bissau,Sub-Saharan Africa,6551011.38
2010-05-31,Guinea-Bissau,Sub-Saharan Africa,510708.9
2010-06-30,Guinea-Bissau,Sub-Saharan Africa,3159462.87
2010-07-31,Guinea-Bissau,Sub-Saharan Africa,8422798.32
2010-08-31,Guinea-Bissau,Sub-Saharan Africa,4646605.64
2010-09-30,Guinea-Bissau,Sub-Saharan Africa,209065.34
2010-10-31,Guinea-Bissau,Sub-Saharan Africa,173163.44
2010-11-30,Guinea-Bissau,Sub-Saharan Africa,1619456.6600000001
2010-12-31,Guinea-Bissau,Sub-Saharan Africa,1691982.72
2011-01-31,Guinea-Bissau,Sub-Saharan Africa,5046060.52
2011-02-28,Guinea-Bissau,Sub-Saharan Africa,0.0
2011-03-31,Guinea-Bissau,Sub-Saharan Africa,2430030.11
2011-04-30,Guinea-Bissau,Sub-Saharan Africa,5589887.97
2011-05-31,Guinea-Bissau,Sub-Saharan Africa,2940652.45
2011-06-30,Guinea-Bissau,Sub-Saharan Africa,1304508.37
2011-07-31,Guinea-Bissau,Sub-Saharan Africa,1309565.6400000001
2011-08-31,Guinea-Bissau,Sub-Saharan Africa,4246425.82
2011-09-30,Guinea-Bissau,Sub-Saharan Africa,1932422.06
2011-10-31,Guinea-Bissau,Sub-Saharan Africa,4917448.4399999995
2011-11-30,Guinea-Bissau,Sub-Saharan Africa,117869.01
2011-12-31,Guinea-Bissau,Sub-Saharan Africa,6071757.45
2012-01-31,Guinea-Bissau,Sub-Saharan Africa,120855.15
2012-02-29,Guinea-Bissau,Sub-Saharan Africa,4860197.49
2012-03-31,Guinea-Bissau,Sub-Saharan Africa,2831308.19
2012-04-30,Guinea-Bissau,Sub-Saharan Africa,790655.98
2012-05-31,Guinea-Bissau,Sub-Saharan Africa,2451590.08
2012-06-30,Guinea-Bissau,Sub-Saharan Africa,2817904.65
2012-07-31,Guinea-Bissau,Sub-Saharan Africa,7204771.699999999
2012-08-31,Guinea-Bissau,Sub-Saharan Africa,2060474.4
2012-09-30,Guinea-Bissau,Sub-Saharan Africa,14607372.67
2012-10-31,Guinea-Bissau,Sub-Saharan Africa,6568641.41
2012-11-30,Guinea-Bissau,Sub-Saharan Africa,1455331.28
2012-12-31,Guinea-Bissau,Sub-Saharan Africa,3607581.39
2013-01-31,Guinea-Bissau,Sub-Saharan Africa,1582861.5
2013-02-28,Guinea-Bissau,Sub-Saharan Africa,2368922.46
2013-03-31,Guinea-Bissau,Sub-Saharan Africa,255897.85
2013-04-30,Guinea-Bissau,Sub-Saharan Africa,1845544.16
2013-05-31,Guinea-Bissau,Sub-Saharan Africa,3445662.66
2013-06-30,Guinea-Bissau,Sub-Saharan Africa,5851428.4399999995
2013-07-31,Guinea-Bissau,Sub-Saharan Africa,6303081.78
2013-08-31,Guinea-Bissau,Sub-Saharan Africa,1658097.1600000001
2013-09-30,Guinea-Bissau,Sub-Saharan Africa,4379514.13
2013-10-31,Guinea-Bissau,Sub-Saharan Africa,10434574.959999999
2013-11-30,Guinea-Bissau,Sub-Saharan Africa,8465215.94
2013-12-31,Guinea-Bissau,Sub-Saharan Africa,437051.4
2014-01-31,Guinea-Bissau,Sub-Saharan Africa,4049497.6999999997
2014-02-28,Guinea-Bissau,Sub-Saharan Africa,1601618.3399999999
2014-03-31,Guinea-Bissau,Sub-Saharan Africa,72008.94
2014-04-30,Guinea-Bissau,Sub-Saharan Africa,4475572.43
2014-05-31,Guinea-Bissau,Sub-Saharan Africa,1444070.86
2014-06-30,Guinea-Bissau,Sub-Saharan Africa,8154457.1
2014-07-31,Guinea-Bissau,Sub-Saharan Africa,5882042.1899999995
2014-08-31,Guinea-Bissau,Sub-Saharan Africa,4229716.07
2014-09-30,Guinea-Bissau,Sub-Saharan Africa,7210429.95
2014-10-31,Guinea-Bissau,Sub-Saharan Africa,4430190.3100000005
2014-11-30,Guinea-Bissau,Sub-Saharan Africa,1993624.82
2014-12-31,Guinea-Bissau,Sub-Saharan Africa,10630561.67
2015-01-31,Guinea-Bissau,Sub-Saharan Africa,135070.08
2015-02-28,Guinea-Bissau,Sub-Saharan Africa,0.0
2015-03-31,Guinea-Bissau,Sub-Saharan Africa,6229085.25
2015-04-30,Guinea-Bissau,Sub-Saharan Africa,14189508.98
2015-05-31,Guinea-Bissau,Sub-Saharan Africa,3142218.9
2015-06-30,Guinea-Bissau,Sub-Saharan Africa,0.0
2015-07-31,Guinea-Bissau,Sub-Saharan Africa,1266513.78
2015-08-31,Guinea-Bissau,Sub-Saharan Africa,5676641.51
2015-09-30,Guinea-Bissau,Sub-Saharan Africa,6398750.6
2015-10-31,Guinea-Bissau,Sub-Saharan Africa,9018057.24
2015-11-30,Guinea-Bissau,Sub-Saharan Africa,3316650.84
2015-12-31,Guinea-Bissau,Sub-Saharan Africa,57304.86
2016-01-31,Guinea-Bissau,Sub-Saharan Africa,83204.94
2016-02-29,Guinea-Bissau,Sub-Saharan Africa,3969178.5
2016-03-31,Guinea-Bissau,Sub-Saharan Africa,2848594.9699999997
2016-04-30,Guinea-Bissau,Sub-Saharan Africa,2112912.4
2016-05-31,Guinea-Bissau,Sub-Saharan Africa,796336.14
2016-06-30,Guinea-Bissau,Sub-Saharan Africa,4748595.4399999995
2016-07-31,Guinea-Bissau,Sub-Saharan Africa,1286139.75
2016-08-31,Guinea-Bissau,Sub-Saharan Africa,3911329.9
2016-09-30,Guinea-Bissau,Sub-Saharan Africa,3721920.99
2016-10-31,Guinea-Bissau,Sub-Saharan Africa,3534204.87
2016-11-30,Guinea-Bissau,Sub-Saharan Africa,3277518.94
2016-12-31,Guinea-Bissau,Sub-Saharan Africa,1919302.9100000001
2017-01-31,Guinea-Bissau,Sub-Saharan Africa,8716272.25
2017-02-28,Guinea-Bissau,Sub-Saharan Africa,6109614.16
2017-03-31,Guinea-Bissau,Sub-Saharan Africa,3709383.55
2017-04-30,Guinea-Bissau,Sub-Saharan Africa,543558.72
2017-05-31,Guinea-Bissau,Sub-Saharan Africa,7185516.05
2017-06-30,Guinea-Bissau,Sub-Saharan Africa,2622244.67
2010-01-31,Haiti,Central America and the Caribbean,6229387.6
2010-02-28,Haiti,Central America and the Caribbean,2351894.64
2010-03-31,Haiti,Central America and the Caribbean,584381.4
2010-04-30,Haiti,Central America and the Caribbean,942698.07
2010-05-31,Haiti,Central America and the Caribbean,7377002.99
2010-06-30,Haiti,Central America and the Caribbean,0.0
2010-07-31,Haiti,Central America and the Caribbean,5987073.4399999995
2010-08-31,Haiti,Central America and the Caribbean,0.0
2010-09-30,Haiti,Central America and the Caribbean,5066330.4
2010-10-31,Haiti,Central America and the Caribbean,2491400.87
2010-11-30,Haiti,Central America and the Caribbean,4937773.74
2010-12-31,Haiti,Central America and the Caribbean,751504.77
2011-01-31,Haiti,Central America and the Caribbean,1297276.02
2011-02-28,Haiti,Central America and the Caribbean,4922571.32
2011-03-31,Haiti,Central America and the Caribbean,2401849.9
2011-04-30,Haiti,Central America and the Caribbean,3550167.39
2011-05-31,Haiti,Central America and the Caribbean,2126745.44
2011-06-30,Haiti,Central America and the Caribbean,922782.02
2011-07-31,Haiti,Central America and the Caribbean,5724795.75
2011-08-31,Haiti,Central America and the Caribbean,5711861.55
2011-09-30,Haiti,Central America and the Caribbean,699563.6699999999
2011-10-31,Haiti,Central America and the Caribbean,1539759.4100000001
2011-11-30,Haiti,Central America and the Caribbean,2570966.06
2011-12-31,Haiti,Central America and the Caribbean,0.0
2012-01-31,Haiti,Central America and the Caribbean,14114100.86
2012-02-29,Haiti,Central America and the Caribbean,5582667.96
2012-03-31,Haiti,Central America and the Caribbean,2699790.39
2012-04-30,Haiti,Central America and the Caribbean,2174996.71
2012-05-31,Haiti,Central America and the Caribbean,834537.2400000001
2012-06-30,Haiti,Central America and the Caribbean,2405500.1
2012-07-31,Haiti,Central America and the Caribbean,6736715.55
2012-08-31,Haiti,Central America and the Caribbean,4760640.29
2012-09-30,Haiti,Central America and the Caribbean,1951663.14
2012-10-31,Haiti,Central America and the Caribbean,1631371.41
2012-11-30,Haiti,Central America and the Caribbean,11644852.39
2012-12-31,Haiti,Central America and the Caribbean,4843350.12
2013-01-31,Haiti,Central America and the Caribbean,5707992.57
2013-02-28,Haiti,Central America and the Caribbean,4254830.4
2013-03-31,Haiti,Central America and the Caribbean,89500.32
2013-04-30,Haiti,Central America and the Caribbean,885278.1599999999
2013-05-31,Haiti,Central America and the Caribbean,2438274.12
2013-06-30,Haiti,Central America and the Caribbean,5931044.8100000005
2013-07-31,Haiti,Central America and the Caribbean,215850.05
2013-08-31,Haiti,Central America and the Caribbean,7717890.77
2013-09-30,Haiti,Central America and the Caribbean,5743125.32
2013-10-31,Haiti,Central America and the Caribbean,6288976.87
2013-11-30,Haiti,Central America and the Caribbean,3641916.32
2013-12-31,Haiti,Central America and the Caribbean,3124668.4
2014-01-31,Haiti,Central America and the Caribbean,2605259.8
2014-02-28,Haiti,Central America and the Caribbean,71757.03
2014-03-31,Haiti,Central America and the Caribbean,4875324.279999999
2014-04-30,Haiti,Central America and the Caribbean,7388084.32
2014-05-31,Haiti,Central America and the Caribbean,18660.0
2014-06-30,Haiti,Central America and the Caribbean,6617303.69
2014-07-31,Haiti,Central America and the Caribbean,1012116.69
2014-08-31,Haiti,Central America and the Caribbean,1642145.05
2014-09-30,Haiti,Central America and the Caribbean,70713.54
2014-10-31,Haiti,Central America and the Caribbean,78052.15
2014-11-30,Haiti,Central America and the Caribbean,0.0
2014-12-31,Haiti,Central America and the Caribbean,11155341.120000001
2015-01-31,Haiti,Central America and the Caribbean,9246184.06
2015-02-28,Haiti,Central America and the Caribbean,2586428.76
2015-03-31,Haiti,Central America and the Caribbean,1532126.7
2015-04-30,Haiti,Central America and the Caribbean,2283278.5
2015-05-31,Haiti,Central America and the Caribbean,3390097.37
2015-06-30,Haiti,Central America and the Caribbean,2308422.84
2015-07-31,Haiti,Central America and the Caribbean,0.0
2015-08-31,Haiti,Central America and the Caribbean,2636141.08
2015-09-30,Haiti,Central America and the Caribbean,406411.91000000003
2015-10-31,Haiti,Central America and the Caribbean,571370.85
2015-11-30,Haiti,Central America and the Caribbean,1249410.26
2015-12-31,Haiti,Central America and the Caribbean,7954586.63
2016-01-31,Haiti,Central America and the Caribbean,10338558.09
2016-02-29,Haiti,Central America and the Caribbean,92921.92
2016-03-31,Haiti,Central America and the Caribbean,8864104.33
2016-04-30,Haiti,Central America and the Caribbean,610.32
2016-05-31,Haiti,Central America and the Caribbean,5957269.08
2016-06-30,Haiti,Central America and the Caribbean,0.0
2016-07-31,Haiti,Central America and the Caribbean,1472812.0
2016-08-31,Haiti,Central America and the Caribbean,4648256.1899999995
2016-09-30,Haiti,Central America and the Caribbean,1325035.9
2016-10-31,Haiti,Central America and the Caribbean,1269141.01
2016-11-30,Haiti,Central America and the Caribbean,83484.84
2016-12-31,Haiti,Central America and the Caribbean,7882020.380000001
2017-01-31,Haiti,Central America and the Caribbean,0.0
2017-02-28,Haiti,Central America and the Caribbean,5296124.18
2017-03-31,Haiti,Central America and the Caribbean,7649012.04
2017-04-30,Haiti,Central America and the Caribbean,715608.7
2017-05-31,Haiti,Central America and the Caribbean,4671362.390000001
2017-06-30,Haiti,Central America and the Caribbean,1360967.96
2010-01-31,Honduras,Central America and the Caribbean,2471337.26
2010-02-28,Honduras,Central America and the Caribbean,7574811.48
2010-03-31,Honduras,Central America and the Caribbean,5283819.4
2010-04-30,Honduras,Central America and the Caribbean,773492.72
2010-05-31,Honduras,Central America and the Caribbean,988884.07
2010-06-30,Honduras,Central America and the Caribbean,0.0
2010-07-31,Honduras,Central America and the Caribbean,877641.3799999999
2010-08-31,Honduras,Central America and the Caribbean,0.0
2010-09-30,Honduras,Central America and the Caribbean,3865770.64
2010-10-31,Honduras,Central America and the Caribbean,3461153.8000000003
2010-11-30,Honduras,Central America and the Caribbean,8009323.499999999
2010-12-31,Honduras,Central America and the Caribbean,10900675.04
2011-01-31,Honduras,Central America and the Caribbean,2354800.62
2011-02-28,Honduras,Central America and the Caribbean,6708359.32
2011-03-31,Honduras,Central America and the Caribbean,2458849.86
2011-04-30,Honduras,Central America and the Caribbean,4985483.66
2011-05-31,Honduras,Central America and the Caribbean,10248604.33
2011-06-30,Honduras,Central America and the Caribbean,6813634.19
2011-07-31,Honduras,Central America and the Caribbean,13795627.97
2011-08-31,Honduras,Central America and the Caribbean,9627428.68
2011-09-30,Honduras,Central America and the Caribbean,2310920.04
2011-10-31,Honduras,Central America and the Caribbean,4753416.71
2011-11-30,Honduras,Central America and the Caribbean,6981798.21
2011-12-31,Honduras,Central America and the Caribbean,4165833.45
2012-01-31,Honduras,Central America and the Caribbean,3462969.9000000004
2012-02-29,Honduras,Central America and the Caribbean,1709572.7
2012-03-31,Honduras,Central America and the Caribbean,6984440.99
2012-04-30,Honduras,Central America and the Caribbean,1338395.5899999999
2012-05-31,Honduras,Central America and the Caribbean,3813374.3
2012-06-30,Honduras,Central America and the Caribbean,457558.2
2012-07-31,Honduras,Central America and the Caribbean,6580454.69
2012-08-31,Honduras,Central America and the Caribbean,435266.73
2012-09-30,Honduras,Central America and the Caribbean,3174716.54
2012-10-31,Honduras,Central America and the Caribbean,3330626.71
2012-11-30,Honduras,Central America and the Caribbean,4515532.1
2012-12-31,Honduras,Central America and the Caribbean,6573911.58
2013-01-31,Honduras,Central America and the Caribbean,6997525.24
2013-02-28,Honduras,Central America and the Caribbean,0.0
2013-03-31,Honduras,Central America and the Caribbean,408379.36
2013-04-30,Honduras,Central America and the Caribbean,2898686.52
2013-05-31,Honduras,Central America and the Caribbean,369390.16
2013-06-30,Honduras,Central America and the Caribbean,7028767.409999999
2013-07-31,Honduras,Central America and the Caribbean,1402816.54
2013-08-31,Honduras,Central America and the Caribbean,152017.8
2013-09-30,Honduras,Central America and the Caribbean,4556627.67
2013-10-31,Honduras,Central America and the Caribbean,7881297.18
2013-11-30,Honduras,Central America and the Caribbean,3684962.97
2013-12-31,Honduras,Central America and the Caribbean,39102.03
2014-01-31,Honduras,Central America and the Caribbean,3156847.8200000003
2014-02-28,Honduras,Central America and the Caribbean,33658.24
2014-03-31,Honduras,Central America and the Caribbean,11195308.899999999
2014-04-30,Honduras,Central America and the Caribbean,0.0
2014-05-31,Honduras,Central America and the Caribbean,4481736.4
2014-06-30,Honduras,Central America and the Caribbean,3978182.15
2014-07-31,Honduras,Central America and the Caribbean,10751796.030000001
2014-08-31,Honduras,Central America and the Caribbean,7591425.52
2014-09-30,Honduras,Central America and the Caribbean,5112819.24
2014-10-31,Honduras,Central America and the Caribbean,1147065.48
2014-11-30,Honduras,Central America and the Caribbean,6516717.93
2014-12-31,Honduras,Central America and the Caribbean,8429051.9
2015-01-31,Honduras,Central America and the Caribbean,2917438.15
2015-02-28,Honduras,Central America and the Caribbean,5915857.26
2015-03-31,Honduras,Central America and the Caribbean,5195842.05
2015-04-30,Honduras,Central America and the Caribbean,9066317.4
2015-05-31,Honduras,Central America and the Caribbean,5402938.59
2015-06-30,Honduras,Central America and the Caribbean,3098440.77
2015-07-31,Honduras,Central America and the Caribbean,2272683.33
2015-08-31,Honduras,Central America and the Caribbean,457750.15
2015-09-30,Honduras,Central America and the Caribbean,1191984.17
2015-10-31,Honduras,Central America and the Caribbean,0.0
2015-11-30,Honduras,Central America and the Caribbean,729432.57
2015-12-31,Honduras,Central America and the Caribbean,4479198.390000001
2016-01-31,Honduras,Central America and the Caribbean,2557038.46
2016-02-29,Honduras,Central America and the Caribbean,326542.86
2016-03-31,Honduras,Central America and the Caribbean,433960.1
2016-04-30,Honduras,Central America and the Caribbean,1535883.6
2016-05-31,Honduras,Central America and the Caribbean,10120972.59
2016-06-30,Honduras,Central America and the Caribbean,7847182.74
2016-07-31,Honduras,Central America and the Caribbean,2935507.7
2016-08-31,Honduras,Central America and the Caribbean,6153129.72
2016-09-30,Honduras,Central America and the Caribbean,5523527.67
2016-10-31,Honduras,Central America and the Caribbean,5339270.79
2016-11-30,Honduras,Central America and the Caribbean,2060292.06
2016-12-31,Honduras,Central America and the Caribbean,6511742.75
2017-01-31,Honduras,Central America and the Caribbean,6507969.41
2017-02-28,Honduras,Central America and the Caribbean,1014611.22
2017-03-31,Honduras,Central America and the Caribbean,219104.88
2017-04-30,Honduras,Central America and the Caribbean,13600497.02
2017-05-31,Honduras,Central America and the Caribbean,1887203.5
2017-06-30,Honduras,Central America and the Caribbean,1423739.3
2010-01-31,Hungary,Europe,2305764.1799999997
2010-02-28,Hungary,Europe,864295.52
2010-03-31,Hungary,Europe,3959799.11
2010-04-30,Hungary,Europe,12437924.43
2010-05-31,Hungary,Europe,794662.25
2010-06-30,Hungary,Europe,3882452.4299999997
2010-07-31,Hungary,Europe,42992.64
2010-08-31,Hungary,Europe,5007240.359999999
2010-09-30,Hungary,Europe,2426213.9
2010-10-31,Hungary,Europe,1292154.71
2010-11-30,Hungary,Europe,1274043.0
2010-12-31,Hungary,Europe,8553688.860000001
2011-01-31,Hungary,Europe,4196332.27
2011-02-28,Hungary,Europe,4167556.74
2011-03-31,Hungary,Europe,10116019.530000001
2011-04-30,Hungary,Europe,2274227.99
2011-05-31,Hungary,Europe,5309181.13
2011-06-30,Hungary,Europe,1356881.46
2011-07-31,Hungary,Europe,6046919.79
2011-08-31,Hungary,Europe,220767.98
2011-09-30,Hungary,Europe,419944.56
2011-10-31,Hungary,Europe,7066276.18
2011-11-30,Hungary,Europe,0.0
2011-12-31,Hungary,Europe,1513746.3
2012-01-31,Hungary,Europe,6602278.8100000005
2012-02-29,Hungary,Europe,3057256.8
2012-03-31,Hungary,Europe,6240192.16
2012-04-30,Hungary,Europe,3272661.5
2012-05-31,Hungary,Europe,2472370.69
2012-06-30,Hungary,Europe,3840958.05
2012-07-31,Hungary,Europe,6928613.49
2012-08-31,Hungary,Europe,1662713.6099999999
2012-09-30,Hungary,Europe,7377531.529999999
2012-10-31,Hungary,Europe,10130654.65
2012-11-30,Hungary,Europe,4901230.300000001
2012-12-31,Hungary,Europe,1018461.04
2013-01-31,Hungary,Europe,7477129.88
2013-02-28,Hungary,Europe,1207518.12
2013-03-31,Hungary,Europe,4821233.4
2013-04-30,Hungary,Europe,1670284.0
2013-05-31,Hungary,Europe,5353312.96
2013-06-30,Hungary,Europe,4094187.6500000004
2013-07-31,Hungary,Europe,1570166.3399999999
2013-08-31,Hungary,Europe,556447.74
2013-09-30,Hungary,Europe,8499440.530000001
2013-10-31,Hungary,Europe,3334877.04
2013-11-30,Hungary,Europe,4007910.6
2013-12-31,Hungary,Europe,4073145.54
2014-01-31,Hungary,Europe,519798.44
2014-02-28,Hungary,Europe,2393074.87
2014-03-31,Hungary,Europe,7081315.390000001
2014-04-30,Hungary,Europe,469897.35
2014-05-31,Hungary,Europe,429849.55
2014-06-30,Hungary,Europe,1207864.78
2014-07-31,Hungary,Europe,15456416.83
2014-08-31,Hungary,Europe,2535949.42
2014-09-30,Hungary,Europe,2279650.4
2014-10-31,Hungary,Europe,6275769.68
2014-11-30,Hungary,Europe,5211304.18
2014-12-31,Hungary,Europe,843038.13
2015-01-31,Hungary,Europe,1201109.76
2015-02-28,Hungary,Europe,5630289.19
2015-03-31,Hungary,Europe,1168416.56
2015-04-30,Hungary,Europe,8006656.91
2015-05-31,Hungary,Europe,548898.68
2015-06-30,Hungary,Europe,5411533.73
2015-07-31,Hungary,Europe,2196780.74
2015-08-31,Hungary,Europe,2621636.4299999997
2015-09-30,Hungary,Europe,2025547.6
2015-10-31,Hungary,Europe,2675318.22
2015-11-30,Hungary,Europe,3592824.7199999997
2015-12-31,Hungary,Europe,3633720.05
2016-01-31,Hungary,Europe,2290151.38
2016-02-29,Hungary,Europe,6494069.52
2016-03-31,Hungary,Europe,1291656.95
2016-04-30,Hungary,Europe,1759965.54
2016-05-31,Hungary,Europe,3049743.72
2016-06-30,Hungary,Europe,6291597.23
2016-07-31,Hungary,Europe,8258353.109999999
2016-08-31,Hungary,Europe,436587.45
2016-09-30,Hungary,Europe,4119869.52
2016-10-31,Hungary,Europe,1052143.72
2016-11-30,Hungary,Europe,873912.16
2016-12-31,Hungary,Europe,8731557.219999999
2017-01-31,Hungary,Europe,1162823.3800000001
2017-02-28,Hungary,Europe,4489275.97
2017-03-31,Hungary,Europe,0.0
2017-04-30,Hungary,Europe,5395161.02
2017-05-31,Hungary,Europe,1940648.95
2017-06-30,Hungary,Europe,0.0
2010-01-31,Iceland,Europe,6527014.24
2010-02-28,Iceland,Europe,194972.05
2010-03-31,Iceland,Europe,5093552.359999999
2010-04-30,Iceland,Europe,1464056.56
2010-05-31,Iceland,Europe,2673716.84
2010-06-30,Iceland,Europe,1498261.34
2010-07-31,Iceland,Europe,2662879.16
2010-08-31,Iceland,Europe,5345037.82
2010-09-30,Iceland,Europe,3296744.2
2010-10-31,Iceland,Europe,2869504.9
2010-11-30,Iceland,Europe,4530178.04
2010-12-31,Iceland,Europe,4332083.04
2011-01-31,Iceland,Europe,15407235.120000001
2011-02-28,Iceland,Europe,8912253.16
2011-03-31,Iceland,Europe,1586726.8
2011-04-30,Iceland,Europe,7951696.890000001
2011-05-31,Iceland,Europe,2703065.3899999997
2011-06-30,Iceland,Europe,1255011.06
2011-07-31,Iceland,Europe,6280725.279999999
2011-08-31,Iceland,Europe,9368710.55
2011-09-30,Iceland,Europe,4132834.17
2011-10-31,Iceland,Europe,5309520.109999999
2011-11-30,Iceland,Europe,0.0
2011-12-31,Iceland,Europe,7415512.649999999
2012-01-31,Iceland,Europe,418272.9
2012-02-29,Iceland,Europe,9023727.3
2012-03-31,Iceland,Europe,980716.62
2012-04-30,Iceland,Europe,5132093.32
2012-05-31,Iceland,Europe,1102796.64
2012-06-30,Iceland,Europe,3100971.94
2012-07-31,Iceland,Europe,210254.72
2012-08-31,Iceland,Europe,1278325.0
2012-09-30,Iceland,Europe,7045977.49
2012-10-31,Iceland,Europe,612556.9299999999
2012-11-30,Iceland,Europe,2650609.2699999996
2012-12-31,Iceland,Europe,3341260.62
2013-01-31,Iceland,Europe,2535718.8
2013-02-28,Iceland,Europe,578637.6
2013-03-31,Iceland,Europe,1490628.44
2013-04-30,Iceland,Europe,7000768.63
2013-05-31,Iceland,Europe,6853211.390000001
2013-06-30,Iceland,Europe,1037897.45
2013-07-31,Iceland,Europe,3795405.16
2013-08-31,Iceland,Europe,11082706.14
2013-09-30,Iceland,Europe,1189818.84
2013-10-31,Iceland,Europe,13510838.24
2013-11-30,Iceland,Europe,1152181.18
2013-12-31,Iceland,Europe,670315.06
2014-01-31,Iceland,Europe,3829409.7
2014-02-28,Iceland,Europe,4880907.48
2014-03-31,Iceland,Europe,6188066.859999999
2014-04-30,Iceland,Europe,3453826.6500000004
2014-05-31,Iceland,Europe,3916194.4
2014-06-30,Iceland,Europe,6012715.119999999
2014-07-31,Iceland,Europe,2206239.32
2014-08-31,Iceland,Europe,673966.1599999999
2014-09-30,Iceland,Europe,1268343.3
2014-10-31,Iceland,Europe,11306460.129999999
2014-11-30,Iceland,Europe,825761.6
2014-12-31,Iceland,Europe,4058456.3000000003
2015-01-31,Iceland,Europe,3898040.69
2015-02-28,Iceland,Europe,2892729.06
2015-03-31,Iceland,Europe,4781235.95
2015-04-30,Iceland,Europe,354626.47
2015-05-31,Iceland,Europe,1324502.3
2015-06-30,Iceland,Europe,5120464.23
2015-07-31,Iceland,Europe,1687904.7100000002
2015-08-31,Iceland,Europe,3384989.58
2015-09-30,Iceland,Europe,2673917.16
2015-10-31,Iceland,Europe,2505593.2
2015-11-30,Iceland,Europe,4685686.7
2015-12-31,Iceland,Europe,2127192.4
2016-01-31,Iceland,Europe,3710677.61
2016-02-29,Iceland,Europe,2942638.33
2016-03-31,Iceland,Europe,1875918.1600000001
2016-04-30,Iceland,Europe,0.0
2016-05-31,Iceland,Europe,2247116.0700000003
2016-06-30,Iceland,Europe,1249627.5
2016-07-31,Iceland,Europe,2716973.7
2016-08-31,Iceland,Europe,6060301.2
2016-09-30,Iceland,Europe,246144.38
2016-10-31,Iceland,Europe,1414175.28
2016-11-30,Iceland,Europe,5018669.99
2016-12-31,Iceland,Europe,5598561.13
2017-01-31,Iceland,Europe,4501817.109999999
2017-02-28,Iceland,Europe,3133950.09
2017-03-31,Iceland,Europe,0.0
2017-04-30,Iceland,Europe,2036642.7000000002
2017-05-31,Iceland,Europe,884192.6400000001
2017-06-30,Iceland,Europe,9717645.81
2010-03-31,India,Asia,11642282.77
2010-04-30,India,Asia,11029454.67
2010-05-31,India,Asia,3208926.01
2010-06-30,India,Asia,2008928.0
2010-07-31,India,Asia,6124026.28
2010-08-31,India,Asia,3225626.5
2010-09-30,India,Asia,823414.6799999999
2010-10-31,India,Asia,0.0
2010-11-30,India,Asia,4968165.89
2010-12-31,India,Asia,0.0
2011-01-31,India,Asia,3400823.48
2011-02-28,India,Asia,631013.46
2011-03-31,India,Asia,1410881.48
2011-04-30,India,Asia,209634.1
2011-05-31,India,Asia,6398567.569999999
2011-06-30,India,Asia,7010275.16
2011-07-31,India,Asia,225389.44
2011-08-31,India,Asia,7328260.42
2011-09-30,India,Asia,5248145.46
2011-10-31,India,Asia,814030.8
2011-11-30,India,Asia,6923479.719999999
2011-12-31,India,Asia,2577068.3
2012-01-31,India,Asia,6990127.7700000005
2012-02-29,India,Asia,17719774.65
2012-03-31,India,Asia,392082.7
2012-04-30,India,Asia,1683093.0499999998
2012-05-31,India,Asia,1309555.72
2012-06-30,India,Asia,446377.12
2012-07-31,India,Asia,10733338.2
2012-08-31,India,Asia,3630379.89
2012-09-30,India,Asia,49403.6
2012-10-31,India,Asia,3475507.77
2012-11-30,India,Asia,1253586.22
2012-12-31,India,Asia,6602630.95
2013-01-31,India,Asia,645603.12
2013-02-28,India,Asia,1404410.96
2013-03-31,India,Asia,5602451.32
2013-04-30,India,Asia,4000644.24
2013-05-31,India,Asia,1019641.51
2013-06-30,India,Asia,1781567.7
2013-07-31,India,Asia,26643.98
2013-08-31,India,Asia,1395344.1
2013-09-30,India,Asia,7792328.66
2013-10-31,India,Asia,7232705.140000001
2013-11-30,India,Asia,0.0
2013-12-31,India,Asia,9517612.26
2014-01-31,India,Asia,2093751.43
2014-02-28,India,Asia,746038.6799999999
2014-03-31,India,Asia,9733402.55
2014-04-30,India,Asia,757656.86
2014-05-31,India,Asia,15047904.030000001
2014-06-30,India,Asia,7563506.09
2014-07-31,India,Asia,1190868.46
2014-08-31,India,Asia,5942376.7
2014-09-30,India,Asia,334680.92000000004
2014-10-31,India,Asia,1967663.37
2014-11-30,India,Asia,0.0
2014-12-31,India,Asia,1481059.55
2015-01-31,India,Asia,2919448.41
2015-02-28,India,Asia,0.0
2015-03-31,India,Asia,2802785.83
2015-04-30,India,Asia,76132.8
2015-05-31,India,Asia,132447.36
2015-06-30,India,Asia,2205719.4
2015-07-31,India,Asia,778832.23
2015-08-31,India,Asia,347974.44
2015-09-30,India,Asia,2219558.6
2015-10-31,India,Asia,2063220.1800000002
2015-11-30,India,Asia,5054231.01
2015-12-31,India,Asia,3767651.43
2016-01-31,India,Asia,3650814.48
2016-02-29,India,Asia,1225980.3
2016-03-31,India,Asia,2384520.77
2016-04-30,India,Asia,1447278.28
2016-05-31,India,Asia,6258652.23
2016-06-30,India,Asia,1067337.76
2016-07-31,India,Asia,3156516.16
2016-08-31,India,Asia,7939863.09
2016-09-30,India,Asia,3025455.8400000003
2016-10-31,India,Asia,3248246.76
2016-11-30,India,Asia,1620808.25
2016-12-31,India,Asia,8595409.620000001
2017-01-31,India,Asia,3769100.25
2017-02-28,India,Asia,6451626.41
2017-03-31,India,Asia,2479300.05
2017-04-30,India,Asia,3669152.75
2017-05-31,India,Asia,1138794.27
2017-06-30,India,Asia,4889709.33
2010-01-31,Indonesia,Asia,397346.3
2010-02-28,Indonesia,Asia,5270020.35
2010-03-31,Indonesia,Asia,1389775.26
2010-04-30,Indonesia,Asia,7284912.619999999
2010-05-31,Indonesia,Asia,4574905.54
2010-06-30,Indonesia,Asia,0.0
2010-07-31,Indonesia,Asia,5147163.84
2010-08-31,Indonesia,Asia,1923030.42
2010-09-30,Indonesia,Asia,6525221.8
2010-10-31,Indonesia,Asia,6421925.92
2010-11-30,Indonesia,Asia,4752095.69
2010-12-31,Indonesia,Asia,4665268.44
2011-01-31,Indonesia,Asia,4402472.02
2011-02-28,Indonesia,Asia,10078118.19
2011-03-31,Indonesia,Asia,7810639.2
2011-04-30,Indonesia,Asia,3274349.11
2011-05-31,Indonesia,Asia,342841.04
2011-06-30,Indonesia,Asia,4312474.56
2011-07-31,Indonesia,Asia,89633.31
2011-08-31,Indonesia,Asia,8070783.98
2011-09-30,Indonesia,Asia,970216.44
2011-10-31,Indonesia,Asia,4448854.72
2011-11-30,Indonesia,Asia,4903478.05
2011-12-31,Indonesia,Asia,1541078.1
2012-01-31,Indonesia,Asia,6397117.339999999
2012-02-29,Indonesia,Asia,6748301.28
2012-03-31,Indonesia,Asia,3881652.2299999995
2012-04-30,Indonesia,Asia,1580630.39
2012-05-31,Indonesia,Asia,2280315.45
2012-06-30,Indonesia,Asia,65490.46
2012-07-31,Indonesia,Asia,3071019.8600000003
2012-08-31,Indonesia,Asia,2552361.34
2012-09-30,Indonesia,Asia,2296843.66
2012-10-31,Indonesia,Asia,3452312.88
2012-11-30,Indonesia,Asia,1499175.58
2012-12-31,Indonesia,Asia,5821713.92
2013-01-31,Indonesia,Asia,761981.2899999999
2013-02-28,Indonesia,Asia,9260544.49
2013-03-31,Indonesia,Asia,692906.8200000001
2013-04-30,Indonesia,Asia,49169.1
2013-05-31,Indonesia,Asia,142444.9
2013-06-30,Indonesia,Asia,1650630.25
2013-07-31,Indonesia,Asia,1278337.26
2013-08-31,Indonesia,Asia,4321920.5
2013-09-30,Indonesia,Asia,0.0
2013-10-31,Indonesia,Asia,560853.26
2013-11-30,Indonesia,Asia,0.0
2013-12-31,Indonesia,Asia,8928042.02
2014-01-31,Indonesia,Asia,2675926.9299999997
2014-02-28,Indonesia,Asia,789184.88
2014-03-31,Indonesia,Asia,327452.44999999995
2014-04-30,Indonesia,Asia,4253096.24
2014-05-31,Indonesia,Asia,6995500.21
2014-06-30,Indonesia,Asia,3886475.1399999997
2014-07-31,Indonesia,Asia,1155064.48
2014-08-31,Indonesia,Asia,5526304.73
2014-09-30,Indonesia,Asia,9993545.1
2014-10-31,Indonesia,Asia,2119071.3600000003
2014-11-30,Indonesia,Asia,3733948.64
2014-12-31,Indonesia,Asia,5669081.99
2015-01-31,Indonesia,Asia,5613742.96
2015-02-28,Indonesia,Asia,2681299.5
2015-03-31,Indonesia,Asia,5203554.4
2015-04-30,Indonesia,Asia,2351624.09
2015-05-31,Indonesia,Asia,8399207.65
2015-06-30,Indonesia,Asia,753076.0
2015-07-31,Indonesia,Asia,10969879.94
2015-08-31,Indonesia,Asia,4062054.93
2015-09-30,Indonesia,Asia,0.0
2015-10-31,Indonesia,Asia,7326946.970000001
2015-11-30,Indonesia,Asia,4217570.95
2015-12-31,Indonesia,Asia,7757197.7
2016-01-31,Indonesia,Asia,1949095.97
2016-02-29,Indonesia,Asia,1351265.97
2016-03-31,Indonesia,Asia,1056978.39
2016-04-30,Indonesia,Asia,3769017.1100000003
2016-05-31,Indonesia,Asia,6364238.93
2016-06-30,Indonesia,Asia,819356.78
2016-07-31,Indonesia,Asia,2147690.58
2016-08-31,Indonesia,Asia,5020883.640000001
2016-09-30,Indonesia,Asia,1432300.92
2016-10-31,Indonesia,Asia,3154444.41
2016-11-30,Indonesia,Asia,1063830.69
2016-12-31,Indonesia,Asia,5562099.4
2017-01-31,Indonesia,Asia,7093047.09
2017-02-28,Indonesia,Asia,11283988.17
2017-03-31,Indonesia,Asia,736611.7
2017-04-30,Indonesia,Asia,457415.59
2017-05-31,Indonesia,Asia,11448133.370000001
2017-06-30,Indonesia,Asia,7317280.28
2010-01-31,Iran,Middle East and North Africa,589770.6
2010-02-28,Iran,Middle East and North Africa,3487643.0100000002
2010-03-31,Iran,Middle East and North Africa,545931.24
2010-04-30,Iran,Middle East and North Africa,54629.92
2010-05-31,Iran,Middle East and North Africa,5313486.63
2010-06-30,Iran,Middle East and North Africa,2110467.94
2010-07-31,Iran,Middle East and North Africa,4978726.89
2010-08-31,Iran,Middle East and North Africa,0.0
2010-09-30,Iran,Middle East and North Africa,9116506.8
2010-10-31,Iran,Middle East and North Africa,4002130.1900000004
2010-11-30,Iran,Middle East and North Africa,12432372.27
2010-12-31,Iran,Middle East and North Africa,0.0
2011-01-31,Iran,Middle East and North Africa,516567.72
2011-02-28,Iran,Middle East and North Africa,2461906.68
2011-03-31,Iran,Middle East and North Africa,5431742.61
2011-04-30,Iran,Middle East and North Africa,1217553.48
2011-05-31,Iran,Middle East and North Africa,66628.08
2011-06-30,Iran,Middle East and North Africa,1880105.19
2011-07-31,Iran,Middle East and North Africa,324368.2
2011-08-31,Iran,Middle East and North Africa,7181377.66
2011-09-30,Iran,Middle East and North Africa,4162939.6399999997
2011-10-31,Iran,Middle East and North Africa,2305213.08
2011-11-30,Iran,Middle East and North Africa,2322272.78
2011-12-31,Iran,Middle East and North Africa,6412603.69
2012-01-31,Iran,Middle East and North Africa,3525652.3899999997
2012-02-29,Iran,Middle East and North Africa,943545.9
2012-03-31,Iran,Middle East and North Africa,1131087.09
2012-04-30,Iran,Middle East and North Africa,2230334.83
2012-05-31,Iran,Middle East and North Africa,3224929.03
2012-06-30,Iran,Middle East and North Africa,10572504.06
2012-07-31,Iran,Middle East and North Africa,5477917.55
2012-08-31,Iran,Middle East and North Africa,748336.6
2012-09-30,Iran,Middle East and North Africa,378371.36
2012-10-31,Iran,Middle East and North Africa,76168.16
2012-11-30,Iran,Middle East and North Africa,5249904.61
2012-12-31,Iran,Middle East and North Africa,3556480.4000000004
2013-01-31,Iran,Middle East and North Africa,19292766.14
2013-02-28,Iran,Middle East and North Africa,82619.75
2013-03-31,Iran,Middle East and North Africa,7307318.64
2013-04-30,Iran,Middle East and North Africa,10477.59
2013-05-31,Iran,Middle East and North Africa,3371313.3000000003
2013-06-30,Iran,Middle East and North Africa,156949.1
2013-07-31,Iran,Middle East and North Africa,992444.04
2013-08-31,Iran,Middle East and North Africa,1584493.54
2013-09-30,Iran,Middle East and North Africa,904024.08
2013-10-31,Iran,Middle East and North Africa,924597.56
2013-11-30,Iran,Middle East and North Africa,8583349.54
2013-12-31,Iran,Middle East and North Africa,2107522.6399999997
2014-01-31,Iran,Middle East and North Africa,7197979.81
2014-02-28,Iran,Middle East and North Africa,5054369.64
2014-03-31,Iran,Middle East and North Africa,3667149.35
2014-04-30,Iran,Middle East and North Africa,5089857.36
2014-05-31,Iran,Middle East and North Africa,3427628.86
2014-06-30,Iran,Middle East and North Africa,24094.77
2014-07-31,Iran,Middle East and North Africa,3913569.15
2014-08-31,Iran,Middle East and North Africa,1087333.05
2014-09-30,Iran,Middle East and North Africa,9163498.33
2014-10-31,Iran,Middle East and North Africa,1156719.8
2014-11-30,Iran,Middle East and North Africa,0.0
2014-12-31,Iran,Middle East and North Africa,2363050.96
2015-01-31,Iran,Middle East and North Africa,4136910.8299999996
2015-02-28,Iran,Middle East and North Africa,501413.55
2015-03-31,Iran,Middle East and North Africa,0.0
2015-04-30,Iran,Middle East and North Africa,2324803.9400000004
2015-05-31,Iran,Middle East and North Africa,3936325.6199999996
2015-06-30,Iran,Middle East and North Africa,5377157.4
2015-07-31,Iran,Middle East and North Africa,673510.05
2015-08-31,Iran,Middle East and North Africa,2631364.41
2015-09-30,Iran,Middle East and North Africa,10970074.030000001
2015-10-31,Iran,Middle East and North Africa,3340655.1
2015-11-30,Iran,Middle East and North Africa,1700110.5
2015-12-31,Iran,Middle East and North Africa,2867949.92
2016-01-31,Iran,Middle East and North Africa,4774120.88
2016-02-29,Iran,Middle East and North Africa,762735.6
2016-03-31,Iran,Middle East and North Africa,3166902.45
2016-04-30,Iran,Middle East and North Africa,1750255.3800000001
2016-05-31,Iran,Middle East and North Africa,1373174.3399999999
2016-06-30,Iran,Middle East and North Africa,1244342.62
2016-07-31,Iran,Middle East and North Africa,640882.2
2016-08-31,Iran,Middle East and North Africa,2170219.02
2016-09-30,Iran,Middle East and North Africa,1739222.64
2016-10-31,Iran,Middle East and North Africa,1886063.92
2016-11-30,Iran,Middle East and North Africa,3956034.8200000003
2016-12-31,Iran,Middle East and North Africa,3762501.39
2017-01-31,Iran,Middle East and North Africa,6814806.46
2017-02-28,Iran,Middle East and North Africa,3402408.5
2017-03-31,Iran,Middle East and North Africa,976124.16
2017-04-30,Iran,Middle East and North Africa,5426939.53
2017-05-31,Iran,Middle East and North Africa,1775607.2200000002
2017-06-30,Iran,Middle East and North Africa,450670.72000000003
2010-02-28,Iraq,Middle East and North Africa,6931206.41
2010-03-31,Iraq,Middle East and North Africa,5349579.2
2010-04-30,Iraq,Middle East and North Africa,1313264.54
2010-05-31,Iraq,Middle East and North Africa,8698453.11
2010-06-30,Iraq,Middle East and North Africa,2619057.6
2010-07-31,Iraq,Middle East and North Africa,2857338.9200000004
2010-08-31,Iraq,Middle East and North Africa,8378572.98
2010-09-30,Iraq,Middle East and North Africa,7504229.649999999
2010-10-31,Iraq,Middle East and North Africa,12808266.05
2010-11-30,Iraq,Middle East and North Africa,2233941.65
2010-12-31,Iraq,Middle East and North Africa,3581984.71
2011-01-31,Iraq,Middle East and North Africa,747912.32
2011-02-28,Iraq,Middle East and North Africa,17148.54
2011-03-31,Iraq,Middle East and North Africa,5058557.1
2011-04-30,Iraq,Middle East and North Africa,6289962.28
2011-05-31,Iraq,Middle East and North Africa,8807711.68
2011-06-30,Iraq,Middle East and North Africa,3170988.4499999997
2011-07-31,Iraq,Middle East and North Africa,1447831.62
2011-08-31,Iraq,Middle East and North Africa,1812843.54
2011-09-30,Iraq,Middle East and North Africa,8562978.23
2011-10-31,Iraq,Middle East and North Africa,5556601.95
2011-11-30,Iraq,Middle East and North Africa,14514083.030000001
2011-12-31,Iraq,Middle East and North Africa,1429368.68
2012-01-31,Iraq,Middle East and North Africa,783611.47
2012-02-29,Iraq,Middle East and North Africa,4119735.6
2012-03-31,Iraq,Middle East and North Africa,7344594.02
2012-04-30,Iraq,Middle East and North Africa,8137104.9399999995
2012-05-31,Iraq,Middle East and North Africa,1028246.4
2012-06-30,Iraq,Middle East and North Africa,0.0
2012-07-31,Iraq,Middle East and North Africa,5411890.109999999
2012-08-31,Iraq,Middle East and North Africa,8481744.52
2012-09-30,Iraq,Middle East and North Africa,17800308.8
2012-10-31,Iraq,Middle East and North Africa,1412687.06
2012-11-30,Iraq,Middle East and North Africa,1541358.59
2012-12-31,Iraq,Middle East and North Africa,2705456.74
2013-01-31,Iraq,Middle East and North Africa,1014706.98
2013-02-28,Iraq,Middle East and North Africa,158339.43
2013-03-31,Iraq,Middle East and North Africa,6428088.07
2013-04-30,Iraq,Middle East and North Africa,1119033.9
2013-05-31,Iraq,Middle East and North Africa,7497289.899999999
2013-06-30,Iraq,Middle East and North Africa,698301.12
2013-07-31,Iraq,Middle East and North Africa,0.0
2013-08-31,Iraq,Middle East and North Africa,655870.66
2013-09-30,Iraq,Middle East and North Africa,11432972.29
2013-10-31,Iraq,Middle East and North Africa,1705673.23
2013-11-30,Iraq,Middle East and North Africa,5114591.609999999
2013-12-31,Iraq,Middle East and North Africa,0.0
2014-01-31,Iraq,Middle East and North Africa,11713853.29
2014-02-28,Iraq,Middle East and North Africa,5767384.02
2014-03-31,Iraq,Middle East and North Africa,4831992.5
2014-04-30,Iraq,Middle East and North Africa,3791012.12
2014-05-31,Iraq,Middle East and North Africa,2294055.7199999997
2014-06-30,Iraq,Middle East and North Africa,8449779.65
2014-07-31,Iraq,Middle East and North Africa,3992132.67
2014-08-31,Iraq,Middle East and North Africa,4390779.43
2014-09-30,Iraq,Middle East and North Africa,3406327.11
2014-10-31,Iraq,Middle East and North Africa,1243342.46
2014-11-30,Iraq,Middle East and North Africa,3147680.36
2014-12-31,Iraq,Middle East and North Africa,7730331.8
2015-01-31,Iraq,Middle East and North Africa,6799382.73
2015-02-28,Iraq,Middle East and North Africa,4766872.659999999
2015-03-31,Iraq,Middle East and North Africa,6078936.33
2015-04-30,Iraq,Middle East and North Africa,6446343.38
2015-05-31,Iraq,Middle East and North Africa,10750680.32
2015-06-30,Iraq,Middle East and North Africa,571395.99
2015-07-31,Iraq,Middle East and North Africa,2830569.9299999997
2015-08-31,Iraq,Middle East and North Africa,11281575.31
2015-09-30,Iraq,Middle East and North Africa,5714428.58
2015-10-31,Iraq,Middle East and North Africa,0.0
2015-11-30,Iraq,Middle East and North Africa,6613873.38
2015-12-31,Iraq,Middle East and North Africa,6002422.0
2016-01-31,Iraq,Middle East and North Africa,4566194.75
2016-02-29,Iraq,Middle East and North Africa,444929.1
2016-03-31,Iraq,Middle East and North Africa,5509887.81
2016-04-30,Iraq,Middle East and North Africa,1687326.04
2016-05-31,Iraq,Middle East and North Africa,3964526.29
2016-06-30,Iraq,Middle East and North Africa,3521470.2700000005
2016-07-31,Iraq,Middle East and North Africa,660952.46
2016-08-31,Iraq,Middle East and North Africa,47299.8
2016-09-30,Iraq,Middle East and North Africa,8788859.879999999
2016-10-31,Iraq,Middle East and North Africa,4374327.66
2016-11-30,Iraq,Middle East and North Africa,3788148.38
2016-12-31,Iraq,Middle East and North Africa,4755627.0600000005
2017-01-31,Iraq,Middle East and North Africa,1368228.18
2017-02-28,Iraq,Middle East and North Africa,5626239.6899999995
2017-03-31,Iraq,Middle East and North Africa,654840.51
2017-04-30,Iraq,Middle East and North Africa,3517105.01
2017-05-31,Iraq,Middle East and North Africa,2938595.3099999996
2017-06-30,Iraq,Middle East and North Africa,3681916.0700000003
2010-01-31,Ireland,Europe,161709.6
2010-02-28,Ireland,Europe,5183034.95
2010-03-31,Ireland,Europe,2995440.27
2010-04-30,Ireland,Europe,1978883.26
2010-05-31,Ireland,Europe,3557882.5300000003
2010-06-30,Ireland,Europe,1197862.75
2010-07-31,Ireland,Europe,2410779.42
2010-08-31,Ireland,Europe,7312895.44
2010-09-30,Ireland,Europe,342991.59
2010-10-31,Ireland,Europe,7361422.56
2010-11-30,Ireland,Europe,4306252.62
2010-12-31,Ireland,Europe,6087224.31
2011-01-31,Ireland,Europe,261686.88999999998
2011-02-28,Ireland,Europe,3894602.67
2011-03-31,Ireland,Europe,4008955.17
2011-04-30,Ireland,Europe,1755439.6
2011-05-31,Ireland,Europe,3618384.3499999996
2011-06-30,Ireland,Europe,2547479.1799999997
2011-07-31,Ireland,Europe,4602784.26
2011-08-31,Ireland,Europe,4393337.21
2011-09-30,Ireland,Europe,4219545.3100000005
2011-10-31,Ireland,Europe,2007179.58
2011-11-30,Ireland,Europe,473668.83
2011-12-31,Ireland,Europe,9288.8
2012-01-31,Ireland,Europe,1372430.4
2012-02-29,Ireland,Europe,3318924.94
2012-03-31,Ireland,Europe,4694490.95
2012-04-30,Ireland,Europe,1534626.95
2012-05-31,Ireland,Europe,5878613.1
2012-06-30,Ireland,Europe,0.0
2012-07-31,Ireland,Europe,1059042.26
2012-08-31,Ireland,Europe,10956835.6
2012-09-30,Ireland,Europe,6497502.04
2012-10-31,Ireland,Europe,1612194.9000000001
2012-11-30,Ireland,Europe,1353138.06
2012-12-31,Ireland,Europe,4223270.08
2013-01-31,Ireland,Europe,7316212.890000001
2013-02-28,Ireland,Europe,3833876.12
2013-03-31,Ireland,Europe,4386314.78
2013-04-30,Ireland,Europe,4044965.7399999998
2013-05-31,Ireland,Europe,4478490.08
2013-06-30,Ireland,Europe,2483924.24
2013-07-31,Ireland,Europe,141031.53
2013-08-31,Ireland,Europe,4299650.92
2013-09-30,Ireland,Europe,12380832.49
2013-10-31,Ireland,Europe,2407855.38
2013-11-30,Ireland,Europe,455112.76999999996
2013-12-31,Ireland,Europe,8678700.66
2014-01-31,Ireland,Europe,6097717.04
2014-02-28,Ireland,Europe,3892711.5999999996
2014-03-31,Ireland,Europe,14455979.11
2014-04-30,Ireland,Europe,5446297.43
2014-05-31,Ireland,Europe,11685171.350000001
2014-06-30,Ireland,Europe,1125885.66
2014-07-31,Ireland,Europe,11089812.3
2014-08-31,Ireland,Europe,3554263.4400000004
2014-09-30,Ireland,Europe,1487141.18
2014-10-31,Ireland,Europe,6791586.6899999995
2014-11-30,Ireland,Europe,5256260.51
2014-12-31,Ireland,Europe,7274502.300000001
2015-01-31,Ireland,Europe,3923020.1999999997
2015-02-28,Ireland,Europe,1096773.4400000002
2015-03-31,Ireland,Europe,0.0
2015-04-30,Ireland,Europe,10901796.53
2015-05-31,Ireland,Europe,2275750.23
2015-06-30,Ireland,Europe,4870544.1899999995
2015-07-31,Ireland,Europe,4082953.84
2015-08-31,Ireland,Europe,3806108.26
2015-09-30,Ireland,Europe,2108534.17
2015-10-31,Ireland,Europe,526173.12
2015-11-30,Ireland,Europe,5716432.369999999
2015-12-31,Ireland,Europe,4352844.859999999
2016-01-31,Ireland,Europe,786397.32
2016-02-29,Ireland,Europe,382920.0
2016-03-31,Ireland,Europe,1187720.08
2016-04-30,Ireland,Europe,1309880.3
2016-05-31,Ireland,Europe,1359336.8599999999
2016-06-30,Ireland,Europe,1748734.05
2016-07-31,Ireland,Europe,5598400.53
2016-08-31,Ireland,Europe,8983512.66
2016-09-30,Ireland,Europe,7993360.63
2016-10-31,Ireland,Europe,4272038.58
2016-11-30,Ireland,Europe,3021250.64
2016-12-31,Ireland,Europe,3752666.26
2017-01-31,Ireland,Europe,5510759.22
2017-02-28,Ireland,Europe,1996034.32
2017-03-31,Ireland,Europe,3422878.04
2017-04-30,Ireland,Europe,2799754.06
2017-05-31,Ireland,Europe,538181.87
2017-06-30,Ireland,Europe,2735460.85
2010-01-31,Israel,Middle East and North Africa,9161142.68
2010-02-28,Israel,Middle East and North Africa,2839384.75
2010-03-31,Israel,Middle East and North Africa,6289119.91
2010-04-30,Israel,Middle East and North Africa,9800792.43
2010-05-31,Israel,Middle East and North Africa,5381686.11
2010-06-30,Israel,Middle East and North Africa,8892513.65
2010-07-31,Israel,Middle East and North Africa,0.0
2010-08-31,Israel,Middle East and North Africa,844338.81
2010-09-30,Israel,Middle East and North Africa,6064441.84
2010-10-31,Israel,Middle East and North Africa,1728533.1
2010-11-30,Israel,Middle East and North Africa,3143778.54
2010-12-31,Israel,Middle East and North Africa,9466985.22
2011-01-31,Israel,Middle East and North Africa,1556531.9
2011-02-28,Israel,Middle East and North Africa,93980.8
2011-03-31,Israel,Middle East and North Africa,1630604.85
2011-04-30,Israel,Middle East and North Africa,5237134.41
2011-05-31,Israel,Middle East and North Africa,905346.88
2011-06-30,Israel,Middle East and North Africa,4251009.84
2011-07-31,Israel,Middle East and North Africa,3496622.27
2011-08-31,Israel,Middle East and North Africa,0.0
2011-09-30,Israel,Middle East and North Africa,3749758.32
2011-10-31,Israel,Middle East and North Africa,179315.62
2011-11-30,Israel,Middle East and North Africa,10746480.06
2011-12-31,Israel,Middle East and North Africa,1297089.6
2012-01-31,Israel,Middle East and North Africa,544602.1
2012-02-29,Israel,Middle East and North Africa,1756711.48
2012-03-31,Israel,Middle East and North Africa,1068687.59
2012-04-30,Israel,Middle East and North Africa,8709074.899999999
2012-05-31,Israel,Middle East and North Africa,12270962.47
2012-06-30,Israel,Middle East and North Africa,4726373.12
2012-07-31,Israel,Middle East and North Africa,1055340.55
2012-08-31,Israel,Middle East and North Africa,5910168.5
2012-09-30,Israel,Middle East and North Africa,5987130.0
2012-10-31,Israel,Middle East and North Africa,2740129.96
2012-11-30,Israel,Middle East and North Africa,6890097.09
2012-12-31,Israel,Middle East and North Africa,10068721.21
2013-01-31,Israel,Middle East and North Africa,7122243.430000001
2013-02-28,Israel,Middle East and North Africa,888778.5
2013-03-31,Israel,Middle East and North Africa,7596508.21
2013-04-30,Israel,Middle East and North Africa,1527664.19
2013-05-31,Israel,Middle East and North Africa,1657022.48
2013-06-30,Israel,Middle East and North Africa,8502688.47
2013-07-31,Israel,Middle East and North Africa,598985.28
2013-08-31,Israel,Middle East and North Africa,5322273.7299999995
2013-09-30,Israel,Middle East and North Africa,740146.88
2013-10-31,Israel,Middle East and North Africa,5947301.470000001
2013-11-30,Israel,Middle East and North Africa,3300950.64
2013-12-31,Israel,Middle East and North Africa,3961840.29
2014-01-31,Israel,Middle East and North Africa,373418.72000000003
2014-02-28,Israel,Middle East and North Africa,5802932.31
2014-03-31,Israel,Middle East and North Africa,2166596.85
2014-04-30,Israel,Middle East and North Africa,0.0
2014-05-31,Israel,Middle East and North Africa,3270259.4
2014-06-30,Israel,Middle East and North Africa,1994878.6
2014-07-31,Israel,Middle East and North Africa,373595.5
2014-08-31,Israel,Middle East and North Africa,1478342.08
2014-09-30,Israel,Middle East and North Africa,343325.31
2014-10-31,Israel,Middle East and North Africa,573903.0
2014-11-30,Israel,Middle East and North Africa,1658353.4
2014-12-31,Israel,Middle East and North Africa,5390070.8100000005
2015-01-31,Israel,Middle East and North Africa,427777.56000000006
2015-02-28,Israel,Middle East and North Africa,1062089.64
2015-03-31,Israel,Middle East and North Africa,2662545.5
2015-04-30,Israel,Middle East and North Africa,400864.12
2015-05-31,Israel,Middle East and North Africa,0.0
2015-06-30,Israel,Middle East and North Africa,346583.01
2015-07-31,Israel,Middle East and North Africa,5924461.64
2015-08-31,Israel,Middle East and North Africa,356833.18
2015-09-30,Israel,Middle East and North Africa,9752846.29
2015-10-31,Israel,Middle East and North Africa,463766.52
2015-11-30,Israel,Middle East and North Africa,4957516.100000001
2015-12-31,Israel,Middle East and North Africa,13718809.17
2016-01-31,Israel,Middle East and North Africa,96850.05
2016-02-29,Israel,Middle East and North Africa,3939408.6999999997
2016-03-31,Israel,Middle East and North Africa,1827068.9100000001
2016-04-30,Israel,Middle East and North Africa,2761762.2600000002
2016-05-31,Israel,Middle East and North Africa,2552454.6
2016-06-30,Israel,Middle East and North Africa,6141444.579999999
2016-07-31,Israel,Middle East and North Africa,2585266.4899999998
2016-08-31,Israel,Middle East and North Africa,1239894.96
2016-09-30,Israel,Middle East and North Africa,1871533.16
2016-10-31,Israel,Middle East and North Africa,3134508.32
2016-11-30,Israel,Middle East and North Africa,3101752.61
2016-12-31,Israel,Middle East and North Africa,1178869.59
2017-01-31,Israel,Middle East and North Africa,2377422.64
2017-02-28,Israel,Middle East and North Africa,429501.6
2017-03-31,Israel,Middle East and North Africa,2193611.84
2017-04-30,Israel,Middle East and North Africa,1282150.61
2017-05-31,Israel,Middle East and North Africa,4493266.600000001
2017-06-30,Israel,Middle East and North Africa,2487818.7399999998
2010-01-31,Italy,Europe,227700.68
2010-02-28,Italy,Europe,3107281.2399999998
2010-03-31,Italy,Europe,7145960.869999999
2010-04-30,Italy,Europe,4689299.44
2010-05-31,Italy,Europe,3772021.71
2010-06-30,Italy,Europe,12640089.66
2010-07-31,Italy,Europe,3368447.39
2010-08-31,Italy,Europe,3976833.3
2010-09-30,Italy,Europe,7162280.43
2010-10-31,Italy,Europe,9125944.030000001
2010-11-30,Italy,Europe,1112074.67
2010-12-31,Italy,Europe,3433818.34
2011-01-31,Italy,Europe,668639.02
2011-02-28,Italy,Europe,1801246.86
2011-03-31,Italy,Europe,4036453.42
2011-04-30,Italy,Europe,47318.520000000004
2011-05-31,Italy,Europe,621638.38
2011-06-30,Italy,Europe,3854610.4
2011-07-31,Italy,Europe,5580325.24
2011-08-31,Italy,Europe,1017064.63
2011-09-30,Italy,Europe,6737990.359999999
2011-10-31,Italy,Europe,9921649.89
2011-11-30,Italy,Europe,4755018.470000001
2011-12-31,Italy,Europe,1851012.1400000001
2012-01-31,Italy,Europe,2070090.78
2012-02-29,Italy,Europe,555191.89
2012-03-31,Italy,Europe,7142971.359999999
2012-04-30,Italy,Europe,0.0
2012-05-31,Italy,Europe,10359972.71
2012-06-30,Italy,Europe,114428.38
2012-07-31,Italy,Europe,4279151.0
2012-08-31,Italy,Europe,315052.7
2012-09-30,Italy,Europe,155976.08
2012-10-31,Italy,Europe,3067640.31
2012-11-30,Italy,Europe,1951028.3399999999
2012-12-31,Italy,Europe,6348706.859999999
2013-01-31,Italy,Europe,1406857.07
2013-02-28,Italy,Europe,6802794.88
2013-03-31,Italy,Europe,12461703.42
2013-04-30,Italy,Europe,0.0
2013-05-31,Italy,Europe,6399347.3100000005
2013-06-30,Italy,Europe,3403324.2600000002
2013-07-31,Italy,Europe,1005202.41
2013-08-31,Italy,Europe,4341971.84
2013-09-30,Italy,Europe,2085939.5899999999
2013-10-31,Italy,Europe,9431672.219999999
2013-11-30,Italy,Europe,6732747.22
2013-12-31,Italy,Europe,9245301.7
2014-01-31,Italy,Europe,9887825.9
2014-02-28,Italy,Europe,7894564.79
2014-03-31,Italy,Europe,1017048.1199999999
2014-04-30,Italy,Europe,5672830.33
2014-05-31,Italy,Europe,1988854.38
2014-06-30,Italy,Europe,14776098.72
2014-07-31,Italy,Europe,1294122.3699999999
2014-08-31,Italy,Europe,4079142.29
2014-09-30,Italy,Europe,4876109.25
2014-10-31,Italy,Europe,1003031.1000000001
2014-11-30,Italy,Europe,785053.71
2014-12-31,Italy,Europe,0.0
2015-01-31,Italy,Europe,1415948.62
2015-02-28,Italy,Europe,0.0
2015-03-31,Italy,Europe,432715.2
2015-04-30,Italy,Europe,4209868.55
2015-05-31,Italy,Europe,5434293.55
2015-06-30,Italy,Europe,0.0
2015-07-31,Italy,Europe,9152686.79
2015-08-31,Italy,Europe,2852816.25
2015-09-30,Italy,Europe,4956359.31
2015-10-31,Italy,Europe,12748542.18
2015-11-30,Italy,Europe,101007.06
2015-12-31,Italy,Europe,339032.76
2016-01-31,Italy,Europe,6772288.79
2016-02-29,Italy,Europe,4099524.55
2016-03-31,Italy,Europe,10554355.15
2016-04-30,Italy,Europe,4595328.050000001
2016-05-31,Italy,Europe,69051.33
2016-06-30,Italy,Europe,298292.86
2016-07-31,Italy,Europe,1869944.82
2016-08-31,Italy,Europe,1462081.69
2016-09-30,Italy,Europe,1780518.9700000002
2016-10-31,Italy,Europe,2547451.84
2016-11-30,Italy,Europe,1806803.36
2016-12-31,Italy,Europe,1685987.8599999999
2017-01-31,Italy,Europe,6835272.0600000005
2017-02-28,Italy,Europe,8265537.38
2017-03-31,Italy,Europe,4278492.699999999
2017-04-30,Italy,Europe,1140080.48
2017-05-31,Italy,Europe,754729.0
2017-06-30,Italy,Europe,2162694.2800000003
2010-01-31,Jamaica,Central America and the Caribbean,2468386.88
2010-02-28,Jamaica,Central America and the Caribbean,0.0
2010-03-31,Jamaica,Central America and the Caribbean,5984820.4
2010-04-30,Jamaica,Central America and the Caribbean,1249148.8
2010-05-31,Jamaica,Central America and the Caribbean,2699120.1
2010-06-30,Jamaica,Central America and the Caribbean,156865.94
2010-07-31,Jamaica,Central America and the Caribbean,1657078.2799999998
2010-08-31,Jamaica,Central America and the Caribbean,7910164.65
2010-09-30,Jamaica,Central America and the Caribbean,3038507.42
2010-10-31,Jamaica,Central America and the Caribbean,51821.84
2010-11-30,Jamaica,Central America and the Caribbean,320524.75
2010-12-31,Jamaica,Central America and the Caribbean,3496346.49
2011-01-31,Jamaica,Central America and the Caribbean,4825411.699999999
2011-02-28,Jamaica,Central America and the Caribbean,2427824.91
2011-03-31,Jamaica,Central America and the Caribbean,0.0
2011-04-30,Jamaica,Central America and the Caribbean,4616082.67
2011-05-31,Jamaica,Central America and the Caribbean,5340315.109999999
2011-06-30,Jamaica,Central America and the Caribbean,660892.8300000001
2011-07-31,Jamaica,Central America and the Caribbean,6567255.090000001
2011-08-31,Jamaica,Central America and the Caribbean,70404.18
2011-09-30,Jamaica,Central America and the Caribbean,3207736.4000000004
2011-10-31,Jamaica,Central America and the Caribbean,3848274.3
2011-11-30,Jamaica,Central America and the Caribbean,4986344.24
2011-12-31,Jamaica,Central America and the Caribbean,5878827.5600000005
2012-01-31,Jamaica,Central America and the Caribbean,194409.34000000003
2012-02-29,Jamaica,Central America and the Caribbean,455567.45
2012-03-31,Jamaica,Central America and the Caribbean,433732.32
2012-04-30,Jamaica,Central America and the Caribbean,1145680.68
2012-05-31,Jamaica,Central America and the Caribbean,3336556.2300000004
2012-06-30,Jamaica,Central America and the Caribbean,141248.18
2012-07-31,Jamaica,Central America and the Caribbean,704155.29
2012-08-31,Jamaica,Central America and the Caribbean,3295147.8200000003
2012-09-30,Jamaica,Central America and the Caribbean,898883.2
2012-10-31,Jamaica,Central America and the Caribbean,414028.4
2012-11-30,Jamaica,Central America and the Caribbean,3669366.1
2012-12-31,Jamaica,Central America and the Caribbean,3299516.43
2013-01-31,Jamaica,Central America and the Caribbean,789217.55
2013-02-28,Jamaica,Central America and the Caribbean,5405129.95
2013-03-31,Jamaica,Central America and the Caribbean,11125370.96
2013-04-30,Jamaica,Central America and the Caribbean,2190494.45
2013-05-31,Jamaica,Central America and the Caribbean,4525343.92
2013-06-30,Jamaica,Central America and the Caribbean,0.0
2013-07-31,Jamaica,Central America and the Caribbean,7891369.050000001
2013-08-31,Jamaica,Central America and the Caribbean,2472965.48
2013-09-30,Jamaica,Central America and the Caribbean,3157037.38
2013-10-31,Jamaica,Central America and the Caribbean,6646184.08
2013-11-30,Jamaica,Central America and the Caribbean,22114942.14
2013-12-31,Jamaica,Central America and the Caribbean,621478.04
2014-01-31,Jamaica,Central America and the Caribbean,244371.6
2014-02-28,Jamaica,Central America and the Caribbean,6778446.459999999
2014-03-31,Jamaica,Central America and the Caribbean,250584.16999999998
2014-04-30,Jamaica,Central America and the Caribbean,4891137.84
2014-05-31,Jamaica,Central America and the Caribbean,2159953.89
2014-06-30,Jamaica,Central America and the Caribbean,5674216.15
2014-07-31,Jamaica,Central America and the Caribbean,2249191.42
2014-08-31,Jamaica,Central America and the Caribbean,1737946.86
2014-09-30,Jamaica,Central America and the Caribbean,3929116.4
2014-10-31,Jamaica,Central America and the Caribbean,42208.92
2014-11-30,Jamaica,Central America and the Caribbean,2413080.72
2014-12-31,Jamaica,Central America and the Caribbean,5260918.44
2015-01-31,Jamaica,Central America and the Caribbean,569929.6000000001
2015-02-28,Jamaica,Central America and the Caribbean,906040.48
2015-03-31,Jamaica,Central America and the Caribbean,4112107.0
2015-04-30,Jamaica,Central America and the Caribbean,3705803.5
2015-05-31,Jamaica,Central America and the Caribbean,961094.31
2015-06-30,Jamaica,Central America and the Caribbean,5291081.25
2015-07-31,Jamaica,Central America and the Caribbean,5886004.71
2015-08-31,Jamaica,Central America and the Caribbean,6950708.3
2015-09-30,Jamaica,Central America and the Caribbean,1425289.61
2015-10-31,Jamaica,Central America and the Caribbean,11582191.29
2015-11-30,Jamaica,Central America and the Caribbean,5560735.92
2015-12-31,Jamaica,Central America and the Caribbean,10173960.83
2016-01-31,Jamaica,Central America and the Caribbean,412720.1
2016-02-29,Jamaica,Central America and the Caribbean,10385023.22
2016-03-31,Jamaica,Central America and the Caribbean,0.0
2016-04-30,Jamaica,Central America and the Caribbean,6758722.68
2016-05-31,Jamaica,Central America and the Caribbean,6089951.43
2016-06-30,Jamaica,Central America and the Caribbean,1204492.74
2016-07-31,Jamaica,Central America and the Caribbean,296182.9
2016-08-31,Jamaica,Central America and the Caribbean,7930122.6899999995
2016-09-30,Jamaica,Central America and the Caribbean,3547358.1599999997
2016-10-31,Jamaica,Central America and the Caribbean,4439770.430000001
2016-11-30,Jamaica,Central America and the Caribbean,9758525.97
2016-12-31,Jamaica,Central America and the Caribbean,1164199.01
2017-01-31,Jamaica,Central America and the Caribbean,901450.72
2017-02-28,Jamaica,Central America and the Caribbean,12681272.52
2017-03-31,Jamaica,Central America and the Caribbean,10696313.91
2017-04-30,Jamaica,Central America and the Caribbean,2651999.23
2017-05-31,Jamaica,Central America and the Caribbean,5716480.220000001
2017-06-30,Jamaica,Central America and the Caribbean,6550331.84
2010-01-31,Japan,Asia,185088.38
2010-02-28,Japan,Asia,1166936.1
2010-03-31,Japan,Asia,1601453.7
2010-04-30,Japan,Asia,2320227.0700000003
2010-05-31,Japan,Asia,3026462.98
2010-06-30,Japan,Asia,3841337.8200000003
2010-07-31,Japan,Asia,4030891.86
2010-08-31,Japan,Asia,3211768.95
2010-09-30,Japan,Asia,5019167.14
2010-10-31,Japan,Asia,412008.35
2010-11-30,Japan,Asia,2868507.79
2010-12-31,Japan,Asia,3608846.54
2011-01-31,Japan,Asia,4935274.6
2011-02-28,Japan,Asia,3955.92
2011-03-31,Japan,Asia,2932955.4
2011-04-30,Japan,Asia,1098755.29
2011-05-31,Japan,Asia,6351237.06
2011-06-30,Japan,Asia,2308175.48
2011-07-31,Japan,Asia,3045690.98
2011-08-31,Japan,Asia,530084.94
2011-09-30,Japan,Asia,313025.9
2011-10-31,Japan,Asia,737915.14
2011-11-30,Japan,Asia,3640953.49
2011-12-31,Japan,Asia,2897706.12
2012-01-31,Japan,Asia,5266255.24
2012-02-29,Japan,Asia,1990147.8199999998
2012-03-31,Japan,Asia,4573186.18
2012-04-30,Japan,Asia,1603668.6
2012-05-31,Japan,Asia,16152526.559999999
2012-06-30,Japan,Asia,1340135.5
2012-07-31,Japan,Asia,4398911.49
2012-08-31,Japan,Asia,1027833.3999999999
2012-09-30,Japan,Asia,4147594.12
2012-10-31,Japan,Asia,8318120.94
2012-11-30,Japan,Asia,1193382.49
2012-12-31,Japan,Asia,5110199.94
2013-01-31,Japan,Asia,2773502.32
2013-02-28,Japan,Asia,1203499.31
2013-03-31,Japan,Asia,4075801.02
2013-04-30,Japan,Asia,6544004.67
2013-05-31,Japan,Asia,4627615.12
2013-06-30,Japan,Asia,1605282.8
2013-07-31,Japan,Asia,3182035.68
2013-08-31,Japan,Asia,0.0
2013-09-30,Japan,Asia,4734738.76
2013-10-31,Japan,Asia,523373.5
2013-11-30,Japan,Asia,12241.6
2013-12-31,Japan,Asia,4928628.350000001
2014-01-31,Japan,Asia,1782124.62
2014-02-28,Japan,Asia,6529169.640000001
2014-03-31,Japan,Asia,2729214.68
2014-04-30,Japan,Asia,847612.34
2014-05-31,Japan,Asia,0.0
2014-06-30,Japan,Asia,223489.5
2014-07-31,Japan,Asia,0.0
2014-08-31,Japan,Asia,979602.46
2014-09-30,Japan,Asia,2258708.45
2014-10-31,Japan,Asia,6743510.51
2014-11-30,Japan,Asia,2815615.96
2014-12-31,Japan,Asia,4648015.91
2015-01-31,Japan,Asia,3563017.1799999997
2015-02-28,Japan,Asia,407470.4
2015-03-31,Japan,Asia,2907695.2800000003
2015-04-30,Japan,Asia,223695.12
2015-05-31,Japan,Asia,3803157.2800000003
2015-06-30,Japan,Asia,4970836.29
2015-07-31,Japan,Asia,510884.0
2015-08-31,Japan,Asia,2351820.89
2015-09-30,Japan,Asia,4890274.54
2015-10-31,Japan,Asia,1314536.26
2015-11-30,Japan,Asia,6591300.95
2015-12-31,Japan,Asia,3942075.33
2016-01-31,Japan,Asia,394172.96
2016-02-29,Japan,Asia,3040499.49
2016-03-31,Japan,Asia,7416464.87
2016-04-30,Japan,Asia,7519065.44
2016-05-31,Japan,Asia,3013802.71
2016-06-30,Japan,Asia,9233083.87
2016-07-31,Japan,Asia,3071060.98
2016-08-31,Japan,Asia,5282121.12
2016-09-30,Japan,Asia,10604290.07
2016-10-31,Japan,Asia,3303137.2399999998
2016-11-30,Japan,Asia,0.0
2016-12-31,Japan,Asia,1529692.29
2017-01-31,Japan,Asia,4867010.41
2017-02-28,Japan,Asia,1638198.87
2017-03-31,Japan,Asia,2920744.47
2017-04-30,Japan,Asia,7586518.6
2017-05-31,Japan,Asia,0.0
2017-06-30,Japan,Asia,7516124.2
2010-01-31,Jordan,Middle East and North Africa,2149902.58
2010-02-28,Jordan,Middle East and North Africa,0.0
2010-03-31,Jordan,Middle East and North Africa,4907.58
2010-04-30,Jordan,Middle East and North Africa,2741051.9000000004
2010-05-31,Jordan,Middle East and North Africa,1267251.9600000002
2010-06-30,Jordan,Middle East and North Africa,2301063.64
2010-07-31,Jordan,Middle East and North Africa,27215.61
2010-08-31,Jordan,Middle East and North Africa,4483902.45
2010-09-30,Jordan,Middle East and North Africa,54477.87
2010-10-31,Jordan,Middle East and North Africa,4326009.94
2010-11-30,Jordan,Middle East and North Africa,5128083.42
2010-12-31,Jordan,Middle East and North Africa,2475245.64
2011-01-31,Jordan,Middle East and North Africa,2971732.5
2011-02-28,Jordan,Middle East and North Africa,2851554.51
2011-03-31,Jordan,Middle East and North Africa,8197638.4799999995
2011-04-30,Jordan,Middle East and North Africa,9170870.25
2011-05-31,Jordan,Middle East and North Africa,1748312.16
2011-06-30,Jordan,Middle East and North Africa,294728.16
2011-07-31,Jordan,Middle East and North Africa,5151268.73
2011-08-31,Jordan,Middle East and North Africa,2881108.6399999997
2011-09-30,Jordan,Middle East and North Africa,14410515.080000002
2011-10-31,Jordan,Middle East and North Africa,3080135.9000000004
2011-11-30,Jordan,Middle East and North Africa,0.0
2011-12-31,Jordan,Middle East and North Africa,6168984.550000001
2012-01-31,Jordan,Middle East and North Africa,1133821.98
2012-02-29,Jordan,Middle East and North Africa,584902.64
2012-03-31,Jordan,Middle East and North Africa,5039992.68
2012-04-30,Jordan,Middle East and North Africa,855032.44
2012-05-31,Jordan,Middle East and North Africa,6394128.72
2012-06-30,Jordan,Middle East and North Africa,3528687.96
2012-07-31,Jordan,Middle East and North Africa,2001457.64
2012-08-31,Jordan,Middle East and North Africa,43561.77
2012-09-30,Jordan,Middle East and North Africa,2484710.77
2012-10-31,Jordan,Middle East and North Africa,4181815.78
2012-11-30,Jordan,Middle East and North Africa,4813223.52
2012-12-31,Jordan,Middle East and North Africa,906935.52
2013-01-31,Jordan,Middle East and North Africa,5612490.53
2013-02-28,Jordan,Middle East and North Africa,7540167.64
2013-03-31,Jordan,Middle East and North Africa,6139633.220000001
2013-04-30,Jordan,Middle East and North Africa,462553.27
2013-05-31,Jordan,Middle East and North Africa,11757362.280000001
2013-06-30,Jordan,Middle East and North Africa,4892330.44
2013-07-31,Jordan,Middle East and North Africa,1119563.3599999999
2013-08-31,Jordan,Middle East and North Africa,2508786.34
2013-09-30,Jordan,Middle East and North Africa,1591882.23
2013-10-31,Jordan,Middle East and North Africa,4464832.74
2013-11-30,Jordan,Middle East and North Africa,8355240.109999999
2013-12-31,Jordan,Middle East and North Africa,880527.95
2014-01-31,Jordan,Middle East and North Africa,4992821.67
2014-02-28,Jordan,Middle East and North Africa,2737902.19
2014-03-31,Jordan,Middle East and North Africa,2836116.4
2014-04-30,Jordan,Middle East and North Africa,1240842.8599999999
2014-05-31,Jordan,Middle East and North Africa,6454338.37
2014-06-30,Jordan,Middle East and North Africa,4152336.75
2014-07-31,Jordan,Middle East and North Africa,3729717.06
2014-08-31,Jordan,Middle East and North Africa,4622982.29
2014-09-30,Jordan,Middle East and North Africa,611919.74
2014-10-31,Jordan,Middle East and North Africa,4568324.5600000005
2014-11-30,Jordan,Middle East and North Africa,6013506.46
2014-12-31,Jordan,Middle East and North Africa,23260800.93
2015-01-31,Jordan,Middle East and North Africa,1931148.71
2015-02-28,Jordan,Middle East and North Africa,437519.0
2015-03-31,Jordan,Middle East and North Africa,5954117.1899999995
2015-04-30,Jordan,Middle East and North Africa,6612730.02
2015-05-31,Jordan,Middle East and North Africa,4152243.84
2015-06-30,Jordan,Middle East and North Africa,1385923.76
2015-07-31,Jordan,Middle East and North Africa,1693700.63
2015-08-31,Jordan,Middle East and North Africa,4919411.26
2015-09-30,Jordan,Middle East and North Africa,12092855.23
2015-10-31,Jordan,Middle East and North Africa,423525.25
2015-11-30,Jordan,Middle East and North Africa,777474.0700000001
2015-12-31,Jordan,Middle East and North Africa,3273854.73
2016-01-31,Jordan,Middle East and North Africa,198358.71
2016-02-29,Jordan,Middle East and North Africa,5755939.409999999
2016-03-31,Jordan,Middle East and North Africa,5419669.7
2016-04-30,Jordan,Middle East and North Africa,265817.6
2016-05-31,Jordan,Middle East and North Africa,3546566.4
2016-06-30,Jordan,Middle East and North Africa,6110328.100000001
2016-07-31,Jordan,Middle East and North Africa,89997.18
2016-08-31,Jordan,Middle East and North Africa,5819655.949999999
2016-09-30,Jordan,Middle East and North Africa,836934.5800000001
2016-10-31,Jordan,Middle East and North Africa,1128270.65
2016-11-30,Jordan,Middle East and North Africa,4142734.06
2016-12-31,Jordan,Middle East and North Africa,851547.5
2017-01-31,Jordan,Middle East and North Africa,4003430.1599999997
2017-02-28,Jordan,Middle East and North Africa,566961.01
2017-03-31,Jordan,Middle East and North Africa,9050612.01
2017-04-30,Jordan,Middle East and North Africa,7248249.720000001
2017-05-31,Jordan,Middle East and North Africa,6782290.07
2017-06-30,Jordan,Middle East and North Africa,60477.06
2010-01-31,Kazakhstan,Asia,5049031.109999999
2010-02-28,Kazakhstan,Asia,6540352.0
2010-03-31,Kazakhstan,Asia,6641184.98
2010-04-30,Kazakhstan,Asia,4887366.95
2010-05-31,Kazakhstan,Asia,5861485.75
2010-06-30,Kazakhstan,Asia,4043861.05
2010-07-31,Kazakhstan,Asia,471984.31
2010-08-31,Kazakhstan,Asia,365554.8
2010-09-30,Kazakhstan,Asia,0.0
2010-10-31,Kazakhstan,Asia,5322665.18
2010-11-30,Kazakhstan,Asia,16101360.43
2010-12-31,Kazakhstan,Asia,1076845.12
2011-01-31,Kazakhstan,Asia,12145818.49
2011-02-28,Kazakhstan,Asia,908444.64
2011-03-31,Kazakhstan,Asia,10228671.870000001
2011-04-30,Kazakhstan,Asia,2778047.2800000003
2011-05-31,Kazakhstan,Asia,2092482.12
2011-06-30,Kazakhstan,Asia,71383.83
2011-07-31,Kazakhstan,Asia,1439268.64
2011-08-31,Kazakhstan,Asia,7714465.09
2011-09-30,Kazakhstan,Asia,2860909.19
2011-10-31,Kazakhstan,Asia,4285444.7
2011-11-30,Kazakhstan,Asia,5263128.32
2011-12-31,Kazakhstan,Asia,4051189.6
2012-01-31,Kazakhstan,Asia,35426.01
2012-02-29,Kazakhstan,Asia,807051.86
2012-03-31,Kazakhstan,Asia,5554069.510000001
2012-04-30,Kazakhstan,Asia,5717419.1
2012-05-31,Kazakhstan,Asia,1558229.12
2012-06-30,Kazakhstan,Asia,1071140.0
2012-07-31,Kazakhstan,Asia,2539658.64
2012-08-31,Kazakhstan,Asia,1317700.18
2012-09-30,Kazakhstan,Asia,999479.4299999999
2012-10-31,Kazakhstan,Asia,1047762.06
2012-11-30,Kazakhstan,Asia,4782191.180000001
2012-12-31,Kazakhstan,Asia,5780829.95
2013-01-31,Kazakhstan,Asia,10232988.5
2013-02-28,Kazakhstan,Asia,2675771.55
2013-03-31,Kazakhstan,Asia,4423769.23
2013-04-30,Kazakhstan,Asia,5708225.4799999995
2013-05-31,Kazakhstan,Asia,2430773.67
2013-06-30,Kazakhstan,Asia,1581767.8199999998
2013-07-31,Kazakhstan,Asia,533866.51
2013-08-31,Kazakhstan,Asia,919516.46
2013-09-30,Kazakhstan,Asia,3955920.8
2013-10-31,Kazakhstan,Asia,2477245.1
2013-11-30,Kazakhstan,Asia,1516812.88
2013-12-31,Kazakhstan,Asia,2461208.76
2014-01-31,Kazakhstan,Asia,229752.9
2014-02-28,Kazakhstan,Asia,6088147.35
2014-03-31,Kazakhstan,Asia,4144300.44
2014-04-30,Kazakhstan,Asia,4427955.8100000005
2014-05-31,Kazakhstan,Asia,8209206.29
2014-06-30,Kazakhstan,Asia,7022875.01
2014-07-31,Kazakhstan,Asia,3101441.07
2014-08-31,Kazakhstan,Asia,12448493.030000001
2014-09-30,Kazakhstan,Asia,54105.26
2014-10-31,Kazakhstan,Asia,779114.56
2014-11-30,Kazakhstan,Asia,5399330.84
2014-12-31,Kazakhstan,Asia,4025281.93
2015-01-31,Kazakhstan,Asia,1218264.64
2015-02-28,Kazakhstan,Asia,35696.58
2015-03-31,Kazakhstan,Asia,0.0
2015-04-30,Kazakhstan,Asia,1418714.4100000001
2015-05-31,Kazakhstan,Asia,3478482.3600000003
2015-06-30,Kazakhstan,Asia,5671270.7299999995
2015-07-31,Kazakhstan,Asia,2059649.2
2015-08-31,Kazakhstan,Asia,2421071.51
2015-09-30,Kazakhstan,Asia,3632725.35
2015-10-31,Kazakhstan,Asia,547374.4
2015-11-30,Kazakhstan,Asia,1604631.29
2015-12-31,Kazakhstan,Asia,3279648.86
2016-01-31,Kazakhstan,Asia,14577773.17
2016-02-29,Kazakhstan,Asia,1786194.16
2016-03-31,Kazakhstan,Asia,3041901.62
2016-04-30,Kazakhstan,Asia,1121357.06
2016-05-31,Kazakhstan,Asia,3448514.42
2016-06-30,Kazakhstan,Asia,29856.0
2016-07-31,Kazakhstan,Asia,1175788.44
2016-08-31,Kazakhstan,Asia,4432410.5
2016-09-30,Kazakhstan,Asia,4220045.22
2016-10-31,Kazakhstan,Asia,1752732.1400000001
2016-11-30,Kazakhstan,Asia,8486660.9
2016-12-31,Kazakhstan,Asia,10162415.25
2017-01-31,Kazakhstan,Asia,1739300.48
2017-02-28,Kazakhstan,Asia,212743.19
2017-03-31,Kazakhstan,Asia,2515529.12
2017-04-30,Kazakhstan,Asia,1871747.8399999999
2017-05-31,Kazakhstan,Asia,911694.0
2017-06-30,Kazakhstan,Asia,1280904.45
2010-01-31,Kenya,Sub-Saharan Africa,2243190.5
2010-02-28,Kenya,Sub-Saharan Africa,3341165.6500000004
2010-03-31,Kenya,Sub-Saharan Africa,11699383.71
2010-04-30,Kenya,Sub-Saharan Africa,4014476.8200000003
2010-05-31,Kenya,Sub-Saharan Africa,2608490.1
2010-06-30,Kenya,Sub-Saharan Africa,4014758.99
2010-07-31,Kenya,Sub-Saharan Africa,100921.07
2010-08-31,Kenya,Sub-Saharan Africa,1751554.04
2010-09-30,Kenya,Sub-Saharan Africa,9862872.43
2010-10-31,Kenya,Sub-Saharan Africa,6120583.35
2010-11-30,Kenya,Sub-Saharan Africa,8485913.86
2010-12-31,Kenya,Sub-Saharan Africa,4151859.16
2011-01-31,Kenya,Sub-Saharan Africa,4846965.75
2011-02-28,Kenya,Sub-Saharan Africa,3169795.59
2011-03-31,Kenya,Sub-Saharan Africa,6187839.2299999995
2011-04-30,Kenya,Sub-Saharan Africa,3146920.8200000003
2011-05-31,Kenya,Sub-Saharan Africa,4044554.02
2011-06-30,Kenya,Sub-Saharan Africa,3712579.46
2011-07-31,Kenya,Sub-Saharan Africa,925183.6
2011-08-31,Kenya,Sub-Saharan Africa,1735847.53
2011-09-30,Kenya,Sub-Saharan Africa,14818965.06
2011-10-31,Kenya,Sub-Saharan Africa,0.0
2011-11-30,Kenya,Sub-Saharan Africa,3218142.17
2011-12-31,Kenya,Sub-Saharan Africa,6427640.48
2012-01-31,Kenya,Sub-Saharan Africa,5174920.52
2012-02-29,Kenya,Sub-Saharan Africa,5655624.609999999
2012-03-31,Kenya,Sub-Saharan Africa,1856648.2
2012-04-30,Kenya,Sub-Saharan Africa,2610113.44
2012-05-31,Kenya,Sub-Saharan Africa,4927814.97
2012-06-30,Kenya,Sub-Saharan Africa,2384285.22
2012-07-31,Kenya,Sub-Saharan Africa,6041230.9799999995
2012-08-31,Kenya,Sub-Saharan Africa,8430439.73
2012-09-30,Kenya,Sub-Saharan Africa,6705584.63
2012-10-31,Kenya,Sub-Saharan Africa,4731526.61
2012-11-30,Kenya,Sub-Saharan Africa,6363409.2700000005
2012-12-31,Kenya,Sub-Saharan Africa,3896763.6
2013-01-31,Kenya,Sub-Saharan Africa,1815139.0499999998
2013-02-28,Kenya,Sub-Saharan Africa,1815948.9100000001
2013-03-31,Kenya,Sub-Saharan Africa,585950.09
2013-04-30,Kenya,Sub-Saharan Africa,606287.12
2013-05-31,Kenya,Sub-Saharan Africa,22186.74
2013-06-30,Kenya,Sub-Saharan Africa,3434835.5300000003
2013-07-31,Kenya,Sub-Saharan Africa,3335064.7800000003
2013-08-31,Kenya,Sub-Saharan Africa,3617022.96
2013-09-30,Kenya,Sub-Saharan Africa,0.0
2013-10-31,Kenya,Sub-Saharan Africa,5454157.590000001
2013-11-30,Kenya,Sub-Saharan Africa,314088.39
2013-12-31,Kenya,Sub-Saharan Africa,2868430.11
2014-01-31,Kenya,Sub-Saharan Africa,3841666.32
2014-02-28,Kenya,Sub-Saharan Africa,4015238.7
2014-03-31,Kenya,Sub-Saharan Africa,4677900.4
2014-04-30,Kenya,Sub-Saharan Africa,5375749.16
2014-05-31,Kenya,Sub-Saharan Africa,2084344.27
2014-06-30,Kenya,Sub-Saharan Africa,3021926.4
2014-07-31,Kenya,Sub-Saharan Africa,1507624.59
2014-08-31,Kenya,Sub-Saharan Africa,3700397.19
2014-09-30,Kenya,Sub-Saharan Africa,2636157.92
2014-10-31,Kenya,Sub-Saharan Africa,1426408.32
2014-11-30,Kenya,Sub-Saharan Africa,614527.87
2014-12-31,Kenya,Sub-Saharan Africa,3329402.1599999997
2015-01-31,Kenya,Sub-Saharan Africa,2680709.54
2015-02-28,Kenya,Sub-Saharan Africa,7321554.029999999
2015-03-31,Kenya,Sub-Saharan Africa,6661071.18
2015-04-30,Kenya,Sub-Saharan Africa,7961309.55
2015-05-31,Kenya,Sub-Saharan Africa,3139432.2
2015-06-30,Kenya,Sub-Saharan Africa,7371499.279999999
2015-07-31,Kenya,Sub-Saharan Africa,302922.37
2015-08-31,Kenya,Sub-Saharan Africa,4672644.77
2015-09-30,Kenya,Sub-Saharan Africa,2713412.94
2015-10-31,Kenya,Sub-Saharan Africa,4895870.630000001
2015-11-30,Kenya,Sub-Saharan Africa,11166680.3
2015-12-31,Kenya,Sub-Saharan Africa,1074207.28
2016-01-31,Kenya,Sub-Saharan Africa,3693663.12
2016-02-29,Kenya,Sub-Saharan Africa,0.0
2016-03-31,Kenya,Sub-Saharan Africa,4692619.26
2016-04-30,Kenya,Sub-Saharan Africa,7391101.08
2016-05-31,Kenya,Sub-Saharan Africa,666309.5
2016-06-30,Kenya,Sub-Saharan Africa,3290725.64
2016-07-31,Kenya,Sub-Saharan Africa,0.0
2016-08-31,Kenya,Sub-Saharan Africa,781583.99
2016-09-30,Kenya,Sub-Saharan Africa,4692359.9
2016-10-31,Kenya,Sub-Saharan Africa,1725434.54
2016-11-30,Kenya,Sub-Saharan Africa,3816510.7699999996
2016-12-31,Kenya,Sub-Saharan Africa,14795063.84
2017-01-31,Kenya,Sub-Saharan Africa,2612442.76
2017-02-28,Kenya,Sub-Saharan Africa,8248348.76
2017-03-31,Kenya,Sub-Saharan Africa,7632834.109999999
2017-04-30,Kenya,Sub-Saharan Africa,3455628.8
2017-05-31,Kenya,Sub-Saharan Africa,2088153.3599999999
2017-06-30,Kenya,Sub-Saharan Africa,3535705.16
2010-01-31,Kiribati,Australia and Oceania,2053460.09
2010-02-28,Kiribati,Australia and Oceania,1914409.98
2010-03-31,Kiribati,Australia and Oceania,10472777.36
2010-04-30,Kiribati,Australia and Oceania,413811.45
2010-05-31,Kiribati,Australia and Oceania,4406671.48
2010-06-30,Kiribati,Australia and Oceania,3571266.08
2010-07-31,Kiribati,Australia and Oceania,4092230.88
2010-08-31,Kiribati,Australia and Oceania,4299465.93
2010-09-30,Kiribati,Australia and Oceania,5915906.1
2010-10-31,Kiribati,Australia and Oceania,3131259.7399999998
2010-11-30,Kiribati,Australia and Oceania,2463961.07
2010-12-31,Kiribati,Australia and Oceania,4291768.68
2011-01-31,Kiribati,Australia and Oceania,1864098.24
2011-02-28,Kiribati,Australia and Oceania,6413858.75
2011-03-31,Kiribati,Australia and Oceania,4193784.25
2011-04-30,Kiribati,Australia and Oceania,3781857.87
2011-05-31,Kiribati,Australia and Oceania,5001944.01
2011-06-30,Kiribati,Australia and Oceania,5871625.19
2011-07-31,Kiribati,Australia and Oceania,2189022.03
2011-08-31,Kiribati,Australia and Oceania,5845694.9
2011-09-30,Kiribati,Australia and Oceania,6386877.75
2011-10-31,Kiribati,Australia and Oceania,3440316.56
2011-11-30,Kiribati,Australia and Oceania,4983949.04
2011-12-31,Kiribati,Australia and Oceania,4635418.48
2012-01-31,Kiribati,Australia and Oceania,10865619.6
2012-02-29,Kiribati,Australia and Oceania,9411420.459999999
2012-03-31,Kiribati,Australia and Oceania,1430347.82
2012-04-30,Kiribati,Australia and Oceania,5890536.77
2012-05-31,Kiribati,Australia and Oceania,725930.72
2012-06-30,Kiribati,Australia and Oceania,20665.95
2012-07-31,Kiribati,Australia and Oceania,4705620.45
2012-08-31,Kiribati,Australia and Oceania,1902694.4
2012-09-30,Kiribati,Australia and Oceania,1612990.56
2012-10-31,Kiribati,Australia and Oceania,7025986.79
2012-11-30,Kiribati,Australia and Oceania,1584952.6300000001
2012-12-31,Kiribati,Australia and Oceania,5425684.13
2013-01-31,Kiribati,Australia and Oceania,1598016.35
2013-02-28,Kiribati,Australia and Oceania,7355080.77
2013-03-31,Kiribati,Australia and Oceania,1182626.0
2013-04-30,Kiribati,Australia and Oceania,4168655.24
2013-05-31,Kiribati,Australia and Oceania,4603350.6
2013-06-30,Kiribati,Australia and Oceania,4817805.74
2013-07-31,Kiribati,Australia and Oceania,2360377.58
2013-08-31,Kiribati,Australia and Oceania,3407706.0100000002
2013-09-30,Kiribati,Australia and Oceania,620354.41
2013-10-31,Kiribati,Australia and Oceania,10867363.14
2013-11-30,Kiribati,Australia and Oceania,2251724.0
2013-12-31,Kiribati,Australia and Oceania,1666405.8900000001
2014-01-31,Kiribati,Australia and Oceania,1281827.32
2014-02-28,Kiribati,Australia and Oceania,5907487.350000001
2014-03-31,Kiribati,Australia and Oceania,635941.13
2014-04-30,Kiribati,Australia and Oceania,4322581.37
2014-05-31,Kiribati,Australia and Oceania,4004155.16
2014-06-30,Kiribati,Australia and Oceania,0.0
2014-07-31,Kiribati,Australia and Oceania,765667.28
2014-08-31,Kiribati,Australia and Oceania,68584.83
2014-09-30,Kiribati,Australia and Oceania,5275294.4
2014-10-31,Kiribati,Australia and Oceania,6614789.55
2014-11-30,Kiribati,Australia and Oceania,4512445.43
2014-12-31,Kiribati,Australia and Oceania,1920518.96
2015-01-31,Kiribati,Australia and Oceania,770398.79
2015-02-28,Kiribati,Australia and Oceania,1261029.21
2015-03-31,Kiribati,Australia and Oceania,2971619.1399999997
2015-04-30,Kiribati,Australia and Oceania,2875941.87
2015-05-31,Kiribati,Australia and Oceania,641743.96
2015-06-30,Kiribati,Australia and Oceania,675420.3099999999
2015-07-31,Kiribati,Australia and Oceania,275005.81
2015-08-31,Kiribati,Australia and Oceania,1539873.77
2015-09-30,Kiribati,Australia and Oceania,18220791.04
2015-10-31,Kiribati,Australia and Oceania,3088750.83
2015-11-30,Kiribati,Australia and Oceania,4690173.03
2015-12-31,Kiribati,Australia and Oceania,0.0
2016-01-31,Kiribati,Australia and Oceania,2404647.25
2016-02-29,Kiribati,Australia and Oceania,6024842.49
2016-03-31,Kiribati,Australia and Oceania,4932647.18
2016-04-30,Kiribati,Australia and Oceania,4064642.09
2016-05-31,Kiribati,Australia and Oceania,11070158.18
2016-06-30,Kiribati,Australia and Oceania,1038729.64
2016-07-31,Kiribati,Australia and Oceania,1275308.32
2016-08-31,Kiribati,Australia and Oceania,8107103.21
2016-09-30,Kiribati,Australia and Oceania,13354030.93
2016-10-31,Kiribati,Australia and Oceania,4679447.6
2016-11-30,Kiribati,Australia and Oceania,0.0
2016-12-31,Kiribati,Australia and Oceania,1581000.62
2017-01-31,Kiribati,Australia and Oceania,63108.5
2017-02-28,Kiribati,Australia and Oceania,660291.22
2017-03-31,Kiribati,Australia and Oceania,1015539.04
2017-04-30,Kiribati,Australia and Oceania,5491413.77
2017-05-31,Kiribati,Australia and Oceania,1109373.2
2017-06-30,Kiribati,Australia and Oceania,38896.77
2010-01-31,Kosovo,Europe,2166594.14
2010-02-28,Kosovo,Europe,1543640.72
2010-03-31,Kosovo,Europe,2669569.6199999996
2010-04-30,Kosovo,Europe,1361732.27
2010-05-31,Kosovo,Europe,9132968.45
2010-06-30,Kosovo,Europe,0.0
2010-07-31,Kosovo,Europe,1781225.07
2010-08-31,Kosovo,Europe,1888628.56
2010-09-30,Kosovo,Europe,4529064.83
2010-10-31,Kosovo,Europe,12404998.14
2010-11-30,Kosovo,Europe,1467367.44
2010-12-31,Kosovo,Europe,7164313.05
2011-01-31,Kosovo,Europe,0.0
2011-02-28,Kosovo,Europe,2092836.8199999998
2011-03-31,Kosovo,Europe,0.0
2011-04-30,Kosovo,Europe,3605788.8
2011-05-31,Kosovo,Europe,1622164.11
2011-06-30,Kosovo,Europe,3472254.85
2011-07-31,Kosovo,Europe,1069422.8599999999
2011-08-31,Kosovo,Europe,3521301.78
2011-09-30,Kosovo,Europe,508442.33
2011-10-31,Kosovo,Europe,410544.33999999997
2011-11-30,Kosovo,Europe,1560804.0
2011-12-31,Kosovo,Europe,857645.38
2012-01-31,Kosovo,Europe,4984297.87
2012-02-29,Kosovo,Europe,2275980.2
2012-03-31,Kosovo,Europe,7460175.210000001
2012-04-30,Kosovo,Europe,3889801.66
2012-05-31,Kosovo,Europe,5759924.24
2012-06-30,Kosovo,Europe,1129225.3099999998
2012-07-31,Kosovo,Europe,273550.31
2012-08-31,Kosovo,Europe,5462039.55
2012-09-30,Kosovo,Europe,3245787.39
2012-10-31,Kosovo,Europe,2595385.1599999997
2012-11-30,Kosovo,Europe,4439779.61
2012-12-31,Kosovo,Europe,1028817.24
2013-01-31,Kosovo,Europe,0.0
2013-02-28,Kosovo,Europe,0.0
2013-03-31,Kosovo,Europe,1192627.81
2013-04-30,Kosovo,Europe,15185458.13
2013-05-31,Kosovo,Europe,3245628.79
2013-06-30,Kosovo,Europe,961026.28
2013-07-31,Kosovo,Europe,732791.18
2013-08-31,Kosovo,Europe,663811.06
2013-09-30,Kosovo,Europe,3192274.3
2013-10-31,Kosovo,Europe,9231040.69
2013-11-30,Kosovo,Europe,6122613.399999999
2013-12-31,Kosovo,Europe,4184944.25
2014-01-31,Kosovo,Europe,2160689.92
2014-02-28,Kosovo,Europe,1896666.55
2014-03-31,Kosovo,Europe,2291975.12
2014-04-30,Kosovo,Europe,225447.2
2014-05-31,Kosovo,Europe,9438513.65
2014-06-30,Kosovo,Europe,0.0
2014-07-31,Kosovo,Europe,3779692.63
2014-08-31,Kosovo,Europe,870589.21
2014-09-30,Kosovo,Europe,910507.48
2014-10-31,Kosovo,Europe,2283521.81
2014-11-30,Kosovo,Europe,6945852.4399999995
2014-12-31,Kosovo,Europe,12230284.24
2015-01-31,Kosovo,Europe,485970.37
2015-02-28,Kosovo,Europe,3811074.9899999998
2015-03-31,Kosovo,Europe,1399357.38
2015-04-30,Kosovo,Europe,1713122.6400000001
2015-05-31,Kosovo,Europe,7491796.390000001
2015-06-30,Kosovo,Europe,1656309.5899999999
2015-07-31,Kosovo,Europe,6611578.23
2015-08-31,Kosovo,Europe,597354.9
2015-09-30,Kosovo,Europe,5007256.56
2015-10-31,Kosovo,Europe,3215689.48
2015-11-30,Kosovo,Europe,0.0
2015-12-31,Kosovo,Europe,1856899.86
2016-01-31,Kosovo,Europe,202753.85
2016-02-29,Kosovo,Europe,8723908.68
2016-03-31,Kosovo,Europe,5736149.04
2016-04-30,Kosovo,Europe,10675538.55
2016-05-31,Kosovo,Europe,1749244.48
2016-06-30,Kosovo,Europe,3521627.22
2016-07-31,Kosovo,Europe,1175434.05
2016-08-31,Kosovo,Europe,666181.23
2016-09-30,Kosovo,Europe,2472678.12
2016-10-31,Kosovo,Europe,11195500.33
2016-11-30,Kosovo,Europe,10401970.48
2016-12-31,Kosovo,Europe,11137015.31
2017-01-31,Kosovo,Europe,3222819.65
2017-02-28,Kosovo,Europe,5935524.65
2017-03-31,Kosovo,Europe,14203090.2
2017-04-30,Kosovo,Europe,7865564.32
2017-05-31,Kosovo,Europe,3197381.9899999998
2017-06-30,Kosovo,Europe,3618690.88
2010-01-31,Kuwait,Middle East and North Africa,363870.39
2010-02-28,Kuwait,Middle East and North Africa,16522818.73
2010-03-31,Kuwait,Middle East and North Africa,4654472.76
2010-04-30,Kuwait,Middle East and North Africa,3482283.56
2010-05-31,Kuwait,Middle East and North Africa,6412267.73
2010-06-30,Kuwait,Middle East and North Africa,2079560.36
2010-07-31,Kuwait,Middle East and North Africa,2053083.04
2010-08-31,Kuwait,Middle East and North Africa,4051840.8099999996
2010-09-30,Kuwait,Middle East and North Africa,460464.44
2010-10-31,Kuwait,Middle East and North Africa,5413031.63
2010-11-30,Kuwait,Middle East and North Africa,5299146.41
2010-12-31,Kuwait,Middle East and North Africa,8458365.18
2011-01-31,Kuwait,Middle East and North Africa,5768182.74
2011-02-28,Kuwait,Middle East and North Africa,2245650.17
2011-03-31,Kuwait,Middle East and North Africa,2574861.9
2011-04-30,Kuwait,Middle East and North Africa,0.0
2011-05-31,Kuwait,Middle East and North Africa,5410395.7
2011-06-30,Kuwait,Middle East and North Africa,7116643.71
2011-07-31,Kuwait,Middle East and North Africa,5691.3
2011-08-31,Kuwait,Middle East and North Africa,15205495.120000001
2011-09-30,Kuwait,Middle East and North Africa,5245797.84
2011-10-31,Kuwait,Middle East and North Africa,114121.38
2011-11-30,Kuwait,Middle East and North Africa,1753665.2999999998
2011-12-31,Kuwait,Middle East and North Africa,0.0
2012-01-31,Kuwait,Middle East and North Africa,5060589.78
2012-02-29,Kuwait,Middle East and North Africa,6959371.909999999
2012-03-31,Kuwait,Middle East and North Africa,6112670.13
2012-04-30,Kuwait,Middle East and North Africa,1009903.0
2012-05-31,Kuwait,Middle East and North Africa,4829576.970000001
2012-06-30,Kuwait,Middle East and North Africa,1874276.4
2012-07-31,Kuwait,Middle East and North Africa,824596.46
2012-08-31,Kuwait,Middle East and North Africa,3605535.6
2012-09-30,Kuwait,Middle East and North Africa,6202124.04
2012-10-31,Kuwait,Middle East and North Africa,0.0
2012-11-30,Kuwait,Middle East and North Africa,3578752.1
2012-12-31,Kuwait,Middle East and North Africa,2406738.38
2013-01-31,Kuwait,Middle East and North Africa,10349263.77
2013-02-28,Kuwait,Middle East and North Africa,1642824.38
2013-03-31,Kuwait,Middle East and North Africa,2886866.58
2013-04-30,Kuwait,Middle East and North Africa,0.0
2013-05-31,Kuwait,Middle East and North Africa,5851226.52
2013-06-30,Kuwait,Middle East and North Africa,289160.3
2013-07-31,Kuwait,Middle East and North Africa,2301435.0
2013-08-31,Kuwait,Middle East and North Africa,1589708.28
2013-09-30,Kuwait,Middle East and North Africa,12825437.84
2013-10-31,Kuwait,Middle East and North Africa,2285068.38
2013-11-30,Kuwait,Middle East and North Africa,7124870.109999999
2013-12-31,Kuwait,Middle East and North Africa,4372551.59
2014-01-31,Kuwait,Middle East and North Africa,15361398.33
2014-02-28,Kuwait,Middle East and North Africa,3049771.75
2014-03-31,Kuwait,Middle East and North Africa,1809301.12
2014-04-30,Kuwait,Middle East and North Africa,1254802.35
2014-05-31,Kuwait,Middle East and North Africa,11080447.620000001
2014-06-30,Kuwait,Middle East and North Africa,31731.33
2014-07-31,Kuwait,Middle East and North Africa,1203633.5
2014-08-31,Kuwait,Middle East and North Africa,1731900.23
2014-09-30,Kuwait,Middle East and North Africa,5820960.01
2014-10-31,Kuwait,Middle East and North Africa,680402.25
2014-11-30,Kuwait,Middle East and North Africa,2663617.58
2014-12-31,Kuwait,Middle East and North Africa,6225453.78
2015-01-31,Kuwait,Middle East and North Africa,5706707.41
2015-02-28,Kuwait,Middle East and North Africa,2520433.4
2015-03-31,Kuwait,Middle East and North Africa,2950935.21
2015-04-30,Kuwait,Middle East and North Africa,3291159.06
2015-05-31,Kuwait,Middle East and North Africa,5446052.39
2015-06-30,Kuwait,Middle East and North Africa,4785208.98
2015-07-31,Kuwait,Middle East and North Africa,990512.4099999999
2015-08-31,Kuwait,Middle East and North Africa,786569.52
2015-09-30,Kuwait,Middle East and North Africa,3378444.64
2015-10-31,Kuwait,Middle East and North Africa,7829435.399999999
2015-11-30,Kuwait,Middle East and North Africa,2933399.42
2015-12-31,Kuwait,Middle East and North Africa,2744628.0
2016-01-31,Kuwait,Middle East and North Africa,8787059.77
2016-02-29,Kuwait,Middle East and North Africa,3951348.81
2016-03-31,Kuwait,Middle East and North Africa,8896395.95
2016-04-30,Kuwait,Middle East and North Africa,4399632.6
2016-05-31,Kuwait,Middle East and North Africa,15454720.93
2016-06-30,Kuwait,Middle East and North Africa,4295893.01
2016-07-31,Kuwait,Middle East and North Africa,1261393.77
2016-08-31,Kuwait,Middle East and North Africa,2919478.8
2016-09-30,Kuwait,Middle East and North Africa,200810.61
2016-10-31,Kuwait,Middle East and North Africa,6269709.14
2016-11-30,Kuwait,Middle East and North Africa,8964990.36
2016-12-31,Kuwait,Middle East and North Africa,2708373.0300000003
2017-01-31,Kuwait,Middle East and North Africa,5128421.14
2017-02-28,Kuwait,Middle East and North Africa,2880449.15
2017-03-31,Kuwait,Middle East and North Africa,2029417.3
2017-04-30,Kuwait,Middle East and North Africa,510446.88
2017-05-31,Kuwait,Middle East and North Africa,0.0
2017-06-30,Kuwait,Middle East and North Africa,3545952.3
2010-01-31,Kyrgyzstan,Asia,3784929.8899999997
2010-02-28,Kyrgyzstan,Asia,2232445.2700000005
2010-03-31,Kyrgyzstan,Asia,370206.18
2010-04-30,Kyrgyzstan,Asia,10712213.2
2010-05-31,Kyrgyzstan,Asia,5642330.9
2010-06-30,Kyrgyzstan,Asia,1700728.19
2010-07-31,Kyrgyzstan,Asia,8274849.52
2010-08-31,Kyrgyzstan,Asia,801981.5800000001
2010-09-30,Kyrgyzstan,Asia,2434049.8
2010-10-31,Kyrgyzstan,Asia,7188464.21
2010-11-30,Kyrgyzstan,Asia,4842548.9399999995
2010-12-31,Kyrgyzstan,Asia,2369837.84
2011-01-31,Kyrgyzstan,Asia,1654606.61
2011-02-28,Kyrgyzstan,Asia,5974252.8100000005
2011-03-31,Kyrgyzstan,Asia,11813493.81
2011-04-30,Kyrgyzstan,Asia,2286354.5999999996
2011-05-31,Kyrgyzstan,Asia,5338400.32
2011-06-30,Kyrgyzstan,Asia,4279670.399999999
2011-07-31,Kyrgyzstan,Asia,3686499.81
2011-08-31,Kyrgyzstan,Asia,0.0
2011-09-30,Kyrgyzstan,Asia,1113641.58
2011-10-31,Kyrgyzstan,Asia,279024.2
2011-11-30,Kyrgyzstan,Asia,6220756.34
2011-12-31,Kyrgyzstan,Asia,0.0
2012-01-31,Kyrgyzstan,Asia,595466.72
2012-02-29,Kyrgyzstan,Asia,7640200.9
2012-03-31,Kyrgyzstan,Asia,5778917.96
2012-04-30,Kyrgyzstan,Asia,336506.7
2012-05-31,Kyrgyzstan,Asia,7925929.200000001
2012-06-30,Kyrgyzstan,Asia,2946457.0300000003
2012-07-31,Kyrgyzstan,Asia,1935637.0
2012-08-31,Kyrgyzstan,Asia,6885902.82
2012-09-30,Kyrgyzstan,Asia,12296379.25
2012-10-31,Kyrgyzstan,Asia,2240646.8
2012-11-30,Kyrgyzstan,Asia,1118563.98
2012-12-31,Kyrgyzstan,Asia,3479422.12
2013-01-31,Kyrgyzstan,Asia,2112725.9400000004
2013-02-28,Kyrgyzstan,Asia,0.0
2013-03-31,Kyrgyzstan,Asia,6351224.2700000005
2013-04-30,Kyrgyzstan,Asia,1858314.13
2013-05-31,Kyrgyzstan,Asia,3999942.9
2013-06-30,Kyrgyzstan,Asia,56836.0
2013-07-31,Kyrgyzstan,Asia,1570227.28
2013-08-31,Kyrgyzstan,Asia,8722172.559999999
2013-09-30,Kyrgyzstan,Asia,13386210.06
2013-10-31,Kyrgyzstan,Asia,4845657.84
2013-11-30,Kyrgyzstan,Asia,7383431.07
2013-12-31,Kyrgyzstan,Asia,8590795.66
2014-01-31,Kyrgyzstan,Asia,4872184.12
2014-02-28,Kyrgyzstan,Asia,4022299.26
2014-03-31,Kyrgyzstan,Asia,1690280.9300000002
2014-04-30,Kyrgyzstan,Asia,1316913.77
2014-05-31,Kyrgyzstan,Asia,7824998.16
2014-06-30,Kyrgyzstan,Asia,5042469.82
2014-07-31,Kyrgyzstan,Asia,5000306.4
2014-08-31,Kyrgyzstan,Asia,1094134.12
2014-09-30,Kyrgyzstan,Asia,12029420.829999998
2014-10-31,Kyrgyzstan,Asia,4507267.68
2014-11-30,Kyrgyzstan,Asia,1685202.32
2014-12-31,Kyrgyzstan,Asia,722656.66
2015-01-31,Kyrgyzstan,Asia,4013199.2100000004
2015-02-28,Kyrgyzstan,Asia,1355111.76
2015-03-31,Kyrgyzstan,Asia,4574033.89
2015-04-30,Kyrgyzstan,Asia,2570820.31
2015-05-31,Kyrgyzstan,Asia,15175171.0
2015-06-30,Kyrgyzstan,Asia,2886589.03
2015-07-31,Kyrgyzstan,Asia,16540479.4
2015-08-31,Kyrgyzstan,Asia,7557272.33
2015-09-30,Kyrgyzstan,Asia,1320052.88
2015-10-31,Kyrgyzstan,Asia,10263177.08
2015-11-30,Kyrgyzstan,Asia,3510101.25
2015-12-31,Kyrgyzstan,Asia,2075074.9000000001
2016-01-31,Kyrgyzstan,Asia,0.0
2016-02-29,Kyrgyzstan,Asia,498217.65
2016-03-31,Kyrgyzstan,Asia,4186280.95
2016-04-30,Kyrgyzstan,Asia,782132.51
2016-05-31,Kyrgyzstan,Asia,2386543.46
2016-06-30,Kyrgyzstan,Asia,3013291.0900000003
2016-07-31,Kyrgyzstan,Asia,10279699.63
2016-08-31,Kyrgyzstan,Asia,1301498.88
2016-09-30,Kyrgyzstan,Asia,15867919.66
2016-10-31,Kyrgyzstan,Asia,7419710.42
2016-11-30,Kyrgyzstan,Asia,2697812.56
2016-12-31,Kyrgyzstan,Asia,3479183.75
2017-01-31,Kyrgyzstan,Asia,1670639.96
2017-02-28,Kyrgyzstan,Asia,2716132.5500000003
2017-03-31,Kyrgyzstan,Asia,4967429.880000001
2017-04-30,Kyrgyzstan,Asia,0.0
2017-05-31,Kyrgyzstan,Asia,3933048.9899999998
2017-06-30,Kyrgyzstan,Asia,3265965.65
2010-01-31,Laos,Asia,1646478.1500000001
2010-02-28,Laos,Asia,0.0
2010-03-31,Laos,Asia,4568637.57
2010-04-30,Laos,Asia,2530677.77
2010-05-31,Laos,Asia,57798.93
2010-06-30,Laos,Asia,0.0
2010-07-31,Laos,Asia,73324.47
2010-08-31,Laos,Asia,2158598.2
2010-09-30,Laos,Asia,22312.29
2010-10-31,Laos,Asia,1695737.83
2010-11-30,Laos,Asia,2328161.7
2010-12-31,Laos,Asia,1433336.52
2011-01-31,Laos,Asia,6914043.15
2011-02-28,Laos,Asia,6331632.149999999
2011-03-31,Laos,Asia,5294337.3
2011-04-30,Laos,Asia,9564804.05
2011-05-31,Laos,Asia,3768017.84
2011-06-30,Laos,Asia,2903695.08
2011-07-31,Laos,Asia,7548479.55
2011-08-31,Laos,Asia,4923049.800000001
2011-09-30,Laos,Asia,1942168.4
2011-10-31,Laos,Asia,0.0
2011-11-30,Laos,Asia,7819320.14
2011-12-31,Laos,Asia,1712938.5699999998
2012-01-31,Laos,Asia,5814889.05
2012-02-29,Laos,Asia,16539966.78
2012-03-31,Laos,Asia,1050399.36
2012-04-30,Laos,Asia,666549.41
2012-05-31,Laos,Asia,0.0
2012-06-30,Laos,Asia,598266.18
2012-07-31,Laos,Asia,1881832.61
2012-08-31,Laos,Asia,12930720.82
2012-09-30,Laos,Asia,3636563.45
2012-10-31,Laos,Asia,5179073.13
2012-11-30,Laos,Asia,2199034.08
2012-12-31,Laos,Asia,6071659.49
2013-01-31,Laos,Asia,15492156.780000001
2013-02-28,Laos,Asia,5029112.41
2013-03-31,Laos,Asia,358923.68
2013-04-30,Laos,Asia,2535721.5300000003
2013-05-31,Laos,Asia,4641704.27
2013-06-30,Laos,Asia,6885521.0200000005
2013-07-31,Laos,Asia,6258540.15
2013-08-31,Laos,Asia,7189714.640000001
2013-09-30,Laos,Asia,4278524.43
2013-10-31,Laos,Asia,8081225.28
2013-11-30,Laos,Asia,2070682.9
2013-12-31,Laos,Asia,1572159.6
2014-01-31,Laos,Asia,4487488.11
2014-02-28,Laos,Asia,3426337.92
2014-03-31,Laos,Asia,0.0
2014-04-30,Laos,Asia,1469832.6600000001
2014-05-31,Laos,Asia,9874308.75
2014-06-30,Laos,Asia,2923399.73
2014-07-31,Laos,Asia,5309704.38
2014-08-31,Laos,Asia,4156154.79
2014-09-30,Laos,Asia,4608340.359999999
2014-10-31,Laos,Asia,4364991.86
2014-11-30,Laos,Asia,2804110.26
2014-12-31,Laos,Asia,10760748.51
2015-01-31,Laos,Asia,6869103.1
2015-02-28,Laos,Asia,588701.19
2015-03-31,Laos,Asia,3663571.29
2015-04-30,Laos,Asia,4194001.67
2015-05-31,Laos,Asia,6460583.54
2015-06-30,Laos,Asia,2661587.6
2015-07-31,Laos,Asia,1502301.7599999998
2015-08-31,Laos,Asia,3655448.5
2015-09-30,Laos,Asia,4887802.4399999995
2015-10-31,Laos,Asia,6241769.3
2015-11-30,Laos,Asia,618098.2000000001
2015-12-31,Laos,Asia,1245806.72
2016-01-31,Laos,Asia,3246952.58
2016-02-29,Laos,Asia,5119042.04
2016-03-31,Laos,Asia,4271492.98
2016-04-30,Laos,Asia,3970375.96
2016-05-31,Laos,Asia,4223503.35
2016-06-30,Laos,Asia,3175467.52
2016-07-31,Laos,Asia,1001758.6900000001
2016-08-31,Laos,Asia,6576968.710000001
2016-09-30,Laos,Asia,7998468.49
2016-10-31,Laos,Asia,969503.22
2016-11-30,Laos,Asia,7220615.92
2016-12-31,Laos,Asia,2853982.45
2017-01-31,Laos,Asia,613463.71
2017-02-28,Laos,Asia,1981796.1800000002
2017-03-31,Laos,Asia,6357213.34
2017-04-30,Laos,Asia,2098822.39
2017-05-31,Laos,Asia,6236638.17
2017-06-30,Laos,Asia,761981.36
2010-01-31,Latvia,Europe,65776.5
2010-02-28,Latvia,Europe,6819037.33
2010-03-31,Latvia,Europe,1223294.6
2010-04-30,Latvia,Europe,2160218.31
2010-05-31,Latvia,Europe,6221494.23
2010-06-30,Latvia,Europe,1224003.0
2010-07-31,Latvia,Europe,6096906.4
2010-08-31,Latvia,Europe,7610653.78
2010-09-30,Latvia,Europe,3754284.57
2010-10-31,Latvia,Europe,859920.82
2010-11-30,Latvia,Europe,2333183.7600000002
2010-12-31,Latvia,Europe,4339745.38
2011-01-31,Latvia,Europe,358140.86
2011-02-28,Latvia,Europe,6531854.56
2011-03-31,Latvia,Europe,6062910.859999999
2011-04-30,Latvia,Europe,2810372.02
2011-05-31,Latvia,Europe,1261678.73
2011-06-30,Latvia,Europe,4067644.6800000006
2011-07-31,Latvia,Europe,4740556.16
2011-08-31,Latvia,Europe,5614782.48
2011-09-30,Latvia,Europe,3264357.8
2011-10-31,Latvia,Europe,7772928.74
2011-11-30,Latvia,Europe,322137.86
2011-12-31,Latvia,Europe,2241010.96
2012-01-31,Latvia,Europe,7142110.1
2012-02-29,Latvia,Europe,816482.7000000001
2012-03-31,Latvia,Europe,4818499.7
2012-04-30,Latvia,Europe,301651.35
2012-05-31,Latvia,Europe,3800395.91
2012-06-30,Latvia,Europe,1799875.0
2012-07-31,Latvia,Europe,3924140.27
2012-08-31,Latvia,Europe,584786.58
2012-09-30,Latvia,Europe,4127168.0
2012-10-31,Latvia,Europe,402565.8
2012-11-30,Latvia,Europe,1467860.0
2012-12-31,Latvia,Europe,1934219.4
2013-01-31,Latvia,Europe,8569275.95
2013-02-28,Latvia,Europe,5687228.34
2013-03-31,Latvia,Europe,1908673.4
2013-04-30,Latvia,Europe,9206843.03
2013-05-31,Latvia,Europe,5736306.220000001
2013-06-30,Latvia,Europe,5307613.5
2013-07-31,Latvia,Europe,2020055.08
2013-08-31,Latvia,Europe,4167602.1900000004
2013-09-30,Latvia,Europe,5105991.75
2013-10-31,Latvia,Europe,15267800.38
2013-11-30,Latvia,Europe,1190254.9000000001
2013-12-31,Latvia,Europe,1357162.4
2014-01-31,Latvia,Europe,12742310.459999999
2014-02-28,Latvia,Europe,0.0
2014-03-31,Latvia,Europe,8523780.4
2014-04-30,Latvia,Europe,4361274.62
2014-05-31,Latvia,Europe,3807137.6
2014-06-30,Latvia,Europe,577717.0499999999
2014-07-31,Latvia,Europe,3724275.54
2014-08-31,Latvia,Europe,291645.73000000004
2014-09-30,Latvia,Europe,903501.04
2014-10-31,Latvia,Europe,1677920.3499999999
2014-11-30,Latvia,Europe,3420123.42
2014-12-31,Latvia,Europe,6572435.45
2015-01-31,Latvia,Europe,1135794.58
2015-02-28,Latvia,Europe,733939.6
2015-03-31,Latvia,Europe,3195416.47
2015-04-30,Latvia,Europe,4414060.890000001
2015-05-31,Latvia,Europe,1392597.66
2015-06-30,Latvia,Europe,3879091.9
2015-07-31,Latvia,Europe,3102633.6799999997
2015-08-31,Latvia,Europe,2909195.36
2015-09-30,Latvia,Europe,7284791.279999999
2015-10-31,Latvia,Europe,1354757.82
2015-11-30,Latvia,Europe,1962206.64
2015-12-31,Latvia,Europe,4141132.1399999997
2016-01-31,Latvia,Europe,3640302.76
2016-02-29,Latvia,Europe,7692399.9399999995
2016-03-31,Latvia,Europe,3071142.4000000004
2016-04-30,Latvia,Europe,3702780.06
2016-05-31,Latvia,Europe,935773.14
2016-06-30,Latvia,Europe,3711533.0999999996
2016-07-31,Latvia,Europe,587026.94
2016-08-31,Latvia,Europe,0.0
2016-09-30,Latvia,Europe,14702312.11
2016-10-31,Latvia,Europe,5007051.71
2016-11-30,Latvia,Europe,743491.98
2016-12-31,Latvia,Europe,6122071.62
2017-01-31,Latvia,Europe,5506105.32
2017-02-28,Latvia,Europe,2359072.26
2017-03-31,Latvia,Europe,2430359.34
2017-04-30,Latvia,Europe,1891875.0299999998
2017-05-31,Latvia,Europe,3651888.41
2017-06-30,Latvia,Europe,1799645.94
2010-01-31,Lebanon,Middle East and North Africa,5737811.31
2010-02-28,Lebanon,Middle East and North Africa,5953552.75
2010-03-31,Lebanon,Middle East and North Africa,5980621.12
2010-04-30,Lebanon,Middle East and North Africa,8727199.6
2010-05-31,Lebanon,Middle East and North Africa,3049505.69
2010-06-30,Lebanon,Middle East and North Africa,1472544.3800000001
2010-07-31,Lebanon,Middle East and North Africa,2206630.8200000003
2010-08-31,Lebanon,Middle East and North Africa,4695407.87
2010-09-30,Lebanon,Middle East and North Africa,4251883.79
2010-10-31,Lebanon,Middle East and North Africa,2963890.91
2010-11-30,Lebanon,Middle East and North Africa,3801127.34
2010-12-31,Lebanon,Middle East and North Africa,578076.29
2011-01-31,Lebanon,Middle East and North Africa,0.0
2011-02-28,Lebanon,Middle East and North Africa,901564.88
2011-03-31,Lebanon,Middle East and North Africa,1125018.96
2011-04-30,Lebanon,Middle East and North Africa,19347703.74
2011-05-31,Lebanon,Middle East and North Africa,1156799.7
2011-06-30,Lebanon,Middle East and North Africa,438663.77999999997
2011-07-31,Lebanon,Middle East and North Africa,7573257.62
2011-08-31,Lebanon,Middle East and North Africa,5266335.27
2011-09-30,Lebanon,Middle East and North Africa,792910.7
2011-10-31,Lebanon,Middle East and North Africa,2500531.28
2011-11-30,Lebanon,Middle East and North Africa,4045587.4699999997
2011-12-31,Lebanon,Middle East and North Africa,1303432.83
2012-01-31,Lebanon,Middle East and North Africa,262374.57999999996
2012-02-29,Lebanon,Middle East and North Africa,1738973.14
2012-03-31,Lebanon,Middle East and North Africa,676443.2
2012-04-30,Lebanon,Middle East and North Africa,17216122.53
2012-05-31,Lebanon,Middle East and North Africa,4696292.79
2012-06-30,Lebanon,Middle East and North Africa,1087535.9
2012-07-31,Lebanon,Middle East and North Africa,1590074.58
2012-08-31,Lebanon,Middle East and North Africa,5311752.609999999
2012-09-30,Lebanon,Middle East and North Africa,5371447.45
2012-10-31,Lebanon,Middle East and North Africa,4721451.64
2012-11-30,Lebanon,Middle East and North Africa,4297071.01
2012-12-31,Lebanon,Middle East and North Africa,6270107.609999999
2013-01-31,Lebanon,Middle East and North Africa,1970484.65
2013-02-28,Lebanon,Middle East and North Africa,2126417.56
2013-03-31,Lebanon,Middle East and North Africa,11608485.15
2013-04-30,Lebanon,Middle East and North Africa,3771642.5700000003
2013-05-31,Lebanon,Middle East and North Africa,4056433.66
2013-06-30,Lebanon,Middle East and North Africa,4920819.07
2013-07-31,Lebanon,Middle East and North Africa,3495347.42
2013-08-31,Lebanon,Middle East and North Africa,1995889.4
2013-09-30,Lebanon,Middle East and North Africa,4233233.42
2013-10-31,Lebanon,Middle East and North Africa,254636.58
2013-11-30,Lebanon,Middle East and North Africa,7007305.680000001
2013-12-31,Lebanon,Middle East and North Africa,2099798.57
2014-01-31,Lebanon,Middle East and North Africa,1821709.92
2014-02-28,Lebanon,Middle East and North Africa,1878705.29
2014-03-31,Lebanon,Middle East and North Africa,5406355.609999999
2014-04-30,Lebanon,Middle East and North Africa,2449491.25
2014-05-31,Lebanon,Middle East and North Africa,3870889.13
2014-06-30,Lebanon,Middle East and North Africa,5697835.07
2014-07-31,Lebanon,Middle East and North Africa,5404357.16
2014-08-31,Lebanon,Middle East and North Africa,9113227.27
2014-09-30,Lebanon,Middle East and North Africa,1191956.38
2014-10-31,Lebanon,Middle East and North Africa,4187931.51
2014-11-30,Lebanon,Middle East and North Africa,7479912.37
2014-12-31,Lebanon,Middle East and North Africa,3335562.41
2015-01-31,Lebanon,Middle East and North Africa,4010226.02
2015-02-28,Lebanon,Middle East and North Africa,0.0
2015-03-31,Lebanon,Middle East and North Africa,4116246.25
2015-04-30,Lebanon,Middle East and North Africa,2688147.7
2015-05-31,Lebanon,Middle East and North Africa,970312.0
2015-06-30,Lebanon,Middle East and North Africa,8057260.41
2015-07-31,Lebanon,Middle East and North Africa,3638532.04
2015-08-31,Lebanon,Middle East and North Africa,8313166.390000001
2015-09-30,Lebanon,Middle East and North Africa,298637.36
2015-10-31,Lebanon,Middle East and North Africa,182249.09
2015-11-30,Lebanon,Middle East and North Africa,7075825.1
2015-12-31,Lebanon,Middle East and North Africa,7257858.9
2016-01-31,Lebanon,Middle East and North Africa,982659.62
2016-02-29,Lebanon,Middle East and North Africa,0.0
2016-03-31,Lebanon,Middle East and North Africa,0.0
2016-04-30,Lebanon,Middle East and North Africa,3768447.0599999996
2016-05-31,Lebanon,Middle East and North Africa,2025636.0799999998
2016-06-30,Lebanon,Middle East and North Africa,6952391.66
2016-07-31,Lebanon,Middle East and North Africa,786855.06
2016-08-31,Lebanon,Middle East and North Africa,3528989.2
2016-09-30,Lebanon,Middle East and North Africa,1537689.27
2016-10-31,Lebanon,Middle East and North Africa,2454600.1500000004
2016-11-30,Lebanon,Middle East and North Africa,3271868.1999999997
2016-12-31,Lebanon,Middle East and North Africa,7940981.43
2017-01-31,Lebanon,Middle East and North Africa,3778311.4
2017-02-28,Lebanon,Middle East and North Africa,2109927.2
2017-03-31,Lebanon,Middle East and North Africa,2997088.71
2017-04-30,Lebanon,Middle East and North Africa,8007278.16
2017-05-31,Lebanon,Middle East and North Africa,0.0
2017-06-30,Lebanon,Middle East and North Africa,25470.9
2010-01-31,Lesotho,Sub-Saharan Africa,10421732.370000001
2010-02-28,Lesotho,Sub-Saharan Africa,1005367.9
2010-03-31,Lesotho,Sub-Saharan Africa,4560653.29
2010-04-30,Lesotho,Sub-Saharan Africa,7006247.74
2010-05-31,Lesotho,Sub-Saharan Africa,5206390.1
2010-06-30,Lesotho,Sub-Saharan Africa,3039701.29
2010-07-31,Lesotho,Sub-Saharan Africa,1933490.72
2010-08-31,Lesotho,Sub-Saharan Africa,784708.05
2010-09-30,Lesotho,Sub-Saharan Africa,1839011.72
2010-10-31,Lesotho,Sub-Saharan Africa,2684685.93
2010-11-30,Lesotho,Sub-Saharan Africa,1531458.28
2010-12-31,Lesotho,Sub-Saharan Africa,7305977.84
2011-01-31,Lesotho,Sub-Saharan Africa,200747.36
2011-02-28,Lesotho,Sub-Saharan Africa,1456955.3199999998
2011-03-31,Lesotho,Sub-Saharan Africa,5090491.640000001
2011-04-30,Lesotho,Sub-Saharan Africa,4167092.79
2011-05-31,Lesotho,Sub-Saharan Africa,4084882.9699999997
2011-06-30,Lesotho,Sub-Saharan Africa,5200659.57
2011-07-31,Lesotho,Sub-Saharan Africa,10064120.92
2011-08-31,Lesotho,Sub-Saharan Africa,1663900.23
2011-09-30,Lesotho,Sub-Saharan Africa,3927795.9
2011-10-31,Lesotho,Sub-Saharan Africa,2026635.06
2011-11-30,Lesotho,Sub-Saharan Africa,1314654.76
2011-12-31,Lesotho,Sub-Saharan Africa,4900753.6
2012-01-31,Lesotho,Sub-Saharan Africa,3510608.94
2012-02-29,Lesotho,Sub-Saharan Africa,2937960.1999999997
2012-03-31,Lesotho,Sub-Saharan Africa,3151712.5
2012-04-30,Lesotho,Sub-Saharan Africa,193643.45
2012-05-31,Lesotho,Sub-Saharan Africa,2011465.7999999998
2012-06-30,Lesotho,Sub-Saharan Africa,6154527.59
2012-07-31,Lesotho,Sub-Saharan Africa,8664352.76
2012-08-31,Lesotho,Sub-Saharan Africa,8493423.0
2012-09-30,Lesotho,Sub-Saharan Africa,139327.13
2012-10-31,Lesotho,Sub-Saharan Africa,4691766.69
2012-11-30,Lesotho,Sub-Saharan Africa,6140914.76
2012-12-31,Lesotho,Sub-Saharan Africa,711417.66
2013-01-31,Lesotho,Sub-Saharan Africa,1007425.7000000001
2013-02-28,Lesotho,Sub-Saharan Africa,988028.8999999999
2013-03-31,Lesotho,Sub-Saharan Africa,1431805.1199999999
2013-04-30,Lesotho,Sub-Saharan Africa,72708.69
2013-05-31,Lesotho,Sub-Saharan Africa,7692913.97
2013-06-30,Lesotho,Sub-Saharan Africa,4916250.0
2013-07-31,Lesotho,Sub-Saharan Africa,107263.74
2013-08-31,Lesotho,Sub-Saharan Africa,11575980.1
2013-09-30,Lesotho,Sub-Saharan Africa,5325432.08
2013-10-31,Lesotho,Sub-Saharan Africa,6539339.81
2013-11-30,Lesotho,Sub-Saharan Africa,4348129.17
2013-12-31,Lesotho,Sub-Saharan Africa,3811653.56
2014-01-31,Lesotho,Sub-Saharan Africa,901232.16
2014-02-28,Lesotho,Sub-Saharan Africa,2814376.9699999997
2014-03-31,Lesotho,Sub-Saharan Africa,0.0
2014-04-30,Lesotho,Sub-Saharan Africa,1599336.6099999999
2014-05-31,Lesotho,Sub-Saharan Africa,6968287.42
2014-06-30,Lesotho,Sub-Saharan Africa,2509040.84
2014-07-31,Lesotho,Sub-Saharan Africa,3098992.02
2014-08-31,Lesotho,Sub-Saharan Africa,2663675.4000000004
2014-09-30,Lesotho,Sub-Saharan Africa,6041683.9399999995
2014-10-31,Lesotho,Sub-Saharan Africa,160376.46
2014-11-30,Lesotho,Sub-Saharan Africa,9584934.21
2014-12-31,Lesotho,Sub-Saharan Africa,2678607.15
2015-01-31,Lesotho,Sub-Saharan Africa,5735473.3
2015-02-28,Lesotho,Sub-Saharan Africa,0.0
2015-03-31,Lesotho,Sub-Saharan Africa,5052033.42
2015-04-30,Lesotho,Sub-Saharan Africa,553952.87
2015-05-31,Lesotho,Sub-Saharan Africa,6059437.03
2015-06-30,Lesotho,Sub-Saharan Africa,774795.2
2015-07-31,Lesotho,Sub-Saharan Africa,2438046.9899999998
2015-08-31,Lesotho,Sub-Saharan Africa,4491917.33
2015-09-30,Lesotho,Sub-Saharan Africa,2583177.2800000003
2015-10-31,Lesotho,Sub-Saharan Africa,7152343.4
2015-11-30,Lesotho,Sub-Saharan Africa,1224284.71
2015-12-31,Lesotho,Sub-Saharan Africa,1723089.98
2016-01-31,Lesotho,Sub-Saharan Africa,328091.5
2016-02-29,Lesotho,Sub-Saharan Africa,456664.7
2016-03-31,Lesotho,Sub-Saharan Africa,58600.75
2016-04-30,Lesotho,Sub-Saharan Africa,4133532.4000000004
2016-05-31,Lesotho,Sub-Saharan Africa,2804802.8099999996
2016-06-30,Lesotho,Sub-Saharan Africa,45316.26
2016-07-31,Lesotho,Sub-Saharan Africa,901273.99
2016-08-31,Lesotho,Sub-Saharan Africa,10951862.48
2016-09-30,Lesotho,Sub-Saharan Africa,3923498.05
2016-10-31,Lesotho,Sub-Saharan Africa,5174516.390000001
2016-11-30,Lesotho,Sub-Saharan Africa,7273252.4399999995
2016-12-31,Lesotho,Sub-Saharan Africa,0.0
2017-01-31,Lesotho,Sub-Saharan Africa,3807392.87
2017-02-28,Lesotho,Sub-Saharan Africa,5220977.17
2017-03-31,Lesotho,Sub-Saharan Africa,9369008.0
2017-04-30,Lesotho,Sub-Saharan Africa,2579601.56
2017-05-31,Lesotho,Sub-Saharan Africa,26935.71
2017-06-30,Lesotho,Sub-Saharan Africa,5767363.57
2010-01-31,Liberia,Sub-Saharan Africa,1126868.19
2010-02-28,Liberia,Sub-Saharan Africa,16710.03
2010-03-31,Liberia,Sub-Saharan Africa,4837944.6
2010-04-30,Liberia,Sub-Saharan Africa,3912797.3899999997
2010-05-31,Liberia,Sub-Saharan Africa,5033202.09
2010-06-30,Liberia,Sub-Saharan Africa,2430860.48
2010-07-31,Liberia,Sub-Saharan Africa,0.0
2010-08-31,Liberia,Sub-Saharan Africa,1698076.48
2010-09-30,Liberia,Sub-Saharan Africa,2471322.18
2010-10-31,Liberia,Sub-Saharan Africa,8017250.68
2010-11-30,Liberia,Sub-Saharan Africa,3235097.74
2010-12-31,Liberia,Sub-Saharan Africa,7635156.86
2011-01-31,Liberia,Sub-Saharan Africa,385276.1
2011-02-28,Liberia,Sub-Saharan Africa,2916567.2199999997
2011-03-31,Liberia,Sub-Saharan Africa,2433876.15
2011-04-30,Liberia,Sub-Saharan Africa,4897097.17
2011-05-31,Liberia,Sub-Saharan Africa,393034.8
2011-06-30,Liberia,Sub-Saharan Africa,428139.48
2011-07-31,Liberia,Sub-Saharan Africa,4482352.41
2011-08-31,Liberia,Sub-Saharan Africa,1827865.3
2011-09-30,Liberia,Sub-Saharan Africa,7486913.28
2011-10-31,Liberia,Sub-Saharan Africa,1906356.3099999998
2011-11-30,Liberia,Sub-Saharan Africa,6260688.86
2011-12-31,Liberia,Sub-Saharan Africa,2120337.19
2012-01-31,Liberia,Sub-Saharan Africa,5162827.0
2012-02-29,Liberia,Sub-Saharan Africa,8458876.46
2012-03-31,Liberia,Sub-Saharan Africa,0.0
2012-04-30,Liberia,Sub-Saharan Africa,3378319.0
2012-05-31,Liberia,Sub-Saharan Africa,1229631.4000000001
2012-06-30,Liberia,Sub-Saharan Africa,909376.0
2012-07-31,Liberia,Sub-Saharan Africa,0.0
2012-08-31,Liberia,Sub-Saharan Africa,1964071.08
2012-09-30,Liberia,Sub-Saharan Africa,3094878.0
2012-10-31,Liberia,Sub-Saharan Africa,4752645.66
2012-11-30,Liberia,Sub-Saharan Africa,410856.71
2012-12-31,Liberia,Sub-Saharan Africa,8257720.78
2013-01-31,Liberia,Sub-Saharan Africa,3484320.88
2013-02-28,Liberia,Sub-Saharan Africa,1518107.24
2013-03-31,Liberia,Sub-Saharan Africa,2604606.25
2013-04-30,Liberia,Sub-Saharan Africa,3229956.6
2013-05-31,Liberia,Sub-Saharan Africa,12395148.77
2013-06-30,Liberia,Sub-Saharan Africa,5934409.75
2013-07-31,Liberia,Sub-Saharan Africa,9459776.440000001
2013-08-31,Liberia,Sub-Saharan Africa,2727209.87
2013-09-30,Liberia,Sub-Saharan Africa,1478283.1400000001
2013-10-31,Liberia,Sub-Saharan Africa,2844108.14
2013-11-30,Liberia,Sub-Saharan Africa,3750214.77
2013-12-31,Liberia,Sub-Saharan Africa,3929220.8899999997
2014-01-31,Liberia,Sub-Saharan Africa,14057312.540000001
2014-02-28,Liberia,Sub-Saharan Africa,919773.84
2014-03-31,Liberia,Sub-Saharan Africa,11816180.4
2014-04-30,Liberia,Sub-Saharan Africa,6438357.27
2014-05-31,Liberia,Sub-Saharan Africa,3689006.16
2014-06-30,Liberia,Sub-Saharan Africa,310195.6
2014-07-31,Liberia,Sub-Saharan Africa,1296165.56
2014-08-31,Liberia,Sub-Saharan Africa,8041406.880000001
2014-09-30,Liberia,Sub-Saharan Africa,0.0
2014-10-31,Liberia,Sub-Saharan Africa,7122688.47
2014-11-30,Liberia,Sub-Saharan Africa,3849813.2699999996
2014-12-31,Liberia,Sub-Saharan Africa,0.0
2015-01-31,Liberia,Sub-Saharan Africa,261738.79
2015-02-28,Liberia,Sub-Saharan Africa,481237.32
2015-03-31,Liberia,Sub-Saharan Africa,3517541.14
2015-04-30,Liberia,Sub-Saharan Africa,6635215.74
2015-05-31,Liberia,Sub-Saharan Africa,5859525.88
2015-06-30,Liberia,Sub-Saharan Africa,867439.0800000001
2015-07-31,Liberia,Sub-Saharan Africa,2573796.47
2015-08-31,Liberia,Sub-Saharan Africa,6929508.16
2015-09-30,Liberia,Sub-Saharan Africa,1715329.56
2015-10-31,Liberia,Sub-Saharan Africa,3614331.13
2015-11-30,Liberia,Sub-Saharan Africa,8245247.62
2015-12-31,Liberia,Sub-Saharan Africa,7637206.2299999995
2016-01-31,Liberia,Sub-Saharan Africa,1451116.38
2016-02-29,Liberia,Sub-Saharan Africa,10105578.94
2016-03-31,Liberia,Sub-Saharan Africa,11051702.38
2016-04-30,Liberia,Sub-Saharan Africa,3231800.1
2016-05-31,Liberia,Sub-Saharan Africa,1669580.23
2016-06-30,Liberia,Sub-Saharan Africa,834866.33
2016-07-31,Liberia,Sub-Saharan Africa,347597.69
2016-08-31,Liberia,Sub-Saharan Africa,4716062.82
2016-09-30,Liberia,Sub-Saharan Africa,6243955.33
2016-10-31,Liberia,Sub-Saharan Africa,6280441.350000001
2016-11-30,Liberia,Sub-Saharan Africa,8567764.88
2016-12-31,Liberia,Sub-Saharan Africa,838391.7000000001
2017-01-31,Liberia,Sub-Saharan Africa,5062514.32
2017-02-28,Liberia,Sub-Saharan Africa,77970.42
2017-03-31,Liberia,Sub-Saharan Africa,1174626.55
2017-04-30,Liberia,Sub-Saharan Africa,0.0
2017-05-31,Liberia,Sub-Saharan Africa,136325.64
2017-06-30,Liberia,Sub-Saharan Africa,4627618.5
2010-01-31,Libya,Middle East and North Africa,7496591.34
2010-02-28,Libya,Middle East and North Africa,2390279.77
2010-03-31,Libya,Middle East and North Africa,7243936.53
2010-04-30,Libya,Middle East and North Africa,461493.63
2010-05-31,Libya,Middle East and North Africa,1344677.1400000001
2010-06-30,Libya,Middle East and North Africa,1147084.8499999999
2010-07-31,Libya,Middle East and North Africa,5728607.22
2010-08-31,Libya,Middle East and North Africa,6733688.47
2010-09-30,Libya,Middle East and North Africa,2496223.36
2010-10-31,Libya,Middle East and North Africa,437024.82
2010-11-30,Libya,Middle East and North Africa,610517.6
2010-12-31,Libya,Middle East and North Africa,419600.35
2011-01-31,Libya,Middle East and North Africa,6475432.949999999
2011-02-28,Libya,Middle East and North Africa,1670489.7
2011-03-31,Libya,Middle East and North Africa,6470642.49
2011-04-30,Libya,Middle East and North Africa,0.0
2011-05-31,Libya,Middle East and North Africa,5970487.27
2011-06-30,Libya,Middle East and North Africa,8891091.450000001
2011-07-31,Libya,Middle East and North Africa,8443927.04
2011-08-31,Libya,Middle East and North Africa,38001.09
2011-09-30,Libya,Middle East and North Africa,7195599.8
2011-10-31,Libya,Middle East and North Africa,5541146.84
2011-11-30,Libya,Middle East and North Africa,1632391.54
2011-12-31,Libya,Middle East and North Africa,3517732.03
2012-01-31,Libya,Middle East and North Africa,1769225.7
2012-02-29,Libya,Middle East and North Africa,2680201.2800000003
2012-03-31,Libya,Middle East and North Africa,6666921.33
2012-04-30,Libya,Middle East and North Africa,405290.22000000003
2012-05-31,Libya,Middle East and North Africa,3756831.23
2012-06-30,Libya,Middle East and North Africa,3545724.17
2012-07-31,Libya,Middle East and North Africa,3848842.9299999997
2012-08-31,Libya,Middle East and North Africa,2224575.0
2012-09-30,Libya,Middle East and North Africa,2034071.04
2012-10-31,Libya,Middle East and North Africa,4164126.66
2012-11-30,Libya,Middle East and North Africa,2007484.78
2012-12-31,Libya,Middle East and North Africa,6307132.26
2013-01-31,Libya,Middle East and North Africa,317349.12
2013-02-28,Libya,Middle East and North Africa,4488608.52
2013-03-31,Libya,Middle East and North Africa,6562205.87
2013-04-30,Libya,Middle East and North Africa,4425458.3100000005
2013-05-31,Libya,Middle East and North Africa,3707018.79
2013-06-30,Libya,Middle East and North Africa,787795.47
2013-07-31,Libya,Middle East and North Africa,1596819.27
2013-08-31,Libya,Middle East and North Africa,11357242.25
2013-09-30,Libya,Middle East and North Africa,0.0
2013-10-31,Libya,Middle East and North Africa,5801457.74
2013-11-30,Libya,Middle East and North Africa,3982635.26
2013-12-31,Libya,Middle East and North Africa,10318336.48
2014-01-31,Libya,Middle East and North Africa,7884671.34
2014-02-28,Libya,Middle East and North Africa,1542882.21
2014-03-31,Libya,Middle East and North Africa,5268797.91
2014-04-30,Libya,Middle East and North Africa,4271958.46
2014-05-31,Libya,Middle East and North Africa,1619887.5
2014-06-30,Libya,Middle East and North Africa,6892019.49
2014-07-31,Libya,Middle East and North Africa,498817.12
2014-08-31,Libya,Middle East and North Africa,8171310.07
2014-09-30,Libya,Middle East and North Africa,0.0
2014-10-31,Libya,Middle East and North Africa,9683182.42
2014-11-30,Libya,Middle East and North Africa,7847206.24
2014-12-31,Libya,Middle East and North Africa,1015515.86
2015-01-31,Libya,Middle East and North Africa,6233935.6
2015-02-28,Libya,Middle East and North Africa,2010802.67
2015-03-31,Libya,Middle East and North Africa,3853788.6100000003
2015-04-30,Libya,Middle East and North Africa,10692815.290000001
2015-05-31,Libya,Middle East and North Africa,4033636.5600000005
2015-06-30,Libya,Middle East and North Africa,315360.82
2015-07-31,Libya,Middle East and North Africa,4873968.6
2015-08-31,Libya,Middle East and North Africa,6055303.57
2015-09-30,Libya,Middle East and North Africa,16254702.73
2015-10-31,Libya,Middle East and North Africa,62231.1
2015-11-30,Libya,Middle East and North Africa,3369556.7199999997
2015-12-31,Libya,Middle East and North Africa,7122670.95
2016-01-31,Libya,Middle East and North Africa,6958723.399999999
2016-02-29,Libya,Middle East and North Africa,9350970.8
2016-03-31,Libya,Middle East and North Africa,1182706.31
2016-04-30,Libya,Middle East and North Africa,7024098.36
2016-05-31,Libya,Middle East and North Africa,1078653.36
2016-06-30,Libya,Middle East and North Africa,8262970.670000001
2016-07-31,Libya,Middle East and North Africa,330086.0
2016-08-31,Libya,Middle East and North Africa,2835705.97
2016-09-30,Libya,Middle East and North Africa,3086254.86
2016-10-31,Libya,Middle East and North Africa,6787985.53
2016-11-30,Libya,Middle East and North Africa,5032983.4
2016-12-31,Libya,Middle East and North Africa,8269116.12
2017-01-31,Libya,Middle East and North Africa,10025731.75
2017-02-28,Libya,Middle East and North Africa,7910092.29
2017-03-31,Libya,Middle East and North Africa,4854660.640000001
2017-04-30,Libya,Middle East and North Africa,3500945.77
2017-05-31,Libya,Middle East and North Africa,2212794.7600000002
2017-06-30,Libya,Middle East and North Africa,615902.08
2010-01-31,Liechtenstein,Europe,3177021.7
2010-02-28,Liechtenstein,Europe,1193777.08
2010-03-31,Liechtenstein,Europe,1011760.78
2010-04-30,Liechtenstein,Europe,385578.7
2010-05-31,Liechtenstein,Europe,4727415.57
2010-06-30,Liechtenstein,Europe,365102.72
2010-07-31,Liechtenstein,Europe,7018590.77
2010-08-31,Liechtenstein,Europe,15084103.200000001
2010-09-30,Liechtenstein,Europe,3331582.05
2010-10-31,Liechtenstein,Europe,2892170.92
2010-11-30,Liechtenstein,Europe,10854618.91
2010-12-31,Liechtenstein,Europe,6376918.24
2011-01-31,Liechtenstein,Europe,1058752.62
2011-02-28,Liechtenstein,Europe,3799435.1399999997
2011-03-31,Liechtenstein,Europe,616244.4099999999
2011-04-30,Liechtenstein,Europe,8113637.98
2011-05-31,Liechtenstein,Europe,835926.65
2011-06-30,Liechtenstein,Europe,1681456.0899999999
2011-07-31,Liechtenstein,Europe,1455344.69
2011-08-31,Liechtenstein,Europe,4009290.98
2011-09-30,Liechtenstein,Europe,3507099.93
2011-10-31,Liechtenstein,Europe,3765762.76
2011-11-30,Liechtenstein,Europe,4137985.9699999997
2011-12-31,Liechtenstein,Europe,10866813.94
2012-01-31,Liechtenstein,Europe,4798101.65
2012-02-29,Liechtenstein,Europe,5620900.529999999
2012-03-31,Liechtenstein,Europe,2083866.32
2012-04-30,Liechtenstein,Europe,734420.47
2012-05-31,Liechtenstein,Europe,2039673.48
2012-06-30,Liechtenstein,Europe,4085029.48
2012-07-31,Liechtenstein,Europe,2255711.27
2012-08-31,Liechtenstein,Europe,4315768.86
2012-09-30,Liechtenstein,Europe,2765486.62
2012-10-31,Liechtenstein,Europe,1362167.6
2012-11-30,Liechtenstein,Europe,1707025.1199999999
2012-12-31,Liechtenstein,Europe,7275424.66
2013-01-31,Liechtenstein,Europe,375041.64
2013-02-28,Liechtenstein,Europe,4248036.140000001
2013-03-31,Liechtenstein,Europe,5157648.87
2013-04-30,Liechtenstein,Europe,8843063.76
2013-05-31,Liechtenstein,Europe,13232357.86
2013-06-30,Liechtenstein,Europe,2117096.38
2013-07-31,Liechtenstein,Europe,3353543.08
2013-08-31,Liechtenstein,Europe,3474537.6
2013-09-30,Liechtenstein,Europe,3534827.71
2013-10-31,Liechtenstein,Europe,990684.35
2013-11-30,Liechtenstein,Europe,2048574.6
2013-12-31,Liechtenstein,Europe,1847391.7
2014-01-31,Liechtenstein,Europe,4466143.41
2014-02-28,Liechtenstein,Europe,6325310.7
2014-03-31,Liechtenstein,Europe,2041714.98
2014-04-30,Liechtenstein,Europe,3717403.7399999998
2014-05-31,Liechtenstein,Europe,6505571.75
2014-06-30,Liechtenstein,Europe,0.0
2014-07-31,Liechtenstein,Europe,60071.7
2014-08-31,Liechtenstein,Europe,4494443.36
2014-09-30,Liechtenstein,Europe,522417.46
2014-10-31,Liechtenstein,Europe,1658113.5899999999
2014-11-30,Liechtenstein,Europe,1427352.3
2014-12-31,Liechtenstein,Europe,3630071.6
2015-01-31,Liechtenstein,Europe,1485283.9000000001
2015-02-28,Liechtenstein,Europe,1810208.16
2015-03-31,Liechtenstein,Europe,11419.92
2015-04-30,Liechtenstein,Europe,1972792.22
2015-05-31,Liechtenstein,Europe,802012.2899999999
2015-06-30,Liechtenstein,Europe,1949474.8
2015-07-31,Liechtenstein,Europe,8787972.35
2015-08-31,Liechtenstein,Europe,1713464.29
2015-09-30,Liechtenstein,Europe,5719624.37
2015-10-31,Liechtenstein,Europe,1025093.74
2015-11-30,Liechtenstein,Europe,2072342.2000000002
2015-12-31,Liechtenstein,Europe,5522444.17
2016-01-31,Liechtenstein,Europe,3989101.62
2016-02-29,Liechtenstein,Europe,1621303.63
2016-03-31,Liechtenstein,Europe,9998991.53
2016-04-30,Liechtenstein,Europe,1168221.45
2016-05-31,Liechtenstein,Europe,1370157.01
2016-06-30,Liechtenstein,Europe,3305877.1999999997
2016-07-31,Liechtenstein,Europe,12912395.16
2016-08-31,Liechtenstein,Europe,4522640.33
2016-09-30,Liechtenstein,Europe,0.0
2016-10-31,Liechtenstein,Europe,9978832.46
2016-11-30,Liechtenstein,Europe,3851140.04
2016-12-31,Liechtenstein,Europe,3246117.63
2017-01-31,Liechtenstein,Europe,1225766.3
2017-02-28,Liechtenstein,Europe,926191.38
2017-03-31,Liechtenstein,Europe,4109842.35
2017-04-30,Liechtenstein,Europe,5332243.12
2017-05-31,Liechtenstein,Europe,4120292.4699999997
2017-06-30,Liechtenstein,Europe,368806.47000000003
2010-01-31,Lithuania,Europe,3678841.96
2010-02-28,Lithuania,Europe,431207.48
2010-03-31,Lithuania,Europe,9230332.92
2010-04-30,Lithuania,Europe,55961.6
2010-05-31,Lithuania,Europe,3161902.72
2010-06-30,Lithuania,Europe,2457277.04
2010-07-31,Lithuania,Europe,3306773.82
2010-08-31,Lithuania,Europe,2451997.64
2010-09-30,Lithuania,Europe,6757663.84
2010-10-31,Lithuania,Europe,2205119.14
2010-11-30,Lithuania,Europe,9044327.45
2010-12-31,Lithuania,Europe,833520.16
2011-01-31,Lithuania,Europe,4937722.04
2011-02-28,Lithuania,Europe,8659890.190000001
2011-03-31,Lithuania,Europe,377503.85
2011-04-30,Lithuania,Europe,7806849.83
2011-05-31,Lithuania,Europe,2368684.16
2011-06-30,Lithuania,Europe,2123051.96
2011-07-31,Lithuania,Europe,4325119.58
2011-08-31,Lithuania,Europe,2161299.68
2011-09-30,Lithuania,Europe,3592812.51
2011-10-31,Lithuania,Europe,674555.75
2011-11-30,Lithuania,Europe,5698361.140000001
2011-12-31,Lithuania,Europe,0.0
2012-01-31,Lithuania,Europe,1756222.28
2012-02-29,Lithuania,Europe,2400214.13
2012-03-31,Lithuania,Europe,11273700.61
2012-04-30,Lithuania,Europe,3684257.52
2012-05-31,Lithuania,Europe,1333288.97
2012-06-30,Lithuania,Europe,10721705.43
2012-07-31,Lithuania,Europe,3631262.6999999997
2012-08-31,Lithuania,Europe,2397452.96
2012-09-30,Lithuania,Europe,233786.15
2012-10-31,Lithuania,Europe,9958617.11
2012-11-30,Lithuania,Europe,5619662.27
2012-12-31,Lithuania,Europe,5042051.390000001
2013-01-31,Lithuania,Europe,3460934.36
2013-02-28,Lithuania,Europe,3509556.87
2013-03-31,Lithuania,Europe,1383174.31
2013-04-30,Lithuania,Europe,18619550.11
2013-05-31,Lithuania,Europe,1613624.88
2013-06-30,Lithuania,Europe,3170062.0700000003
2013-07-31,Lithuania,Europe,7149182.37
2013-08-31,Lithuania,Europe,7994393.99
2013-09-30,Lithuania,Europe,36498.96
2013-10-31,Lithuania,Europe,548913.44
2013-11-30,Lithuania,Europe,823611.87
2013-12-31,Lithuania,Europe,4822439.56
2014-01-31,Lithuania,Europe,1453779.6900000002
2014-02-28,Lithuania,Europe,2840046.16
2014-03-31,Lithuania,Europe,2800927.71
2014-04-30,Lithuania,Europe,1800013.0300000003
2014-05-31,Lithuania,Europe,1374986.43
2014-06-30,Lithuania,Europe,6157190.55
2014-07-31,Lithuania,Europe,623333.12
2014-08-31,Lithuania,Europe,7773708.84
2014-09-30,Lithuania,Europe,10680332.84
2014-10-31,Lithuania,Europe,494601.28
2014-11-30,Lithuania,Europe,1194059.09
2014-12-31,Lithuania,Europe,5570867.05
2015-01-31,Lithuania,Europe,2656621.95
2015-02-28,Lithuania,Europe,1792276.88
2015-03-31,Lithuania,Europe,3277378.7199999997
2015-04-30,Lithuania,Europe,3826374.4
2015-05-31,Lithuania,Europe,752299.4099999999
2015-06-30,Lithuania,Europe,0.0
2015-07-31,Lithuania,Europe,906782.94
2015-08-31,Lithuania,Europe,3406337.84
2015-09-30,Lithuania,Europe,8012436.08
2015-10-31,Lithuania,Europe,1585381.52
2015-11-30,Lithuania,Europe,12869109.61
2015-12-31,Lithuania,Europe,8030754.300000001
2016-01-31,Lithuania,Europe,15090459.31
2016-02-29,Lithuania,Europe,7661071.11
2016-03-31,Lithuania,Europe,2192722.16
2016-04-30,Lithuania,Europe,3733219.82
2016-05-31,Lithuania,Europe,5497451.529999999
2016-06-30,Lithuania,Europe,5156139.5
2016-07-31,Lithuania,Europe,3901636.4400000004
2016-08-31,Lithuania,Europe,1801781.1800000002
2016-09-30,Lithuania,Europe,2468536.2199999997
2016-10-31,Lithuania,Europe,6445690.89
2016-11-30,Lithuania,Europe,1112278.26
2016-12-31,Lithuania,Europe,6776800.62
2017-01-31,Lithuania,Europe,2878118.2600000002
2017-02-28,Lithuania,Europe,1260145.81
2017-03-31,Lithuania,Europe,598175.6
2017-04-30,Lithuania,Europe,791881.97
2017-05-31,Lithuania,Europe,5896152.43
2017-06-30,Lithuania,Europe,11553772.379999999
2010-01-31,Luxembourg,Europe,953471.4
2010-02-28,Luxembourg,Europe,6091434.15
2010-03-31,Luxembourg,Europe,2511470.51
2010-04-30,Luxembourg,Europe,2392094.29
2010-05-31,Luxembourg,Europe,4817876.5600000005
2010-06-30,Luxembourg,Europe,3629702.0599999996
2010-07-31,Luxembourg,Europe,8855732.27
2010-08-31,Luxembourg,Europe,4950293.88
2010-09-30,Luxembourg,Europe,373146.8
2010-10-31,Luxembourg,Europe,1223285.6
2010-11-30,Luxembourg,Europe,199301.04
2010-12-31,Luxembourg,Europe,1502146.71
2011-01-31,Luxembourg,Europe,9721078.19
2011-02-28,Luxembourg,Europe,0.0
2011-03-31,Luxembourg,Europe,84888.05
2011-04-30,Luxembourg,Europe,0.0
2011-05-31,Luxembourg,Europe,1972142.69
2011-06-30,Luxembourg,Europe,5320492.279999999
2011-07-31,Luxembourg,Europe,2860565.56
2011-08-31,Luxembourg,Europe,1524420.42
2011-09-30,Luxembourg,Europe,4096126.8
2011-10-31,Luxembourg,Europe,9522050.879999999
2011-11-30,Luxembourg,Europe,4089041.8
2011-12-31,Luxembourg,Europe,935112.2
2012-01-31,Luxembourg,Europe,1574071.44
2012-02-29,Luxembourg,Europe,156758.14
2012-03-31,Luxembourg,Europe,623065.3
2012-04-30,Luxembourg,Europe,5723343.28
2012-05-31,Luxembourg,Europe,10252882.32
2012-06-30,Luxembourg,Europe,6339612.15
2012-07-31,Luxembourg,Europe,3768201.15
2012-08-31,Luxembourg,Europe,54697.21
2012-09-30,Luxembourg,Europe,4709188.53
2012-10-31,Luxembourg,Europe,5356973.53
2012-11-30,Luxembourg,Europe,2197068.49
2012-12-31,Luxembourg,Europe,2270126.57
2013-01-31,Luxembourg,Europe,4306792.779999999
2013-02-28,Luxembourg,Europe,2551175.07
2013-03-31,Luxembourg,Europe,6150867.4
2013-04-30,Luxembourg,Europe,473948.69
2013-05-31,Luxembourg,Europe,23193595.96
2013-06-30,Luxembourg,Europe,3667659.5100000002
2013-07-31,Luxembourg,Europe,5830912.6
2013-08-31,Luxembourg,Europe,1958608.0
2013-09-30,Luxembourg,Europe,1507125.99
2013-10-31,Luxembourg,Europe,4913288.99
2013-11-30,Luxembourg,Europe,7658626.8
2013-12-31,Luxembourg,Europe,2888868.69
2014-01-31,Luxembourg,Europe,14810754.1
2014-02-28,Luxembourg,Europe,3619651.16
2014-03-31,Luxembourg,Europe,9086679.14
2014-04-30,Luxembourg,Europe,11207538.49
2014-05-31,Luxembourg,Europe,2138871.34
2014-06-30,Luxembourg,Europe,7950721.64
2014-07-31,Luxembourg,Europe,761440.99
2014-08-31,Luxembourg,Europe,2931291.72
2014-09-30,Luxembourg,Europe,8403363.47
2014-10-31,Luxembourg,Europe,2602125.97
2014-11-30,Luxembourg,Europe,2460271.38
2014-12-31,Luxembourg,Europe,3740550.24
2015-01-31,Luxembourg,Europe,6250909.2
2015-02-28,Luxembourg,Europe,3045628.15
2015-03-31,Luxembourg,Europe,4803077.13
2015-04-30,Luxembourg,Europe,6635367.220000001
2015-05-31,Luxembourg,Europe,839658.16
2015-06-30,Luxembourg,Europe,663999.6
2015-07-31,Luxembourg,Europe,12391852.57
2015-08-31,Luxembourg,Europe,9181231.58
2015-09-30,Luxembourg,Europe,2041911.2399999998
2015-10-31,Luxembourg,Europe,5133936.95
2015-11-30,Luxembourg,Europe,3239164.65
2015-12-31,Luxembourg,Europe,677991.72
2016-01-31,Luxembourg,Europe,2510383.13
2016-02-29,Luxembourg,Europe,0.0
2016-03-31,Luxembourg,Europe,1645752.88
2016-04-30,Luxembourg,Europe,1155351.5499999998
2016-05-31,Luxembourg,Europe,2060588.6
2016-06-30,Luxembourg,Europe,852405.8300000001
2016-07-31,Luxembourg,Europe,2792887.76
2016-08-31,Luxembourg,Europe,2361972.5999999996
2016-09-30,Luxembourg,Europe,2575372.38
2016-10-31,Luxembourg,Europe,4178275.25
2016-11-30,Luxembourg,Europe,7494750.95
2016-12-31,Luxembourg,Europe,4695201.51
2017-01-31,Luxembourg,Europe,4667392.16
2017-02-28,Luxembourg,Europe,459847.7
2017-03-31,Luxembourg,Europe,1483919.8
2017-04-30,Luxembourg,Europe,6843777.21
2017-05-31,Luxembourg,Europe,211394.85
2017-06-30,Luxembourg,Europe,2041445.98
2010-01-31,Macedonia,Europe,30649.3
2010-02-28,Macedonia,Europe,9869478.1
2010-03-31,Macedonia,Europe,10668595.54
2010-04-30,Macedonia,Europe,8757598.09
2010-05-31,Macedonia,Europe,6577862.34
2010-06-30,Macedonia,Europe,11765313.24
2010-07-31,Macedonia,Europe,300358.5
2010-08-31,Macedonia,Europe,6038294.37
2010-09-30,Macedonia,Europe,8767131.280000001
2010-10-31,Macedonia,Europe,817819.04
2010-11-30,Macedonia,Europe,9548275.67
2010-12-31,Macedonia,Europe,1603170.0499999998
2011-01-31,Macedonia,Europe,4708833.399999999
2011-02-28,Macedonia,Europe,1475309.3699999999
2011-03-31,Macedonia,Europe,1049634.4
2011-04-30,Macedonia,Europe,11592165.559999999
2011-05-31,Macedonia,Europe,12425277.11
2011-06-30,Macedonia,Europe,6724124.21
2011-07-31,Macedonia,Europe,7322422.760000001
2011-08-31,Macedonia,Europe,65349.44
2011-09-30,Macedonia,Europe,2797197.55
2011-10-31,Macedonia,Europe,10614914.6
2011-11-30,Macedonia,Europe,4814471.18
2011-12-31,Macedonia,Europe,0.0
2012-01-31,Macedonia,Europe,3831532.43
2012-02-29,Macedonia,Europe,738144.69
2012-03-31,Macedonia,Europe,6931020.22
2012-04-30,Macedonia,Europe,5393260.93
2012-05-31,Macedonia,Europe,4608218.57
2012-06-30,Macedonia,Europe,7318589.22
2012-07-31,Macedonia,Europe,6928429.04
2012-08-31,Macedonia,Europe,1579148.31
2012-09-30,Macedonia,Europe,3591458.4399999995
2012-10-31,Macedonia,Europe,3485611.9
2012-11-30,Macedonia,Europe,9191967.040000001
2012-12-31,Macedonia,Europe,4864516.91
2013-01-31,Macedonia,Europe,2630363.9899999998
2013-02-28,Macedonia,Europe,7534876.69
2013-03-31,Macedonia,Europe,2711547.3499999996
2013-04-30,Macedonia,Europe,6225355.89
2013-05-31,Macedonia,Europe,6693400.390000001
2013-06-30,Macedonia,Europe,1607956.9
2013-07-31,Macedonia,Europe,2147166.11
2013-08-31,Macedonia,Europe,5988773.369999999
2013-09-30,Macedonia,Europe,881738.34
2013-10-31,Macedonia,Europe,5531409.72
2013-11-30,Macedonia,Europe,96751.12
2013-12-31,Macedonia,Europe,2643946.17
2014-01-31,Macedonia,Europe,1046903.28
2014-02-28,Macedonia,Europe,6969791.92
2014-03-31,Macedonia,Europe,765627.54
2014-04-30,Macedonia,Europe,135397.06
2014-05-31,Macedonia,Europe,12341493.06
2014-06-30,Macedonia,Europe,1184550.99
2014-07-31,Macedonia,Europe,3800807.01
2014-08-31,Macedonia,Europe,3026435.08
2014-09-30,Macedonia,Europe,992454.52
2014-10-31,Macedonia,Europe,93334.15
2014-11-30,Macedonia,Europe,4732319.0
2014-12-31,Macedonia,Europe,2468184.5900000003
2015-01-31,Macedonia,Europe,1713805.6199999999
2015-02-28,Macedonia,Europe,9667939.99
2015-03-31,Macedonia,Europe,4708871.89
2015-04-30,Macedonia,Europe,2257591.09
2015-05-31,Macedonia,Europe,7913.68
2015-06-30,Macedonia,Europe,1112240.63
2015-07-31,Macedonia,Europe,9106095.6
2015-08-31,Macedonia,Europe,937309.0499999999
2015-09-30,Macedonia,Europe,1999829.92
2015-10-31,Macedonia,Europe,7195176.26
2015-11-30,Macedonia,Europe,3131566.81
2015-12-31,Macedonia,Europe,1814948.15
2016-01-31,Macedonia,Europe,2618897.33
2016-02-29,Macedonia,Europe,7254674.73
2016-03-31,Macedonia,Europe,1871521.71
2016-04-30,Macedonia,Europe,4854846.63
2016-05-31,Macedonia,Europe,13012656.21
2016-06-30,Macedonia,Europe,5534612.32
2016-07-31,Macedonia,Europe,4027842.98
2016-08-31,Macedonia,Europe,986537.2
2016-09-30,Macedonia,Europe,2651656.76
2016-10-31,Macedonia,Europe,1537453.14
2016-11-30,Macedonia,Europe,3112414.96
2016-12-31,Macedonia,Europe,6227211.95
2017-01-31,Macedonia,Europe,3216845.37
2017-02-28,Macedonia,Europe,9009183.190000001
2017-03-31,Macedonia,Europe,2254896.8
2017-04-30,Macedonia,Europe,958920.31
2017-05-31,Macedonia,Europe,11563159.83
2017-06-30,Macedonia,Europe,385683.87
2010-02-28,Madagascar,Sub-Saharan Africa,7265011.66
2010-03-31,Madagascar,Sub-Saharan Africa,2865414.77
2010-04-30,Madagascar,Sub-Saharan Africa,529042.04
2010-05-31,Madagascar,Sub-Saharan Africa,6453164.140000001
2010-06-30,Madagascar,Sub-Saharan Africa,1783147.44
2010-07-31,Madagascar,Sub-Saharan Africa,2234848.0999999996
2010-08-31,Madagascar,Sub-Saharan Africa,458983.85
2010-09-30,Madagascar,Sub-Saharan Africa,758170.02
2010-10-31,Madagascar,Sub-Saharan Africa,6702222.58
2010-11-30,Madagascar,Sub-Saharan Africa,110511.05
2010-12-31,Madagascar,Sub-Saharan Africa,5868738.02
2011-01-31,Madagascar,Sub-Saharan Africa,2861634.85
2011-02-28,Madagascar,Sub-Saharan Africa,0.0
2011-03-31,Madagascar,Sub-Saharan Africa,3214114.61
2011-04-30,Madagascar,Sub-Saharan Africa,1986766.71
2011-05-31,Madagascar,Sub-Saharan Africa,7291169.0
2011-06-30,Madagascar,Sub-Saharan Africa,794641.48
2011-07-31,Madagascar,Sub-Saharan Africa,6013395.0600000005
2011-08-31,Madagascar,Sub-Saharan Africa,1880270.6600000001
2011-09-30,Madagascar,Sub-Saharan Africa,712522.14
2011-10-31,Madagascar,Sub-Saharan Africa,7187206.2
2011-11-30,Madagascar,Sub-Saharan Africa,4890706.319999999
2011-12-31,Madagascar,Sub-Saharan Africa,410440.2
2012-01-31,Madagascar,Sub-Saharan Africa,5351233.73
2012-02-29,Madagascar,Sub-Saharan Africa,4279697.34
2012-03-31,Madagascar,Sub-Saharan Africa,11957776.76
2012-04-30,Madagascar,Sub-Saharan Africa,4241268.25
2012-05-31,Madagascar,Sub-Saharan Africa,2216402.86
2012-06-30,Madagascar,Sub-Saharan Africa,7970263.46
2012-07-31,Madagascar,Sub-Saharan Africa,2750769.54
2012-08-31,Madagascar,Sub-Saharan Africa,2942796.03
2012-09-30,Madagascar,Sub-Saharan Africa,4642521.8
2012-10-31,Madagascar,Sub-Saharan Africa,4840550.2
2012-11-30,Madagascar,Sub-Saharan Africa,798857.4
2012-12-31,Madagascar,Sub-Saharan Africa,1290727.52
2013-01-31,Madagascar,Sub-Saharan Africa,1107383.28
2013-02-28,Madagascar,Sub-Saharan Africa,2071890.8
2013-03-31,Madagascar,Sub-Saharan Africa,5522499.33
2013-04-30,Madagascar,Sub-Saharan Africa,3967196.35
2013-05-31,Madagascar,Sub-Saharan Africa,189809.52
2013-06-30,Madagascar,Sub-Saharan Africa,3245870.66
2013-07-31,Madagascar,Sub-Saharan Africa,3723759.09
2013-08-31,Madagascar,Sub-Saharan Africa,5025131.69
2013-09-30,Madagascar,Sub-Saharan Africa,2218598.77
2013-10-31,Madagascar,Sub-Saharan Africa,4108672.17
2013-11-30,Madagascar,Sub-Saharan Africa,4424442.98
2013-12-31,Madagascar,Sub-Saharan Africa,1458035.46
2014-01-31,Madagascar,Sub-Saharan Africa,4950475.45
2014-02-28,Madagascar,Sub-Saharan Africa,1968885.39
2014-03-31,Madagascar,Sub-Saharan Africa,3545000.08
2014-04-30,Madagascar,Sub-Saharan Africa,676681.9
2014-05-31,Madagascar,Sub-Saharan Africa,7402165.79
2014-06-30,Madagascar,Sub-Saharan Africa,5311205.31
2014-07-31,Madagascar,Sub-Saharan Africa,6775811.41
2014-08-31,Madagascar,Sub-Saharan Africa,10914958.1
2014-09-30,Madagascar,Sub-Saharan Africa,1935978.19
2014-10-31,Madagascar,Sub-Saharan Africa,1256537.31
2014-11-30,Madagascar,Sub-Saharan Africa,460069.25
2014-12-31,Madagascar,Sub-Saharan Africa,265721.7
2015-01-31,Madagascar,Sub-Saharan Africa,4206617.26
2015-02-28,Madagascar,Sub-Saharan Africa,2008149.75
2015-03-31,Madagascar,Sub-Saharan Africa,8101805.54
2015-04-30,Madagascar,Sub-Saharan Africa,660813.66
2015-05-31,Madagascar,Sub-Saharan Africa,529461.6
2015-06-30,Madagascar,Sub-Saharan Africa,4856072.97
2015-07-31,Madagascar,Sub-Saharan Africa,2826603.09
2015-08-31,Madagascar,Sub-Saharan Africa,2408779.7
2015-09-30,Madagascar,Sub-Saharan Africa,3206461.75
2015-10-31,Madagascar,Sub-Saharan Africa,3555954.4
2015-11-30,Madagascar,Sub-Saharan Africa,1289805.6300000001
2015-12-31,Madagascar,Sub-Saharan Africa,7961107.98
2016-01-31,Madagascar,Sub-Saharan Africa,443855.22
2016-02-29,Madagascar,Sub-Saharan Africa,7566553.13
2016-03-31,Madagascar,Sub-Saharan Africa,3444901.82
2016-04-30,Madagascar,Sub-Saharan Africa,661132.21
2016-05-31,Madagascar,Sub-Saharan Africa,3644005.85
2016-06-30,Madagascar,Sub-Saharan Africa,3929847.74
2016-07-31,Madagascar,Sub-Saharan Africa,67940.46
2016-08-31,Madagascar,Sub-Saharan Africa,329653.16
2016-09-30,Madagascar,Sub-Saharan Africa,1440887.04
2016-10-31,Madagascar,Sub-Saharan Africa,2073307.36
2016-11-30,Madagascar,Sub-Saharan Africa,1483864.8900000001
2016-12-31,Madagascar,Sub-Saharan Africa,3106522.19
2017-01-31,Madagascar,Sub-Saharan Africa,15173469.23
2017-02-28,Madagascar,Sub-Saharan Africa,1066098.24
2017-03-31,Madagascar,Sub-Saharan Africa,5189569.08
2017-04-30,Madagascar,Sub-Saharan Africa,3471925.06
2017-05-31,Madagascar,Sub-Saharan Africa,4895675.99
2017-06-30,Madagascar,Sub-Saharan Africa,182104.64
2010-01-31,Malawi,Sub-Saharan Africa,1142056.46
2010-02-28,Malawi,Sub-Saharan Africa,6518980.7
2010-03-31,Malawi,Sub-Saharan Africa,28195.26
2010-04-30,Malawi,Sub-Saharan Africa,7603.95
2010-05-31,Malawi,Sub-Saharan Africa,14417715.26
2010-06-30,Malawi,Sub-Saharan Africa,2399757.56
2010-07-31,Malawi,Sub-Saharan Africa,524112.3
2010-08-31,Malawi,Sub-Saharan Africa,6502067.319999999
2010-09-30,Malawi,Sub-Saharan Africa,3430795.48
2010-10-31,Malawi,Sub-Saharan Africa,4395908.82
2010-11-30,Malawi,Sub-Saharan Africa,622025.8200000001
2010-12-31,Malawi,Sub-Saharan Africa,16758443.25
2011-01-31,Malawi,Sub-Saharan Africa,0.0
2011-02-28,Malawi,Sub-Saharan Africa,201549.2
2011-03-31,Malawi,Sub-Saharan Africa,5777679.47
2011-04-30,Malawi,Sub-Saharan Africa,9689610.8
2011-05-31,Malawi,Sub-Saharan Africa,5716667.52
2011-06-30,Malawi,Sub-Saharan Africa,893661.06
2011-07-31,Malawi,Sub-Saharan Africa,5299029.5600000005
2011-08-31,Malawi,Sub-Saharan Africa,1377353.6099999999
2011-09-30,Malawi,Sub-Saharan Africa,5269743.04
2011-10-31,Malawi,Sub-Saharan Africa,4692871.24
2011-11-30,Malawi,Sub-Saharan Africa,2070270.81
2011-12-31,Malawi,Sub-Saharan Africa,6396672.78
2012-01-31,Malawi,Sub-Saharan Africa,2361907.75
2012-02-29,Malawi,Sub-Saharan Africa,10239680.02
2012-03-31,Malawi,Sub-Saharan Africa,3132803.68
2012-04-30,Malawi,Sub-Saharan Africa,397534.72
2012-05-31,Malawi,Sub-Saharan Africa,2759582.49
2012-06-30,Malawi,Sub-Saharan Africa,14934709.92
2012-07-31,Malawi,Sub-Saharan Africa,6412641.89
2012-08-31,Malawi,Sub-Saharan Africa,651595.8099999999
2012-09-30,Malawi,Sub-Saharan Africa,2129499.15
2012-10-31,Malawi,Sub-Saharan Africa,827292.12
2012-11-30,Malawi,Sub-Saharan Africa,2460942.63
2012-12-31,Malawi,Sub-Saharan Africa,0.0
2013-01-31,Malawi,Sub-Saharan Africa,3501386.22
2013-02-28,Malawi,Sub-Saharan Africa,275290.18
2013-03-31,Malawi,Sub-Saharan Africa,1353388.45
2013-04-30,Malawi,Sub-Saharan Africa,1323221.34
2013-05-31,Malawi,Sub-Saharan Africa,2624620.51
2013-06-30,Malawi,Sub-Saharan Africa,5368583.11
2013-07-31,Malawi,Sub-Saharan Africa,2872503.66
2013-08-31,Malawi,Sub-Saharan Africa,405639.98
2013-09-30,Malawi,Sub-Saharan Africa,9187767.83
2013-10-31,Malawi,Sub-Saharan Africa,238176.24
2013-11-30,Malawi,Sub-Saharan Africa,6009860.25
2013-12-31,Malawi,Sub-Saharan Africa,836052.2
2014-01-31,Malawi,Sub-Saharan Africa,66578.88
2014-02-28,Malawi,Sub-Saharan Africa,3822118.33
2014-03-31,Malawi,Sub-Saharan Africa,3041552.2300000004
2014-04-30,Malawi,Sub-Saharan Africa,10411810.37
2014-05-31,Malawi,Sub-Saharan Africa,788902.5900000001
2014-06-30,Malawi,Sub-Saharan Africa,6915339.75
2014-07-31,Malawi,Sub-Saharan Africa,1349649.46
2014-08-31,Malawi,Sub-Saharan Africa,9759779.51
2014-09-30,Malawi,Sub-Saharan Africa,5780720.970000001
2014-10-31,Malawi,Sub-Saharan Africa,1716212.3599999999
2014-11-30,Malawi,Sub-Saharan Africa,939215.4299999999
2014-12-31,Malawi,Sub-Saharan Africa,5705514.56
2015-01-31,Malawi,Sub-Saharan Africa,0.0
2015-02-28,Malawi,Sub-Saharan Africa,0.0
2015-03-31,Malawi,Sub-Saharan Africa,754739.8
2015-04-30,Malawi,Sub-Saharan Africa,728439.42
2015-05-31,Malawi,Sub-Saharan Africa,2427595.2800000003
2015-06-30,Malawi,Sub-Saharan Africa,171955.43
2015-07-31,Malawi,Sub-Saharan Africa,1034034.66
2015-08-31,Malawi,Sub-Saharan Africa,2696398.1
2015-09-30,Malawi,Sub-Saharan Africa,5331395.239999999
2015-10-31,Malawi,Sub-Saharan Africa,335066.22
2015-11-30,Malawi,Sub-Saharan Africa,50391.9
2015-12-31,Malawi,Sub-Saharan Africa,381144.84
2016-01-31,Malawi,Sub-Saharan Africa,2368437.36
2016-02-29,Malawi,Sub-Saharan Africa,19602.33
2016-03-31,Malawi,Sub-Saharan Africa,4472896.72
2016-04-30,Malawi,Sub-Saharan Africa,4633749.68
2016-05-31,Malawi,Sub-Saharan Africa,974668.32
2016-06-30,Malawi,Sub-Saharan Africa,1848481.6
2016-07-31,Malawi,Sub-Saharan Africa,1622815.32
2016-08-31,Malawi,Sub-Saharan Africa,7226478.8
2016-09-30,Malawi,Sub-Saharan Africa,1172628.43
2016-10-31,Malawi,Sub-Saharan Africa,5448068.529999999
2016-11-30,Malawi,Sub-Saharan Africa,4729837.71
2016-12-31,Malawi,Sub-Saharan Africa,1361929.08
2017-01-31,Malawi,Sub-Saharan Africa,3385676.8
2017-02-28,Malawi,Sub-Saharan Africa,416424.18
2017-03-31,Malawi,Sub-Saharan Africa,11499657.3
2017-04-30,Malawi,Sub-Saharan Africa,1634605.04
2017-05-31,Malawi,Sub-Saharan Africa,11680631.149999999
2017-06-30,Malawi,Sub-Saharan Africa,5029447.29
2010-01-31,Malaysia,Asia,653549.1
2010-02-28,Malaysia,Asia,3739772.1399999997
2010-03-31,Malaysia,Asia,0.0
2010-04-30,Malaysia,Asia,2303575.7800000003
2010-05-31,Malaysia,Asia,9520102.629999999
2010-06-30,Malaysia,Asia,3143988.1
2010-07-31,Malaysia,Asia,3246806.84
2010-08-31,Malaysia,Asia,8309593.41
2010-09-30,Malaysia,Asia,5782792.72
2010-10-31,Malaysia,Asia,6949492.359999999
2010-11-30,Malaysia,Asia,340895.83
2010-12-31,Malaysia,Asia,1448092.36
2011-01-31,Malaysia,Asia,1304711.58
2011-02-28,Malaysia,Asia,1385207.1199999999
2011-03-31,Malaysia,Asia,2908638.63
2011-04-30,Malaysia,Asia,2093031.99
2011-05-31,Malaysia,Asia,5770222.68
2011-06-30,Malaysia,Asia,3183055.06
2011-07-31,Malaysia,Asia,5960306.67
2011-08-31,Malaysia,Asia,0.0
2011-09-30,Malaysia,Asia,0.0
2011-10-31,Malaysia,Asia,2323303.28
2011-11-30,Malaysia,Asia,8702724.89
2011-12-31,Malaysia,Asia,6607786.750000001
2012-01-31,Malaysia,Asia,13663195.25
2012-02-29,Malaysia,Asia,3911628.4
2012-03-31,Malaysia,Asia,146462.0
2012-04-30,Malaysia,Asia,8359876.630000001
2012-05-31,Malaysia,Asia,2494661.62
2012-06-30,Malaysia,Asia,3165531.81
2012-07-31,Malaysia,Asia,1315653.14
2012-08-31,Malaysia,Asia,3183809.8200000003
2012-09-30,Malaysia,Asia,5600092.5200000005
2012-10-31,Malaysia,Asia,1414595.54
2012-11-30,Malaysia,Asia,6453665.47
2012-12-31,Malaysia,Asia,1825820.76
2013-01-31,Malaysia,Asia,2193412.86
2013-02-28,Malaysia,Asia,3009181.83
2013-03-31,Malaysia,Asia,5503721.62
2013-04-30,Malaysia,Asia,5842437.97
2013-05-31,Malaysia,Asia,3589001.34
2013-06-30,Malaysia,Asia,14008504.83
2013-07-31,Malaysia,Asia,5367551.109999999
2013-08-31,Malaysia,Asia,3710239.5199999996
2013-09-30,Malaysia,Asia,0.0
2013-10-31,Malaysia,Asia,4321566.28
2013-11-30,Malaysia,Asia,8871100.17
2013-12-31,Malaysia,Asia,2348414.71
2014-01-31,Malaysia,Asia,6061078.4399999995
2014-02-28,Malaysia,Asia,9951576.93
2014-03-31,Malaysia,Asia,13308960.36
2014-04-30,Malaysia,Asia,8176381.32
2014-05-31,Malaysia,Asia,4919163.64
2014-06-30,Malaysia,Asia,268804.25
2014-07-31,Malaysia,Asia,2465868.38
2014-08-31,Malaysia,Asia,1706213.81
2014-09-30,Malaysia,Asia,1025595.1799999999
2014-10-31,Malaysia,Asia,2452024.68
2014-11-30,Malaysia,Asia,880653.54
2014-12-31,Malaysia,Asia,13388144.91
2015-01-31,Malaysia,Asia,3525583.5
2015-02-28,Malaysia,Asia,636632.01
2015-03-31,Malaysia,Asia,6092603.850000001
2015-04-30,Malaysia,Asia,1049051.79
2015-05-31,Malaysia,Asia,3277539.93
2015-06-30,Malaysia,Asia,1542881.9000000001
2015-07-31,Malaysia,Asia,14073284.940000001
2015-08-31,Malaysia,Asia,1773187.56
2015-09-30,Malaysia,Asia,4459284.55
2015-10-31,Malaysia,Asia,1512717.8
2015-11-30,Malaysia,Asia,6205640.899999999
2015-12-31,Malaysia,Asia,9765835.5
2016-01-31,Malaysia,Asia,5933411.74
2016-02-29,Malaysia,Asia,3708017.7199999997
2016-03-31,Malaysia,Asia,2163541.33
2016-04-30,Malaysia,Asia,8923245.26
2016-05-31,Malaysia,Asia,40072.35
2016-06-30,Malaysia,Asia,3558878.8
2016-07-31,Malaysia,Asia,1094008.48
2016-08-31,Malaysia,Asia,5442167.25
2016-09-30,Malaysia,Asia,0.0
2016-10-31,Malaysia,Asia,3320698.18
2016-11-30,Malaysia,Asia,382048.52
2016-12-31,Malaysia,Asia,7835542.55
2017-01-31,Malaysia,Asia,1014993.28
2017-02-28,Malaysia,Asia,9674023.290000001
2017-03-31,Malaysia,Asia,1519210.19
2017-04-30,Malaysia,Asia,2000932.1099999999
2017-05-31,Malaysia,Asia,8149147.359999999
2017-06-30,Malaysia,Asia,4464314.09
2010-01-31,Maldives,Asia,2500353.56
2010-02-28,Maldives,Asia,1962521.6600000001
2010-03-31,Maldives,Asia,5346055.6
2010-04-30,Maldives,Asia,2640044.04
2010-05-31,Maldives,Asia,9021697.73
2010-06-30,Maldives,Asia,5819630.42
2010-07-31,Maldives,Asia,9692148.61
2010-08-31,Maldives,Asia,1382708.14
2010-09-30,Maldives,Asia,6560341.64
2010-10-31,Maldives,Asia,6454928.14
2010-11-30,Maldives,Asia,468649.2
2010-12-31,Maldives,Asia,2112039.77
2011-01-31,Maldives,Asia,2950975.19
2011-02-28,Maldives,Asia,183238.66
2011-03-31,Maldives,Asia,5889314.1899999995
2011-04-30,Maldives,Asia,1772550.63
2011-05-31,Maldives,Asia,6996762.32
2011-06-30,Maldives,Asia,1309484.53
2011-07-31,Maldives,Asia,91647.48000000001
2011-08-31,Maldives,Asia,1393978.17
2011-09-30,Maldives,Asia,6827724.8
2011-10-31,Maldives,Asia,4428769.95
2011-11-30,Maldives,Asia,9045560.43
2011-12-31,Maldives,Asia,2337192.69
2012-01-31,Maldives,Asia,957839.2
2012-02-29,Maldives,Asia,50727.21
2012-03-31,Maldives,Asia,9817207.79
2012-04-30,Maldives,Asia,9070690.35
2012-05-31,Maldives,Asia,1027138.63
2012-06-30,Maldives,Asia,4529491.4799999995
2012-07-31,Maldives,Asia,4105595.79
2012-08-31,Maldives,Asia,11690854.89
2012-09-30,Maldives,Asia,1785099.45
2012-10-31,Maldives,Asia,6724910.84
2012-11-30,Maldives,Asia,1665088.6
2012-12-31,Maldives,Asia,7656176.72
2013-01-31,Maldives,Asia,1031697.98
2013-02-28,Maldives,Asia,10765240.870000001
2013-03-31,Maldives,Asia,4542915.42
2013-04-30,Maldives,Asia,5619868.75
2013-05-31,Maldives,Asia,10072661.95
2013-06-30,Maldives,Asia,1825956.6600000001
2013-07-31,Maldives,Asia,8817469.370000001
2013-08-31,Maldives,Asia,2730578.71
2013-09-30,Maldives,Asia,4546846.96
2013-10-31,Maldives,Asia,5034995.84
2013-11-30,Maldives,Asia,10960493.91
2013-12-31,Maldives,Asia,19064532.189999998
2014-01-31,Maldives,Asia,3797807.79
2014-02-28,Maldives,Asia,7904443.29
2014-03-31,Maldives,Asia,10135138.43
2014-04-30,Maldives,Asia,488918.72
2014-05-31,Maldives,Asia,4147365.08
2014-06-30,Maldives,Asia,8593358.94
2014-07-31,Maldives,Asia,3795996.16
2014-08-31,Maldives,Asia,3080874.13
2014-09-30,Maldives,Asia,237406.46
2014-10-31,Maldives,Asia,2605579.21
2014-11-30,Maldives,Asia,3689522.6399999997
2014-12-31,Maldives,Asia,395448.3
2015-01-31,Maldives,Asia,2356126.0
2015-02-28,Maldives,Asia,475914.4
2015-03-31,Maldives,Asia,2151561.04
2015-04-30,Maldives,Asia,12261412.870000001
2015-05-31,Maldives,Asia,122513.27
2015-06-30,Maldives,Asia,2875047.8299999996
2015-07-31,Maldives,Asia,3345531.8
2015-08-31,Maldives,Asia,8140094.18
2015-09-30,Maldives,Asia,2874388.9
2015-10-31,Maldives,Asia,6526110.290000001
2015-11-30,Maldives,Asia,6351852.67
2015-12-31,Maldives,Asia,6032625.880000001
2016-01-31,Maldives,Asia,5109721.7
2016-02-29,Maldives,Asia,3604818.9
2016-03-31,Maldives,Asia,10993674.01
2016-04-30,Maldives,Asia,4418475.34
2016-05-31,Maldives,Asia,2235391.62
2016-06-30,Maldives,Asia,16510664.739999998
2016-07-31,Maldives,Asia,4566903.0
2016-08-31,Maldives,Asia,1100387.28
2016-09-30,Maldives,Asia,3166770.22
2016-10-31,Maldives,Asia,5137476.79
2016-11-30,Maldives,Asia,656918.19
2016-12-31,Maldives,Asia,2249054.31
2017-01-31,Maldives,Asia,6112118.29
2017-02-28,Maldives,Asia,11465035.11
2017-03-31,Maldives,Asia,63779.88
2017-04-30,Maldives,Asia,7529251.8
2017-05-31,Maldives,Asia,1416421.28
2017-06-30,Maldives,Asia,12199449.5
2010-01-31,Mali,Sub-Saharan Africa,3985262.9
2010-02-28,Mali,Sub-Saharan Africa,3942796.7699999996
2010-03-31,Mali,Sub-Saharan Africa,3337773.16
2010-04-30,Mali,Sub-Saharan Africa,7046907.15
2010-05-31,Mali,Sub-Saharan Africa,5480777.89
2010-06-30,Mali,Sub-Saharan Africa,333085.44
2010-07-31,Mali,Sub-Saharan Africa,3310612.0900000003
2010-08-31,Mali,Sub-Saharan Africa,6316648.46
2010-09-30,Mali,Sub-Saharan Africa,505546.96
2010-10-31,Mali,Sub-Saharan Africa,1619103.7
2010-11-30,Mali,Sub-Saharan Africa,4651888.03
2010-12-31,Mali,Sub-Saharan Africa,0.0
2011-01-31,Mali,Sub-Saharan Africa,693595.76
2011-02-28,Mali,Sub-Saharan Africa,200747.36
2011-03-31,Mali,Sub-Saharan Africa,3828771.42
2011-04-30,Mali,Sub-Saharan Africa,4548064.78
2011-05-31,Mali,Sub-Saharan Africa,1934705.43
2011-06-30,Mali,Sub-Saharan Africa,6550861.550000001
2011-07-31,Mali,Sub-Saharan Africa,7872649.52
2011-08-31,Mali,Sub-Saharan Africa,8308248.44
2011-09-30,Mali,Sub-Saharan Africa,6777551.010000001
2011-10-31,Mali,Sub-Saharan Africa,1481943.17
2011-11-30,Mali,Sub-Saharan Africa,4149580.5
2011-12-31,Mali,Sub-Saharan Africa,3422533.45
2012-01-31,Mali,Sub-Saharan Africa,4877135.57
2012-02-29,Mali,Sub-Saharan Africa,491736.78
2012-03-31,Mali,Sub-Saharan Africa,1096498.5
2012-04-30,Mali,Sub-Saharan Africa,3075671.05
2012-05-31,Mali,Sub-Saharan Africa,5018799.3
2012-06-30,Mali,Sub-Saharan Africa,8828434.76
2012-07-31,Mali,Sub-Saharan Africa,11532436.18
2012-08-31,Mali,Sub-Saharan Africa,4103093.7
2012-09-30,Mali,Sub-Saharan Africa,2211826.92
2012-10-31,Mali,Sub-Saharan Africa,1608668.9700000002
2012-11-30,Mali,Sub-Saharan Africa,967198.9
2012-12-31,Mali,Sub-Saharan Africa,11612760.01
2013-01-31,Mali,Sub-Saharan Africa,0.0
2013-02-28,Mali,Sub-Saharan Africa,7242233.68
2013-03-31,Mali,Sub-Saharan Africa,1111799.6
2013-04-30,Mali,Sub-Saharan Africa,3234662.1199999996
2013-05-31,Mali,Sub-Saharan Africa,663565.87
2013-06-30,Mali,Sub-Saharan Africa,5446483.78
2013-07-31,Mali,Sub-Saharan Africa,1445647.69
2013-08-31,Mali,Sub-Saharan Africa,1266444.08
2013-09-30,Mali,Sub-Saharan Africa,2921440.63
2013-10-31,Mali,Sub-Saharan Africa,1592511.64
2013-11-30,Mali,Sub-Saharan Africa,868905.5800000001
2013-12-31,Mali,Sub-Saharan Africa,3079596.02
2014-01-31,Mali,Sub-Saharan Africa,483653.42000000004
2014-02-28,Mali,Sub-Saharan Africa,1344559.76
2014-03-31,Mali,Sub-Saharan Africa,8501203.59
2014-04-30,Mali,Sub-Saharan Africa,5308068.609999999
2014-05-31,Mali,Sub-Saharan Africa,3360631.8600000003
2014-06-30,Mali,Sub-Saharan Africa,1351445.4
2014-07-31,Mali,Sub-Saharan Africa,6663206.1
2014-08-31,Mali,Sub-Saharan Africa,3959542.17
2014-09-30,Mali,Sub-Saharan Africa,8841279.32
2014-10-31,Mali,Sub-Saharan Africa,3765936.9299999997
2014-11-30,Mali,Sub-Saharan Africa,13340667.370000001
2014-12-31,Mali,Sub-Saharan Africa,1345908.18
2015-01-31,Mali,Sub-Saharan Africa,5074905.32
2015-02-28,Mali,Sub-Saharan Africa,6553013.359999999
2015-03-31,Mali,Sub-Saharan Africa,3295122.6
2015-04-30,Mali,Sub-Saharan Africa,1887374.86
2015-05-31,Mali,Sub-Saharan Africa,1072137.12
2015-06-30,Mali,Sub-Saharan Africa,6897221.76
2015-07-31,Mali,Sub-Saharan Africa,1760749.59
2015-08-31,Mali,Sub-Saharan Africa,2803663.3899999997
2015-09-30,Mali,Sub-Saharan Africa,68640.81
2015-10-31,Mali,Sub-Saharan Africa,5041912.0
2015-11-30,Mali,Sub-Saharan Africa,3160657.08
2015-12-31,Mali,Sub-Saharan Africa,3652943.04
2016-01-31,Mali,Sub-Saharan Africa,4974974.0200000005
2016-02-29,Mali,Sub-Saharan Africa,3721798.8499999996
2016-03-31,Mali,Sub-Saharan Africa,0.0
2016-04-30,Mali,Sub-Saharan Africa,0.0
2016-05-31,Mali,Sub-Saharan Africa,450471.44
2016-06-30,Mali,Sub-Saharan Africa,0.0
2016-07-31,Mali,Sub-Saharan Africa,3197003.68
2016-08-31,Mali,Sub-Saharan Africa,11815435.1
2016-09-30,Mali,Sub-Saharan Africa,339199.56
2016-10-31,Mali,Sub-Saharan Africa,1792100.42
2016-11-30,Mali,Sub-Saharan Africa,4029433.4099999997
2016-12-31,Mali,Sub-Saharan Africa,1829074.19
2017-01-31,Mali,Sub-Saharan Africa,3411326.93
2017-02-28,Mali,Sub-Saharan Africa,5392281.65
2017-03-31,Mali,Sub-Saharan Africa,990212.09
2017-04-30,Mali,Sub-Saharan Africa,4687128.3100000005
2017-05-31,Mali,Sub-Saharan Africa,7813572.99
2017-06-30,Mali,Sub-Saharan Africa,7004837.25
2010-01-31,Malta,Europe,2118731.58
2010-02-28,Malta,Europe,201997.5
2010-03-31,Malta,Europe,636660.35
2010-04-30,Malta,Europe,15612435.84
2010-05-31,Malta,Europe,1369327.1
2010-06-30,Malta,Europe,7520666.15
2010-07-31,Malta,Europe,1774185.36
2010-08-31,Malta,Europe,7344385.13
2010-09-30,Malta,Europe,1091238.5
2010-10-31,Malta,Europe,5782106.17
2010-11-30,Malta,Europe,1101523.5
2010-12-31,Malta,Europe,7723086.0
2011-01-31,Malta,Europe,4485007.140000001
2011-02-28,Malta,Europe,1613305.1
2011-03-31,Malta,Europe,166709.76
2011-04-30,Malta,Europe,3029592.09
2011-05-31,Malta,Europe,854126.86
2011-06-30,Malta,Europe,1131230.28
2011-07-31,Malta,Europe,1345095.87
2011-08-31,Malta,Europe,4508902.42
2011-09-30,Malta,Europe,3058082.16
2011-10-31,Malta,Europe,14891892.26
2011-11-30,Malta,Europe,4224898.85
2011-12-31,Malta,Europe,18623893.55
2012-01-31,Malta,Europe,1627237.45
2012-02-29,Malta,Europe,747184.26
2012-03-31,Malta,Europe,1336386.8800000001
2012-04-30,Malta,Europe,4962478.33
2012-05-31,Malta,Europe,1768452.52
2012-06-30,Malta,Europe,1939640.65
2012-07-31,Malta,Europe,7656163.380000001
2012-08-31,Malta,Europe,4105638.07
2012-09-30,Malta,Europe,3940577.8499999996
2012-10-31,Malta,Europe,588896.08
2012-11-30,Malta,Europe,889172.46
2012-12-31,Malta,Europe,11594667.809999999
2013-01-31,Malta,Europe,1239651.8599999999
2013-02-28,Malta,Europe,2381955.79
2013-03-31,Malta,Europe,62871.25
2013-04-30,Malta,Europe,1855016.5
2013-05-31,Malta,Europe,4077969.0100000002
2013-06-30,Malta,Europe,8511054.010000002
2013-07-31,Malta,Europe,1844174.67
2013-08-31,Malta,Europe,9114047.67
2013-09-30,Malta,Europe,5555844.25
2013-10-31,Malta,Europe,14075633.14
2013-11-30,Malta,Europe,1272577.35
2013-12-31,Malta,Europe,1656870.2
2014-01-31,Malta,Europe,4155915.46
2014-02-28,Malta,Europe,2474166.96
2014-03-31,Malta,Europe,4731290.35
2014-04-30,Malta,Europe,900788.82
2014-05-31,Malta,Europe,1659864.0
2014-06-30,Malta,Europe,3310789.02
2014-07-31,Malta,Europe,5215218.74
2014-08-31,Malta,Europe,7453420.79
2014-09-30,Malta,Europe,1767035.4900000002
2014-10-31,Malta,Europe,13034586.9
2014-11-30,Malta,Europe,3348664.46
2014-12-31,Malta,Europe,15054367.34
2015-01-31,Malta,Europe,1513092.04
2015-02-28,Malta,Europe,5727913.18
2015-03-31,Malta,Europe,1790172.9899999998
2015-04-30,Malta,Europe,8899075.219999999
2015-05-31,Malta,Europe,4138076.63
2015-06-30,Malta,Europe,7826616.459999999
2015-07-31,Malta,Europe,762296.26
2015-08-31,Malta,Europe,4248386.06
2015-09-30,Malta,Europe,3942425.34
2015-10-31,Malta,Europe,1886117.26
2015-11-30,Malta,Europe,2245215.5
2015-12-31,Malta,Europe,5086764.029999999
2016-01-31,Malta,Europe,5471803.529999999
2016-02-29,Malta,Europe,2914841.4899999998
2016-03-31,Malta,Europe,10695003.170000002
2016-04-30,Malta,Europe,747584.9
2016-05-31,Malta,Europe,11625.25
2016-06-30,Malta,Europe,1210634.89
2016-07-31,Malta,Europe,984999.66
2016-08-31,Malta,Europe,7477888.74
2016-09-30,Malta,Europe,882111.34
2016-10-31,Malta,Europe,215557.90000000002
2016-11-30,Malta,Europe,2914551.1
2016-12-31,Malta,Europe,2754181.04
2017-01-31,Malta,Europe,4979385.09
2017-02-28,Malta,Europe,8325890.27
2017-03-31,Malta,Europe,2023253.6500000001
2017-04-30,Malta,Europe,6101323.12
2017-05-31,Malta,Europe,1341048.1099999999
2017-06-30,Malta,Europe,1543416.96
2010-01-31,Marshall Islands,Australia and Oceania,1681311.61
2010-02-28,Marshall Islands,Australia and Oceania,6480135.1
2010-03-31,Marshall Islands,Australia and Oceania,4009962.48
2010-04-30,Marshall Islands,Australia and Oceania,2784715.9099999997
2010-05-31,Marshall Islands,Australia and Oceania,8491286.649999999
2010-06-30,Marshall Islands,Australia and Oceania,2627777.72
2010-07-31,Marshall Islands,Australia and Oceania,2559635.0100000002
2010-08-31,Marshall Islands,Australia and Oceania,1409420.29
2010-09-30,Marshall Islands,Australia and Oceania,3735467.3899999997
2010-10-31,Marshall Islands,Australia and Oceania,3289402.73
2010-11-30,Marshall Islands,Australia and Oceania,0.0
2010-12-31,Marshall Islands,Australia and Oceania,967285.11
2011-01-31,Marshall Islands,Australia and Oceania,4914995.5600000005
2011-02-28,Marshall Islands,Australia and Oceania,3527296.94
2011-03-31,Marshall Islands,Australia and Oceania,9185444.59
2011-04-30,Marshall Islands,Australia and Oceania,985737.9199999999
2011-05-31,Marshall Islands,Australia and Oceania,4984903.6
2011-06-30,Marshall Islands,Australia and Oceania,2634405.45
2011-07-31,Marshall Islands,Australia and Oceania,5298356.85
2011-08-31,Marshall Islands,Australia and Oceania,8660309.81
2011-09-30,Marshall Islands,Australia and Oceania,7757887.41
2011-10-31,Marshall Islands,Australia and Oceania,1874790.75
2011-11-30,Marshall Islands,Australia and Oceania,5090442.28
2011-12-31,Marshall Islands,Australia and Oceania,2573744.56
2012-01-31,Marshall Islands,Australia and Oceania,4892718.470000001
2012-02-29,Marshall Islands,Australia and Oceania,8380315.58
2012-03-31,Marshall Islands,Australia and Oceania,8260317.5600000005
2012-04-30,Marshall Islands,Australia and Oceania,1187059.94
2012-05-31,Marshall Islands,Australia and Oceania,1631355.92
2012-06-30,Marshall Islands,Australia and Oceania,2875730.07
2012-07-31,Marshall Islands,Australia and Oceania,0.0
2012-08-31,Marshall Islands,Australia and Oceania,7530507.0600000005
2012-09-30,Marshall Islands,Australia and Oceania,0.0
2012-10-31,Marshall Islands,Australia and Oceania,4017039.08
2012-11-30,Marshall Islands,Australia and Oceania,1193996.47
2012-12-31,Marshall Islands,Australia and Oceania,1045148.53
2013-01-31,Marshall Islands,Australia and Oceania,0.0
2013-02-28,Marshall Islands,Australia and Oceania,1813588.9
2013-03-31,Marshall Islands,Australia and Oceania,6635904.850000001
2013-04-30,Marshall Islands,Australia and Oceania,2582238.73
2013-05-31,Marshall Islands,Australia and Oceania,1411443.12
2013-06-30,Marshall Islands,Australia and Oceania,0.0
2013-07-31,Marshall Islands,Australia and Oceania,3898811.65
2013-08-31,Marshall Islands,Australia and Oceania,4988220.38
2013-09-30,Marshall Islands,Australia and Oceania,4556097.25
2013-10-31,Marshall Islands,Australia and Oceania,1932474.2
2013-11-30,Marshall Islands,Australia and Oceania,8373546.0200000005
2013-12-31,Marshall Islands,Australia and Oceania,1197996.8
2014-01-31,Marshall Islands,Australia and Oceania,2556065.06
2014-02-28,Marshall Islands,Australia and Oceania,0.0
2014-03-31,Marshall Islands,Australia and Oceania,4642476.09
2014-04-30,Marshall Islands,Australia and Oceania,448011.39999999997
2014-05-31,Marshall Islands,Australia and Oceania,4204211.76
2014-06-30,Marshall Islands,Australia and Oceania,10858412.86
2014-07-31,Marshall Islands,Australia and Oceania,4452014.74
2014-08-31,Marshall Islands,Australia and Oceania,1826184.4
2014-09-30,Marshall Islands,Australia and Oceania,0.0
2014-10-31,Marshall Islands,Australia and Oceania,4279499.8100000005
2014-11-30,Marshall Islands,Australia and Oceania,6833750.78
2014-12-31,Marshall Islands,Australia and Oceania,1896023.5999999999
2015-01-31,Marshall Islands,Australia and Oceania,10138775.87
2015-02-28,Marshall Islands,Australia and Oceania,2162746.66
2015-03-31,Marshall Islands,Australia and Oceania,8897329.14
2015-04-30,Marshall Islands,Australia and Oceania,2091461.67
2015-05-31,Marshall Islands,Australia and Oceania,17101.89
2015-06-30,Marshall Islands,Australia and Oceania,3179874.5
2015-07-31,Marshall Islands,Australia and Oceania,1652907.96
2015-08-31,Marshall Islands,Australia and Oceania,1101934.9
2015-09-30,Marshall Islands,Australia and Oceania,4060374.57
2015-10-31,Marshall Islands,Australia and Oceania,806311.7
2015-11-30,Marshall Islands,Australia and Oceania,12172528.86
2015-12-31,Marshall Islands,Australia and Oceania,3255603.48
2016-01-31,Marshall Islands,Australia and Oceania,5117115.12
2016-02-29,Marshall Islands,Australia and Oceania,786424.16
2016-03-31,Marshall Islands,Australia and Oceania,2933873.34
2016-04-30,Marshall Islands,Australia and Oceania,803260.54
2016-05-31,Marshall Islands,Australia and Oceania,2497214.54
2016-06-30,Marshall Islands,Australia and Oceania,2340326.2399999998
2016-07-31,Marshall Islands,Australia and Oceania,0.0
2016-08-31,Marshall Islands,Australia and Oceania,2858978.42
2016-09-30,Marshall Islands,Australia and Oceania,2833305.37
2016-10-31,Marshall Islands,Australia and Oceania,6021780.97
2016-11-30,Marshall Islands,Australia and Oceania,5350509.26
2016-12-31,Marshall Islands,Australia and Oceania,11461637.19
2017-01-31,Marshall Islands,Australia and Oceania,372197.8
2017-02-28,Marshall Islands,Australia and Oceania,5758482.59
2017-03-31,Marshall Islands,Australia and Oceania,3897067.5900000003
2017-04-30,Marshall Islands,Australia and Oceania,2097143.44
2017-05-31,Marshall Islands,Australia and Oceania,773156.0
2017-06-30,Marshall Islands,Australia and Oceania,7449248.92
2010-01-31,Mauritania,Sub-Saharan Africa,250380.81
2010-02-28,Mauritania,Sub-Saharan Africa,447432.63
2010-03-31,Mauritania,Sub-Saharan Africa,7945428.11
2010-04-30,Mauritania,Sub-Saharan Africa,348858.98
2010-05-31,Mauritania,Sub-Saharan Africa,4008376.89
2010-06-30,Mauritania,Sub-Saharan Africa,6130067.58
2010-07-31,Mauritania,Sub-Saharan Africa,8401508.11
2010-08-31,Mauritania,Sub-Saharan Africa,14951171.44
2010-09-30,Mauritania,Sub-Saharan Africa,2463.12
2010-10-31,Mauritania,Sub-Saharan Africa,3004553.04
2010-11-30,Mauritania,Sub-Saharan Africa,719212.74
2010-12-31,Mauritania,Sub-Saharan Africa,1090979.03
2011-01-31,Mauritania,Sub-Saharan Africa,13144725.59
2011-02-28,Mauritania,Sub-Saharan Africa,3894057.55
2011-03-31,Mauritania,Sub-Saharan Africa,4823687.71
2011-04-30,Mauritania,Sub-Saharan Africa,3133377.03
2011-05-31,Mauritania,Sub-Saharan Africa,4444165.69
2011-06-30,Mauritania,Sub-Saharan Africa,562384.13
2011-07-31,Mauritania,Sub-Saharan Africa,3755058.4400000004
2011-08-31,Mauritania,Sub-Saharan Africa,3230539.24
2011-09-30,Mauritania,Sub-Saharan Africa,10870887.54
2011-10-31,Mauritania,Sub-Saharan Africa,2413404.6799999997
2011-11-30,Mauritania,Sub-Saharan Africa,6278303.46
2011-12-31,Mauritania,Sub-Saharan Africa,5103264.0600000005
2012-01-31,Mauritania,Sub-Saharan Africa,8028822.71
2012-02-29,Mauritania,Sub-Saharan Africa,6626947.5
2012-03-31,Mauritania,Sub-Saharan Africa,629015.08
2012-04-30,Mauritania,Sub-Saharan Africa,7397714.779999999
2012-05-31,Mauritania,Sub-Saharan Africa,2056659.12
2012-06-30,Mauritania,Sub-Saharan Africa,1271820.95
2012-07-31,Mauritania,Sub-Saharan Africa,589927.14
2012-08-31,Mauritania,Sub-Saharan Africa,12136836.34
2012-09-30,Mauritania,Sub-Saharan Africa,5982680.26
2012-10-31,Mauritania,Sub-Saharan Africa,7054600.43
2012-11-30,Mauritania,Sub-Saharan Africa,3748094.57
2012-12-31,Mauritania,Sub-Saharan Africa,0.0
2013-01-31,Mauritania,Sub-Saharan Africa,10806575.95
2013-02-28,Mauritania,Sub-Saharan Africa,637657.46
2013-03-31,Mauritania,Sub-Saharan Africa,1769258.45
2013-04-30,Mauritania,Sub-Saharan Africa,310492.27
2013-05-31,Mauritania,Sub-Saharan Africa,752421.1499999999
2013-06-30,Mauritania,Sub-Saharan Africa,5141427.78
2013-07-31,Mauritania,Sub-Saharan Africa,5440949.12
2013-08-31,Mauritania,Sub-Saharan Africa,5477082.84
2013-09-30,Mauritania,Sub-Saharan Africa,7577458.74
2013-10-31,Mauritania,Sub-Saharan Africa,1869834.4000000001
2013-11-30,Mauritania,Sub-Saharan Africa,1022173.6
2013-12-31,Mauritania,Sub-Saharan Africa,7234660.21
2014-01-31,Mauritania,Sub-Saharan Africa,0.0
2014-02-28,Mauritania,Sub-Saharan Africa,0.0
2014-03-31,Mauritania,Sub-Saharan Africa,4669294.83
2014-04-30,Mauritania,Sub-Saharan Africa,2720857.02
2014-05-31,Mauritania,Sub-Saharan Africa,2124184.88
2014-06-30,Mauritania,Sub-Saharan Africa,386637.64999999997
2014-07-31,Mauritania,Sub-Saharan Africa,7459178.73
2014-08-31,Mauritania,Sub-Saharan Africa,1680900.5699999998
2014-09-30,Mauritania,Sub-Saharan Africa,3572559.2
2014-10-31,Mauritania,Sub-Saharan Africa,964230.52
2014-11-30,Mauritania,Sub-Saharan Africa,7697423.66
2014-12-31,Mauritania,Sub-Saharan Africa,1154420.28
2015-01-31,Mauritania,Sub-Saharan Africa,11304837.76
2015-02-28,Mauritania,Sub-Saharan Africa,1047461.89
2015-03-31,Mauritania,Sub-Saharan Africa,1234866.02
2015-04-30,Mauritania,Sub-Saharan Africa,894501.12
2015-05-31,Mauritania,Sub-Saharan Africa,2621597.59
2015-06-30,Mauritania,Sub-Saharan Africa,1398710.77
2015-07-31,Mauritania,Sub-Saharan Africa,2712540.3
2015-08-31,Mauritania,Sub-Saharan Africa,818070.08
2015-09-30,Mauritania,Sub-Saharan Africa,1932063.83
2015-10-31,Mauritania,Sub-Saharan Africa,2163613.34
2015-11-30,Mauritania,Sub-Saharan Africa,4975333.1
2015-12-31,Mauritania,Sub-Saharan Africa,1990234.9100000001
2016-01-31,Mauritania,Sub-Saharan Africa,7525665.65
2016-02-29,Mauritania,Sub-Saharan Africa,11117379.41
2016-03-31,Mauritania,Sub-Saharan Africa,14457411.89
2016-04-30,Mauritania,Sub-Saharan Africa,737967.35
2016-05-31,Mauritania,Sub-Saharan Africa,4215919.6
2016-06-30,Mauritania,Sub-Saharan Africa,4577197.720000001
2016-07-31,Mauritania,Sub-Saharan Africa,1179256.81
2016-08-31,Mauritania,Sub-Saharan Africa,3285513.11
2016-09-30,Mauritania,Sub-Saharan Africa,1279563.83
2016-10-31,Mauritania,Sub-Saharan Africa,5945708.4
2016-11-30,Mauritania,Sub-Saharan Africa,2443098.9
2016-12-31,Mauritania,Sub-Saharan Africa,2074891.8499999999
2017-01-31,Mauritania,Sub-Saharan Africa,2681420.5
2017-02-28,Mauritania,Sub-Saharan Africa,930572.96
2017-03-31,Mauritania,Sub-Saharan Africa,10179746.45
2017-04-30,Mauritania,Sub-Saharan Africa,7868441.74
2017-05-31,Mauritania,Sub-Saharan Africa,1176265.23
2017-06-30,Mauritania,Sub-Saharan Africa,3129988.08
2010-01-31,Mauritius,Sub-Saharan Africa,3774184.01
2010-02-28,Mauritius,Sub-Saharan Africa,8507371.96
2010-03-31,Mauritius,Sub-Saharan Africa,1754041.28
2010-04-30,Mauritius,Sub-Saharan Africa,4827419.73
2010-05-31,Mauritius,Sub-Saharan Africa,637534.59
2010-06-30,Mauritius,Sub-Saharan Africa,5530881.71
2010-07-31,Mauritius,Sub-Saharan Africa,4173399.87
2010-08-31,Mauritius,Sub-Saharan Africa,8095492.51
2010-09-30,Mauritius,Sub-Saharan Africa,1077928.95
2010-10-31,Mauritius,Sub-Saharan Africa,8937096.07
2010-11-30,Mauritius,Sub-Saharan Africa,10225697.71
2010-12-31,Mauritius,Sub-Saharan Africa,4713793.4399999995
2011-01-31,Mauritius,Sub-Saharan Africa,5418838.09
2011-02-28,Mauritius,Sub-Saharan Africa,6512993.2700000005
2011-03-31,Mauritius,Sub-Saharan Africa,4297808.54
2011-04-30,Mauritius,Sub-Saharan Africa,5628327.05
2011-05-31,Mauritius,Sub-Saharan Africa,6815566.65
2011-06-30,Mauritius,Sub-Saharan Africa,4131345.24
2011-07-31,Mauritius,Sub-Saharan Africa,5808442.33
2011-08-31,Mauritius,Sub-Saharan Africa,1362990.9500000002
2011-09-30,Mauritius,Sub-Saharan Africa,1868942.3
2011-10-31,Mauritius,Sub-Saharan Africa,6305135.76
2011-11-30,Mauritius,Sub-Saharan Africa,4085196.8
2011-12-31,Mauritius,Sub-Saharan Africa,8781373.34
2012-01-31,Mauritius,Sub-Saharan Africa,1878246.7
2012-02-29,Mauritius,Sub-Saharan Africa,8594015.99
2012-03-31,Mauritius,Sub-Saharan Africa,3077580.2
2012-04-30,Mauritius,Sub-Saharan Africa,1717490.06
2012-05-31,Mauritius,Sub-Saharan Africa,4312372.5
2012-06-30,Mauritius,Sub-Saharan Africa,314070.72
2012-07-31,Mauritius,Sub-Saharan Africa,147284.8
2012-08-31,Mauritius,Sub-Saharan Africa,1214477.29
2012-09-30,Mauritius,Sub-Saharan Africa,945321.21
2012-10-31,Mauritius,Sub-Saharan Africa,199478.04
2012-11-30,Mauritius,Sub-Saharan Africa,393812.42
2012-12-31,Mauritius,Sub-Saharan Africa,423479.67
2013-01-31,Mauritius,Sub-Saharan Africa,738607.37
2013-02-28,Mauritius,Sub-Saharan Africa,4580450.5
2013-03-31,Mauritius,Sub-Saharan Africa,3736533.7
2013-04-30,Mauritius,Sub-Saharan Africa,4470709.44
2013-05-31,Mauritius,Sub-Saharan Africa,6623868.37
2013-06-30,Mauritius,Sub-Saharan Africa,5232662.32
2013-07-31,Mauritius,Sub-Saharan Africa,0.0
2013-08-31,Mauritius,Sub-Saharan Africa,9118056.879999999
2013-09-30,Mauritius,Sub-Saharan Africa,0.0
2013-10-31,Mauritius,Sub-Saharan Africa,8903623.89
2013-11-30,Mauritius,Sub-Saharan Africa,5334713.49
2013-12-31,Mauritius,Sub-Saharan Africa,4140337.6399999997
2014-01-31,Mauritius,Sub-Saharan Africa,475258.72
2014-02-28,Mauritius,Sub-Saharan Africa,1458886.75
2014-03-31,Mauritius,Sub-Saharan Africa,3228092.7199999997
2014-04-30,Mauritius,Sub-Saharan Africa,1753160.41
2014-05-31,Mauritius,Sub-Saharan Africa,9793660.23
2014-06-30,Mauritius,Sub-Saharan Africa,18660.0
2014-07-31,Mauritius,Sub-Saharan Africa,1302472.1199999999
2014-08-31,Mauritius,Sub-Saharan Africa,1749103.38
2014-09-30,Mauritius,Sub-Saharan Africa,0.0
2014-10-31,Mauritius,Sub-Saharan Africa,1216672.92
2014-11-30,Mauritius,Sub-Saharan Africa,2777676.58
2014-12-31,Mauritius,Sub-Saharan Africa,1527840.98
2015-01-31,Mauritius,Sub-Saharan Africa,11884651.07
2015-02-28,Mauritius,Sub-Saharan Africa,1420889.0699999998
2015-03-31,Mauritius,Sub-Saharan Africa,3562841.5599999996
2015-04-30,Mauritius,Sub-Saharan Africa,312671.19
2015-05-31,Mauritius,Sub-Saharan Africa,5402385.66
2015-06-30,Mauritius,Sub-Saharan Africa,16531820.54
2015-07-31,Mauritius,Sub-Saharan Africa,3424038.24
2015-08-31,Mauritius,Sub-Saharan Africa,7379401.33
2015-09-30,Mauritius,Sub-Saharan Africa,1643747.92
2015-10-31,Mauritius,Sub-Saharan Africa,1436403.1
2015-11-30,Mauritius,Sub-Saharan Africa,5330783.18
2015-12-31,Mauritius,Sub-Saharan Africa,7071379.63
2016-01-31,Mauritius,Sub-Saharan Africa,5289808.51
2016-02-29,Mauritius,Sub-Saharan Africa,11248976.77
2016-03-31,Mauritius,Sub-Saharan Africa,0.0
2016-04-30,Mauritius,Sub-Saharan Africa,3378105.04
2016-05-31,Mauritius,Sub-Saharan Africa,3962629.2
2016-06-30,Mauritius,Sub-Saharan Africa,5052331.68
2016-07-31,Mauritius,Sub-Saharan Africa,1046145.82
2016-08-31,Mauritius,Sub-Saharan Africa,6061535.08
2016-09-30,Mauritius,Sub-Saharan Africa,7188420.710000001
2016-10-31,Mauritius,Sub-Saharan Africa,8845456.48
2016-11-30,Mauritius,Sub-Saharan Africa,9805837.59
2016-12-31,Mauritius,Sub-Saharan Africa,3441171.89
2017-01-31,Mauritius,Sub-Saharan Africa,4557525.06
2017-02-28,Mauritius,Sub-Saharan Africa,0.0
2017-03-31,Mauritius,Sub-Saharan Africa,4991417.7700000005
2017-04-30,Mauritius,Sub-Saharan Africa,1078946.3
2017-05-31,Mauritius,Sub-Saharan Africa,1370075.74
2017-06-30,Mauritius,Sub-Saharan Africa,756469.3400000001
2010-01-31,Mexico,North America,6793439.35
2010-02-28,Mexico,North America,490218.92
2010-03-31,Mexico,North America,3719697.67
2010-04-30,Mexico,North America,11762239.99
2010-05-31,Mexico,North America,2733878.6
2010-06-30,Mexico,North America,9091603.76
2010-07-31,Mexico,North America,1741140.03
2010-08-31,Mexico,North America,6700781.52
2010-09-30,Mexico,North America,4561629.53
2010-10-31,Mexico,North America,8404511.85
2010-11-30,Mexico,North America,4022645.46
2010-12-31,Mexico,North America,42526.14
2011-01-31,Mexico,North America,2282083.4899999998
2011-02-28,Mexico,North America,3160422.3
2011-03-31,Mexico,North America,1093047.91
2011-04-30,Mexico,North America,5040241.21
2011-05-31,Mexico,North America,10333040.78
2011-06-30,Mexico,North America,851512.73
2011-07-31,Mexico,North America,428242.24
2011-08-31,Mexico,North America,8758331.86
2011-09-30,Mexico,North America,7420422.9399999995
2011-10-31,Mexico,North America,5700728.91
2011-11-30,Mexico,North America,7147458.720000001
2011-12-31,Mexico,North America,7471256.67
2012-01-31,Mexico,North America,4466451.46
2012-02-29,Mexico,North America,644988.0700000001
2012-03-31,Mexico,North America,4025906.71
2012-04-30,Mexico,North America,714989.88
2012-05-31,Mexico,North America,2303907.25
2012-06-30,Mexico,North America,7721958.26
2012-07-31,Mexico,North America,8835864.61
2012-08-31,Mexico,North America,4051828.62
2012-09-30,Mexico,North America,0.0
2012-10-31,Mexico,North America,1172200.0
2012-11-30,Mexico,North America,3594847.06
2012-12-31,Mexico,North America,2964441.63
2013-01-31,Mexico,North America,454250.8
2013-02-28,Mexico,North America,1250073.3
2013-03-31,Mexico,North America,2735693.8200000003
2013-04-30,Mexico,North America,12188740.26
2013-05-31,Mexico,North America,878478.86
2013-06-30,Mexico,North America,2012548.6600000001
2013-07-31,Mexico,North America,1382043.8699999999
2013-08-31,Mexico,North America,7905950.07
2013-09-30,Mexico,North America,2462930.1799999997
2013-10-31,Mexico,North America,5444179.89
2013-11-30,Mexico,North America,0.0
2013-12-31,Mexico,North America,3019991.75
2014-01-31,Mexico,North America,2220611.92
2014-02-28,Mexico,North America,3719785.79
2014-03-31,Mexico,North America,1688613.7600000002
2014-04-30,Mexico,North America,2271033.9
2014-05-31,Mexico,North America,5916242.85
2014-06-30,Mexico,North America,6119097.350000001
2014-07-31,Mexico,North America,2351208.68
2014-08-31,Mexico,North America,5579215.27
2014-09-30,Mexico,North America,976046.5
2014-10-31,Mexico,North America,1400285.0
2014-11-30,Mexico,North America,10279919.620000001
2014-12-31,Mexico,North America,2295715.14
2015-01-31,Mexico,North America,1332907.53
2015-02-28,Mexico,North America,2289348.9899999998
2015-03-31,Mexico,North America,932654.77
2015-04-30,Mexico,North America,7491572.5
2015-05-31,Mexico,North America,4404515.32
2015-06-30,Mexico,North America,12525594.49
2015-07-31,Mexico,North America,1031438.8400000001
2015-08-31,Mexico,North America,1380696.42
2015-09-30,Mexico,North America,5878220.13
2015-10-31,Mexico,North America,9800846.36
2015-11-30,Mexico,North America,5062885.91
2015-12-31,Mexico,North America,4032845.0799999996
2016-01-31,Mexico,North America,4580401.98
2016-02-29,Mexico,North America,11274513.29
2016-03-31,Mexico,North America,2603776.69
2016-04-30,Mexico,North America,2839081.98
2016-05-31,Mexico,North America,12512244.72
2016-06-30,Mexico,North America,1741639.2999999998
2016-07-31,Mexico,North America,52546.56
2016-08-31,Mexico,North America,3845451.65
2016-09-30,Mexico,North America,6250873.07
2016-10-31,Mexico,North America,3995548.28
2016-11-30,Mexico,North America,3832872.48
2016-12-31,Mexico,North America,0.0
2017-01-31,Mexico,North America,227238.5
2017-02-28,Mexico,North America,3894143.4299999997
2017-03-31,Mexico,North America,7532477.73
2017-04-30,Mexico,North America,7989727.879999999
2017-05-31,Mexico,North America,556201.61
2017-06-30,Mexico,North America,5191677.1
2010-01-31,Moldova,Europe,3340789.6799999997
2010-02-28,Moldova,Europe,15163984.3
2010-03-31,Moldova,Europe,6988604.27
2010-04-30,Moldova,Europe,2196621.18
2010-05-31,Moldova,Europe,186609.68
2010-06-30,Moldova,Europe,5702464.68
2010-07-31,Moldova,Europe,1030220.16
2010-08-31,Moldova,Europe,2446152.75
2010-09-30,Moldova,Europe,6602347.58
2010-10-31,Moldova,Europe,14901739.65
2010-11-30,Moldova,Europe,5641534.9399999995
2010-12-31,Moldova,Europe,929517.36
2011-01-31,Moldova,Europe,1330313.71
2011-02-28,Moldova,Europe,3535661.0
2011-03-31,Moldova,Europe,5150327.449999999
2011-04-30,Moldova,Europe,5074330.76
2011-05-31,Moldova,Europe,1441039.02
2011-06-30,Moldova,Europe,617585.49
2011-07-31,Moldova,Europe,5584868.04
2011-08-31,Moldova,Europe,5332794.6
2011-09-30,Moldova,Europe,6924768.47
2011-10-31,Moldova,Europe,3179558.96
2011-11-30,Moldova,Europe,12142722.95
2011-12-31,Moldova,Europe,2037114.81
2012-01-31,Moldova,Europe,521812.0
2012-02-29,Moldova,Europe,3611022.87
2012-03-31,Moldova,Europe,4572674.8
2012-04-30,Moldova,Europe,7357575.44
2012-05-31,Moldova,Europe,2815332.81
2012-06-30,Moldova,Europe,2991714.02
2012-07-31,Moldova,Europe,199117.6
2012-08-31,Moldova,Europe,1434698.21
2012-09-30,Moldova,Europe,2183081.79
2012-10-31,Moldova,Europe,3485593.12
2012-11-30,Moldova,Europe,2171557.59
2012-12-31,Moldova,Europe,1913554.82
2013-01-31,Moldova,Europe,1825821.36
2013-02-28,Moldova,Europe,1469634.5399999998
2013-03-31,Moldova,Europe,225969.87
2013-04-30,Moldova,Europe,5172901.32
2013-05-31,Moldova,Europe,2696723.77
2013-06-30,Moldova,Europe,7562199.11
2013-07-31,Moldova,Europe,1101717.7999999998
2013-08-31,Moldova,Europe,987454.08
2013-09-30,Moldova,Europe,2990730.5100000002
2013-10-31,Moldova,Europe,2077147.12
2013-11-30,Moldova,Europe,14710680.01
2013-12-31,Moldova,Europe,62389.71
2014-01-31,Moldova,Europe,1475074.7
2014-02-28,Moldova,Europe,10186787.97
2014-03-31,Moldova,Europe,6445464.15
2014-04-30,Moldova,Europe,4342265.52
2014-05-31,Moldova,Europe,3592346.12
2014-06-30,Moldova,Europe,9405487.64
2014-07-31,Moldova,Europe,6625238.040000001
2014-08-31,Moldova,Europe,118933.34
2014-09-30,Moldova,Europe,4675149.040000001
2014-10-31,Moldova,Europe,3120152.63
2014-11-30,Moldova,Europe,10594688.219999999
2014-12-31,Moldova,Europe,5109129.0600000005
2015-01-31,Moldova,Europe,4185780.96
2015-02-28,Moldova,Europe,6575459.640000001
2015-03-31,Moldova,Europe,3616532.12
2015-04-30,Moldova,Europe,2052900.97
2015-05-31,Moldova,Europe,3569933.22
2015-06-30,Moldova,Europe,553363.97
2015-07-31,Moldova,Europe,544799.6599999999
2015-08-31,Moldova,Europe,1765413.6
2015-09-30,Moldova,Europe,594086.0800000001
2015-10-31,Moldova,Europe,4574544.05
2015-11-30,Moldova,Europe,1308526.08
2015-12-31,Moldova,Europe,1498929.61
2016-01-31,Moldova,Europe,829365.0900000001
2016-02-29,Moldova,Europe,151936.07
2016-03-31,Moldova,Europe,6532918.37
2016-04-30,Moldova,Europe,3091173.59
2016-05-31,Moldova,Europe,11494511.96
2016-06-30,Moldova,Europe,2785719.14
2016-07-31,Moldova,Europe,8669194.69
2016-08-31,Moldova,Europe,6136522.09
2016-09-30,Moldova,Europe,5136713.8
2016-10-31,Moldova,Europe,3522943.2199999997
2016-11-30,Moldova,Europe,68238.94
2016-12-31,Moldova,Europe,7013761.42
2017-01-31,Moldova,Europe,1777922.5899999999
2017-02-28,Moldova,Europe,9109989.82
2017-03-31,Moldova,Europe,2124069.15
2017-04-30,Moldova,Europe,292838.59
2017-05-31,Moldova,Europe,8052757.8100000005
2017-06-30,Moldova,Europe,905888.97
2010-01-31,Monaco,Europe,1386680.96
2010-02-28,Monaco,Europe,12508036.71
2010-03-31,Monaco,Europe,5778361.83
2010-04-30,Monaco,Europe,2439430.47
2010-05-31,Monaco,Europe,18516840.59
2010-06-30,Monaco,Europe,483236.16
2010-07-31,Monaco,Europe,205525.26
2010-08-31,Monaco,Europe,36206.39
2010-09-30,Monaco,Europe,6197325.63
2010-10-31,Monaco,Europe,2252122.52
2010-11-30,Monaco,Europe,3758541.04
2010-12-31,Monaco,Europe,1705993.7699999998
2011-01-31,Monaco,Europe,15039807.84
2011-02-28,Monaco,Europe,7801656.42
2011-03-31,Monaco,Europe,887405.28
2011-04-30,Monaco,Europe,718877.69
2011-05-31,Monaco,Europe,1982459.8599999999
2011-06-30,Monaco,Europe,63742.56
2011-07-31,Monaco,Europe,1209579.41
2011-08-31,Monaco,Europe,5048667.2
2011-09-30,Monaco,Europe,2096406.1500000001
2011-10-31,Monaco,Europe,1012193.3400000001
2011-11-30,Monaco,Europe,1824827.74
2011-12-31,Monaco,Europe,8939460.49
2012-01-31,Monaco,Europe,0.0
2012-02-29,Monaco,Europe,3260035.3899999997
2012-03-31,Monaco,Europe,311120.16
2012-04-30,Monaco,Europe,2269376.88
2012-05-31,Monaco,Europe,3481142.91
2012-06-30,Monaco,Europe,2979176.8699999996
2012-07-31,Monaco,Europe,457558.2
2012-08-31,Monaco,Europe,0.0
2012-09-30,Monaco,Europe,2008466.69
2012-10-31,Monaco,Europe,1710066.56
2012-11-30,Monaco,Europe,4194376.95
2012-12-31,Monaco,Europe,6370341.380000001
2013-01-31,Monaco,Europe,1724660.0
2013-02-28,Monaco,Europe,180689.6
2013-03-31,Monaco,Europe,12895.04
2013-04-30,Monaco,Europe,6653991.18
2013-05-31,Monaco,Europe,0.0
2013-06-30,Monaco,Europe,4086346.19
2013-07-31,Monaco,Europe,4748958.370000001
2013-08-31,Monaco,Europe,4151214.0
2013-09-30,Monaco,Europe,1164980.04
2013-10-31,Monaco,Europe,7276937.03
2013-11-30,Monaco,Europe,4664534.91
2013-12-31,Monaco,Europe,626282.87
2014-01-31,Monaco,Europe,0.0
2014-02-28,Monaco,Europe,720635.34
2014-03-31,Monaco,Europe,7985272.16
2014-04-30,Monaco,Europe,9668407.02
2014-05-31,Monaco,Europe,2170150.7
2014-06-30,Monaco,Europe,3218545.16
2014-07-31,Monaco,Europe,2937378.0599999996
2014-08-31,Monaco,Europe,763327.33
2014-09-30,Monaco,Europe,8924165.6
2014-10-31,Monaco,Europe,119668.9
2014-11-30,Monaco,Europe,4954221.3
2014-12-31,Monaco,Europe,785419.74
2015-01-31,Monaco,Europe,261584.31
2015-02-28,Monaco,Europe,7943882.6899999995
2015-03-31,Monaco,Europe,14865323.52
2015-04-30,Monaco,Europe,3386429.0300000003
2015-05-31,Monaco,Europe,7088778.72
2015-06-30,Monaco,Europe,1718417.8
2015-07-31,Monaco,Europe,1779430.1600000001
2015-08-31,Monaco,Europe,278886.33
2015-09-30,Monaco,Europe,1512437.2
2015-10-31,Monaco,Europe,1774097.65
2015-11-30,Monaco,Europe,5896392.63
2015-12-31,Monaco,Europe,6119518.350000001
2016-01-31,Monaco,Europe,3554891.1799999997
2016-02-29,Monaco,Europe,6139320.5
2016-03-31,Monaco,Europe,1957537.26
2016-04-30,Monaco,Europe,0.0
2016-05-31,Monaco,Europe,8223697.26
2016-06-30,Monaco,Europe,10796065.67
2016-07-31,Monaco,Europe,1165711.2
2016-08-31,Monaco,Europe,1865561.06
2016-09-30,Monaco,Europe,1317986.04
2016-10-31,Monaco,Europe,10760633.19
2016-11-30,Monaco,Europe,3540413.54
2016-12-31,Monaco,Europe,102527.79999999999
2017-01-31,Monaco,Europe,1173156.97
2017-02-28,Monaco,Europe,0.0
2017-03-31,Monaco,Europe,712259.6799999999
2017-04-30,Monaco,Europe,8143511.33
2017-05-31,Monaco,Europe,4577255.12
2017-06-30,Monaco,Europe,6654179.97
2010-01-31,Mongolia,Asia,4452539.27
2010-02-28,Mongolia,Asia,2804835.44
2010-03-31,Mongolia,Asia,2565610.95
2010-04-30,Mongolia,Asia,222534.8
2010-05-31,Mongolia,Asia,3477360.46
2010-06-30,Mongolia,Asia,594710.3200000001
2010-07-31,Mongolia,Asia,2741240.34
2010-08-31,Mongolia,Asia,177231.88
2010-09-30,Mongolia,Asia,530357.35
2010-10-31,Mongolia,Asia,989351.17
2010-11-30,Mongolia,Asia,5738480.1899999995
2010-12-31,Mongolia,Asia,4369249.039999999
2011-01-31,Mongolia,Asia,6681398.89
2011-02-28,Mongolia,Asia,1924109.52
2011-03-31,Mongolia,Asia,7831456.260000001
2011-04-30,Mongolia,Asia,2479881.68
2011-05-31,Mongolia,Asia,1242112.43
2011-06-30,Mongolia,Asia,5108096.65
2011-07-31,Mongolia,Asia,3414679.48
2011-08-31,Mongolia,Asia,6172498.65
2011-09-30,Mongolia,Asia,4835065.3
2011-10-31,Mongolia,Asia,3997256.06
2011-11-30,Mongolia,Asia,5015037.05
2011-12-31,Mongolia,Asia,1313143.83
2012-01-31,Mongolia,Asia,2711678.3600000003
2012-02-29,Mongolia,Asia,2395164.5300000003
2012-03-31,Mongolia,Asia,2293506.05
2012-04-30,Mongolia,Asia,2221506.84
2012-05-31,Mongolia,Asia,341009.95999999996
2012-06-30,Mongolia,Asia,0.0
2012-07-31,Mongolia,Asia,3268377.49
2012-08-31,Mongolia,Asia,4269325.76
2012-09-30,Mongolia,Asia,1243821.49
2012-10-31,Mongolia,Asia,2681552.76
2012-11-30,Mongolia,Asia,3958408.8000000003
2012-12-31,Mongolia,Asia,468948.35
2013-01-31,Mongolia,Asia,6986202.4399999995
2013-02-28,Mongolia,Asia,9250047.030000001
2013-03-31,Mongolia,Asia,2841868.68
2013-04-30,Mongolia,Asia,2040.35
2013-05-31,Mongolia,Asia,841143.8600000001
2013-06-30,Mongolia,Asia,1100691.23
2013-07-31,Mongolia,Asia,12335407.399999999
2013-08-31,Mongolia,Asia,10348538.44
2013-09-30,Mongolia,Asia,864048.8200000001
2013-10-31,Mongolia,Asia,4797821.99
2013-11-30,Mongolia,Asia,3651408.3899999997
2013-12-31,Mongolia,Asia,2667931.1799999997
2014-01-31,Mongolia,Asia,458604.25
2014-02-28,Mongolia,Asia,4954527.87
2014-03-31,Mongolia,Asia,2153579.46
2014-04-30,Mongolia,Asia,7672628.109999999
2014-05-31,Mongolia,Asia,13576.2
2014-06-30,Mongolia,Asia,1629448.29
2014-07-31,Mongolia,Asia,13226289.19
2014-08-31,Mongolia,Asia,4887884.41
2014-09-30,Mongolia,Asia,89782.59
2014-10-31,Mongolia,Asia,12141459.26
2014-11-30,Mongolia,Asia,513440.13
2014-12-31,Mongolia,Asia,4979759.959999999
2015-01-31,Mongolia,Asia,3852850.94
2015-02-28,Mongolia,Asia,4927157.54
2015-03-31,Mongolia,Asia,7302490.92
2015-04-30,Mongolia,Asia,3146189.2
2015-05-31,Mongolia,Asia,707826.8
2015-06-30,Mongolia,Asia,2821501.55
2015-07-31,Mongolia,Asia,7325193.91
2015-08-31,Mongolia,Asia,7001179.32
2015-09-30,Mongolia,Asia,5597552.62
2015-10-31,Mongolia,Asia,6283729.6
2015-11-30,Mongolia,Asia,2347075.0
2015-12-31,Mongolia,Asia,3161103.21
2016-01-31,Mongolia,Asia,3261985.43
2016-02-29,Mongolia,Asia,2026230.4699999997
2016-03-31,Mongolia,Asia,7796039.29
2016-04-30,Mongolia,Asia,922651.04
2016-05-31,Mongolia,Asia,7115327.9
2016-06-30,Mongolia,Asia,10331507.92
2016-07-31,Mongolia,Asia,2241959.25
2016-08-31,Mongolia,Asia,7202645.640000001
2016-09-30,Mongolia,Asia,3418146.4
2016-10-31,Mongolia,Asia,6418993.52
2016-11-30,Mongolia,Asia,1139699.03
2016-12-31,Mongolia,Asia,2347416.56
2017-01-31,Mongolia,Asia,3374320.39
2017-02-28,Mongolia,Asia,7615217.01
2017-03-31,Mongolia,Asia,2354696.28
2017-04-30,Mongolia,Asia,0.0
2017-05-31,Mongolia,Asia,4764317.06
2017-06-30,Mongolia,Asia,752651.76
2010-01-31,Montenegro,Europe,6833617.89
2010-02-28,Montenegro,Europe,226475.7
2010-03-31,Montenegro,Europe,6351386.69
2010-04-30,Montenegro,Europe,5289418.7
2010-05-31,Montenegro,Europe,79566.23999999999
2010-06-30,Montenegro,Europe,1114240.7
2010-07-31,Montenegro,Europe,3380633.12
2010-08-31,Montenegro,Europe,4308575.3
2010-09-30,Montenegro,Europe,930115.44
2010-10-31,Montenegro,Europe,5407458.0
2010-11-30,Montenegro,Europe,2922830.37
2010-12-31,Montenegro,Europe,1909583.8299999998
2011-01-31,Montenegro,Europe,1974870.21
2011-02-28,Montenegro,Europe,1453825.5
2011-03-31,Montenegro,Europe,298886.61
2011-04-30,Montenegro,Europe,4875111.04
2011-05-31,Montenegro,Europe,1155582.9
2011-06-30,Montenegro,Europe,4635745.640000001
2011-07-31,Montenegro,Europe,6620491.100000001
2011-08-31,Montenegro,Europe,3038155.07
2011-09-30,Montenegro,Europe,8482887.27
2011-10-31,Montenegro,Europe,2184995.0700000003
2011-11-30,Montenegro,Europe,2282127.06
2011-12-31,Montenegro,Europe,861074.65
2012-01-31,Montenegro,Europe,18255360.84
2012-02-29,Montenegro,Europe,3006053.88
2012-03-31,Montenegro,Europe,3903812.27
2012-04-30,Montenegro,Europe,2931737.17
2012-05-31,Montenegro,Europe,9370570.03
2012-06-30,Montenegro,Europe,1598289.0
2012-07-31,Montenegro,Europe,6001700.62
2012-08-31,Montenegro,Europe,0.0
2012-09-30,Montenegro,Europe,1049750.4
2012-10-31,Montenegro,Europe,707116.12
2012-11-30,Montenegro,Europe,1127734.48
2012-12-31,Montenegro,Europe,3122409.1599999997
2013-01-31,Montenegro,Europe,3545270.5599999996
2013-02-28,Montenegro,Europe,0.0
2013-03-31,Montenegro,Europe,7762761.76
2013-04-30,Montenegro,Europe,1482294.9
2013-05-31,Montenegro,Europe,2063890.02
2013-06-30,Montenegro,Europe,53003.73
2013-07-31,Montenegro,Europe,7129760.720000001
2013-08-31,Montenegro,Europe,3547845.43
2013-09-30,Montenegro,Europe,231283.68
2013-10-31,Montenegro,Europe,1260631.34
2013-11-30,Montenegro,Europe,2007526.8
2013-12-31,Montenegro,Europe,10027702.91
2014-01-31,Montenegro,Europe,1346702.28
2014-02-28,Montenegro,Europe,0.0
2014-03-31,Montenegro,Europe,201664.52
2014-04-30,Montenegro,Europe,6722311.41
2014-05-31,Montenegro,Europe,6180799.69
2014-06-30,Montenegro,Europe,6341162.29
2014-07-31,Montenegro,Europe,2162055.82
2014-08-31,Montenegro,Europe,4273977.989999999
2014-09-30,Montenegro,Europe,25200.33
2014-10-31,Montenegro,Europe,5948618.5
2014-11-30,Montenegro,Europe,1012992.4
2014-12-31,Montenegro,Europe,134575.56
2015-01-31,Montenegro,Europe,4596186.27
2015-02-28,Montenegro,Europe,4080964.68
2015-03-31,Montenegro,Europe,3929876.1500000004
2015-04-30,Montenegro,Europe,1629167.87
2015-05-31,Montenegro,Europe,8312958.0
2015-06-30,Montenegro,Europe,0.0
2015-07-31,Montenegro,Europe,7375537.8100000005
2015-08-31,Montenegro,Europe,2416478.07
2015-09-30,Montenegro,Europe,1092811.83
2015-10-31,Montenegro,Europe,11161990.77
2015-11-30,Montenegro,Europe,7387461.47
2015-12-31,Montenegro,Europe,8184604.7299999995
2016-01-31,Montenegro,Europe,5832899.69
2016-02-29,Montenegro,Europe,66065.73
2016-03-31,Montenegro,Europe,2794511.7
2016-04-30,Montenegro,Europe,905422.1
2016-05-31,Montenegro,Europe,283891.94
2016-06-30,Montenegro,Europe,8018924.050000001
2016-07-31,Montenegro,Europe,1115900.1600000001
2016-08-31,Montenegro,Europe,664306.72
2016-09-30,Montenegro,Europe,2357424.56
2016-10-31,Montenegro,Europe,3307425.25
2016-11-30,Montenegro,Europe,3514756.79
2016-12-31,Montenegro,Europe,829657.76
2017-01-31,Montenegro,Europe,13564790.7
2017-02-28,Montenegro,Europe,1822404.1500000001
2017-03-31,Montenegro,Europe,1884318.8800000001
2017-04-30,Montenegro,Europe,805058.62
2017-05-31,Montenegro,Europe,3623474.47
2017-06-30,Montenegro,Europe,2718771.8200000003
2010-01-31,Morocco,Middle East and North Africa,932290.28
2010-02-28,Morocco,Middle East and North Africa,870265.3899999999
2010-03-31,Morocco,Middle East and North Africa,5542566.930000001
2010-04-30,Morocco,Middle East and North Africa,1285845.36
2010-05-31,Morocco,Middle East and North Africa,1661438.9
2010-06-30,Morocco,Middle East and North Africa,4887829.69
2010-07-31,Morocco,Middle East and North Africa,268877.52
2010-08-31,Morocco,Middle East and North Africa,3523747.2
2010-09-30,Morocco,Middle East and North Africa,1957358.64
2010-10-31,Morocco,Middle East and North Africa,2058907.63
2010-11-30,Morocco,Middle East and North Africa,5886382.51
2010-12-31,Morocco,Middle East and North Africa,3977884.4
2011-01-31,Morocco,Middle East and North Africa,457555.36
2011-02-28,Morocco,Middle East and North Africa,6995253.77
2011-03-31,Morocco,Middle East and North Africa,5472703.74
2011-04-30,Morocco,Middle East and North Africa,3640783.13
2011-05-31,Morocco,Middle East and North Africa,13565717.68
2011-06-30,Morocco,Middle East and North Africa,757453.02
2011-07-31,Morocco,Middle East and North Africa,1267465.2
2011-08-31,Morocco,Middle East and North Africa,2908180.06
2011-09-30,Morocco,Middle East and North Africa,5832479.61
2011-10-31,Morocco,Middle East and North Africa,463222.88
2011-11-30,Morocco,Middle East and North Africa,977185.61
2011-12-31,Morocco,Middle East and North Africa,3405907.9299999997
2012-01-31,Morocco,Middle East and North Africa,4488762.67
2012-02-29,Morocco,Middle East and North Africa,4969915.66
2012-03-31,Morocco,Middle East and North Africa,1839079.04
2012-04-30,Morocco,Middle East and North Africa,3044367.22
2012-05-31,Morocco,Middle East and North Africa,6584175.42
2012-06-30,Morocco,Middle East and North Africa,308029.04000000004
2012-07-31,Morocco,Middle East and North Africa,1542750.0
2012-08-31,Morocco,Middle East and North Africa,215954.77
2012-09-30,Morocco,Middle East and North Africa,7016112.57
2012-10-31,Morocco,Middle East and North Africa,5298257.08
2012-11-30,Morocco,Middle East and North Africa,2600799.8200000003
2012-12-31,Morocco,Middle East and North Africa,5419986.45
2013-01-31,Morocco,Middle East and North Africa,12603039.03
2013-02-28,Morocco,Middle East and North Africa,8591744.2
2013-03-31,Morocco,Middle East and North Africa,1052126.3
2013-04-30,Morocco,Middle East and North Africa,3463860.46
2013-05-31,Morocco,Middle East and North Africa,4286097.09
2013-06-30,Morocco,Middle East and North Africa,4417583.41
2013-07-31,Morocco,Middle East and North Africa,3967146.07
2013-08-31,Morocco,Middle East and North Africa,929822.52
2013-09-30,Morocco,Middle East and North Africa,5945375.1
2013-10-31,Morocco,Middle East and North Africa,845837.98
2013-11-30,Morocco,Middle East and North Africa,2003450.83
2013-12-31,Morocco,Middle East and North Africa,3534135.6100000003
2014-01-31,Morocco,Middle East and North Africa,1265236.57
2014-02-28,Morocco,Middle East and North Africa,3823612.92
2014-03-31,Morocco,Middle East and North Africa,4756044.48
2014-04-30,Morocco,Middle East and North Africa,9741062.86
2014-05-31,Morocco,Middle East and North Africa,3092800.88
2014-06-30,Morocco,Middle East and North Africa,3267105.5
2014-07-31,Morocco,Middle East and North Africa,289416.54
2014-08-31,Morocco,Middle East and North Africa,4947341.9
2014-09-30,Morocco,Middle East and North Africa,6287521.470000001
2014-10-31,Morocco,Middle East and North Africa,453601.5
2014-11-30,Morocco,Middle East and North Africa,512142.95
2014-12-31,Morocco,Middle East and North Africa,1357114.54
2015-01-31,Morocco,Middle East and North Africa,7536407.9799999995
2015-02-28,Morocco,Middle East and North Africa,1057915.1
2015-03-31,Morocco,Middle East and North Africa,3469900.79
2015-04-30,Morocco,Middle East and North Africa,3650281.53
2015-05-31,Morocco,Middle East and North Africa,203541.72
2015-06-30,Morocco,Middle East and North Africa,6614744.63
2015-07-31,Morocco,Middle East and North Africa,3249268.8899999997
2015-08-31,Morocco,Middle East and North Africa,14689641.39
2015-09-30,Morocco,Middle East and North Africa,664107.33
2015-10-31,Morocco,Middle East and North Africa,4522959.49
2015-11-30,Morocco,Middle East and North Africa,8135458.23
2015-12-31,Morocco,Middle East and North Africa,4880337.38
2016-01-31,Morocco,Middle East and North Africa,0.0
2016-02-29,Morocco,Middle East and North Africa,674517.69
2016-03-31,Morocco,Middle East and North Africa,10780380.73
2016-04-30,Morocco,Middle East and North Africa,5912730.55
2016-05-31,Morocco,Middle East and North Africa,2163496.64
2016-06-30,Morocco,Middle East and North Africa,2012574.4
2016-07-31,Morocco,Middle East and North Africa,2172436.56
2016-08-31,Morocco,Middle East and North Africa,5491742.13
2016-09-30,Morocco,Middle East and North Africa,4418980.22
2016-10-31,Morocco,Middle East and North Africa,1176899.52
2016-11-30,Morocco,Middle East and North Africa,675215.06
2016-12-31,Morocco,Middle East and North Africa,2628864.6
2017-01-31,Morocco,Middle East and North Africa,3474428.4
2017-02-28,Morocco,Middle East and North Africa,3220871.89
2017-03-31,Morocco,Middle East and North Africa,5992618.7
2017-04-30,Morocco,Middle East and North Africa,8262519.18
2017-05-31,Morocco,Middle East and North Africa,11864074.46
2017-06-30,Morocco,Middle East and North Africa,5186236.44
2010-01-31,Mozambique,Sub-Saharan Africa,1321683.57
2010-02-28,Mozambique,Sub-Saharan Africa,1828893.15
2010-03-31,Mozambique,Sub-Saharan Africa,1149812.79
2010-04-30,Mozambique,Sub-Saharan Africa,795151.17
2010-05-31,Mozambique,Sub-Saharan Africa,4936432.93
2010-06-30,Mozambique,Sub-Saharan Africa,2278056.3099999996
2010-07-31,Mozambique,Sub-Saharan Africa,6734275.890000001
2010-08-31,Mozambique,Sub-Saharan Africa,5829188.17
2010-09-30,Mozambique,Sub-Saharan Africa,3264688.0999999996
2010-10-31,Mozambique,Sub-Saharan Africa,491005.9
2010-11-30,Mozambique,Sub-Saharan Africa,549062.14
2010-12-31,Mozambique,Sub-Saharan Africa,1053664.76
2011-01-31,Mozambique,Sub-Saharan Africa,8959446.74
2011-02-28,Mozambique,Sub-Saharan Africa,4226732.89
2011-03-31,Mozambique,Sub-Saharan Africa,1051972.4400000002
2011-04-30,Mozambique,Sub-Saharan Africa,12127927.870000001
2011-05-31,Mozambique,Sub-Saharan Africa,6912801.220000001
2011-06-30,Mozambique,Sub-Saharan Africa,11004084.08
2011-07-31,Mozambique,Sub-Saharan Africa,5407563.99
2011-08-31,Mozambique,Sub-Saharan Africa,7475001.84
2011-09-30,Mozambique,Sub-Saharan Africa,1327997.2
2011-10-31,Mozambique,Sub-Saharan Africa,7713292.6899999995
2011-11-30,Mozambique,Sub-Saharan Africa,12513648.700000001
2011-12-31,Mozambique,Sub-Saharan Africa,4102218.76
2012-01-31,Mozambique,Sub-Saharan Africa,0.0
2012-02-29,Mozambique,Sub-Saharan Africa,7398539.6899999995
2012-03-31,Mozambique,Sub-Saharan Africa,3831842.55
2012-04-30,Mozambique,Sub-Saharan Africa,1293092.85
2012-05-31,Mozambique,Sub-Saharan Africa,6128800.779999999
2012-06-30,Mozambique,Sub-Saharan Africa,4232813.35
2012-07-31,Mozambique,Sub-Saharan Africa,3538459.69
2012-08-31,Mozambique,Sub-Saharan Africa,4228012.03
2012-09-30,Mozambique,Sub-Saharan Africa,3303829.11
2012-10-31,Mozambique,Sub-Saharan Africa,147949.1
2012-11-30,Mozambique,Sub-Saharan Africa,4080782.5500000003
2012-12-31,Mozambique,Sub-Saharan Africa,4261557.79
2013-01-31,Mozambique,Sub-Saharan Africa,7066959.390000001
2013-02-28,Mozambique,Sub-Saharan Africa,0.0
2013-03-31,Mozambique,Sub-Saharan Africa,0.0
2013-04-30,Mozambique,Sub-Saharan Africa,7773071.2
2013-05-31,Mozambique,Sub-Saharan Africa,5051135.82
2013-06-30,Mozambique,Sub-Saharan Africa,1098245.46
2013-07-31,Mozambique,Sub-Saharan Africa,2087880.7200000002
2013-08-31,Mozambique,Sub-Saharan Africa,3907707.21
2013-09-30,Mozambique,Sub-Saharan Africa,1961102.92
2013-10-31,Mozambique,Sub-Saharan Africa,326785.44999999995
2013-11-30,Mozambique,Sub-Saharan Africa,2153908.0300000003
2013-12-31,Mozambique,Sub-Saharan Africa,3802747.5100000002
2014-01-31,Mozambique,Sub-Saharan Africa,847581.04
2014-02-28,Mozambique,Sub-Saharan Africa,5064567.34
2014-03-31,Mozambique,Sub-Saharan Africa,0.0
2014-04-30,Mozambique,Sub-Saharan Africa,20476131.57
2014-05-31,Mozambique,Sub-Saharan Africa,5701343.55
2014-06-30,Mozambique,Sub-Saharan Africa,712366.85
2014-07-31,Mozambique,Sub-Saharan Africa,12133942.100000001
2014-08-31,Mozambique,Sub-Saharan Africa,2655778.36
2014-09-30,Mozambique,Sub-Saharan Africa,4265574.08
2014-10-31,Mozambique,Sub-Saharan Africa,5009118.17
2014-11-30,Mozambique,Sub-Saharan Africa,3456104.9699999997
2014-12-31,Mozambique,Sub-Saharan Africa,2415155.89
2015-01-31,Mozambique,Sub-Saharan Africa,1506649.82
2015-02-28,Mozambique,Sub-Saharan Africa,992457.25
2015-03-31,Mozambique,Sub-Saharan Africa,6235076.21
2015-04-30,Mozambique,Sub-Saharan Africa,4067325.87
2015-05-31,Mozambique,Sub-Saharan Africa,3739403.48
2015-06-30,Mozambique,Sub-Saharan Africa,982481.5900000001
2015-07-31,Mozambique,Sub-Saharan Africa,4893119.57
2015-08-31,Mozambique,Sub-Saharan Africa,997918.95
2015-09-30,Mozambique,Sub-Saharan Africa,3813510.67
2015-10-31,Mozambique,Sub-Saharan Africa,12851688.219999999
2015-11-30,Mozambique,Sub-Saharan Africa,999695.34
2015-12-31,Mozambique,Sub-Saharan Africa,4327556.88
2016-01-31,Mozambique,Sub-Saharan Africa,637654.34
2016-02-29,Mozambique,Sub-Saharan Africa,8862339.77
2016-03-31,Mozambique,Sub-Saharan Africa,123589.8
2016-04-30,Mozambique,Sub-Saharan Africa,6306060.91
2016-05-31,Mozambique,Sub-Saharan Africa,1064348.6600000001
2016-06-30,Mozambique,Sub-Saharan Africa,2038225.4300000002
2016-07-31,Mozambique,Sub-Saharan Africa,7036057.9799999995
2016-08-31,Mozambique,Sub-Saharan Africa,8192679.290000001
2016-09-30,Mozambique,Sub-Saharan Africa,5522657.03
2016-10-31,Mozambique,Sub-Saharan Africa,2342727.9
2016-11-30,Mozambique,Sub-Saharan Africa,7614287.83
2016-12-31,Mozambique,Sub-Saharan Africa,2274277.65
2017-01-31,Mozambique,Sub-Saharan Africa,3943277.7199999997
2017-02-28,Mozambique,Sub-Saharan Africa,1909915.66
2017-03-31,Mozambique,Sub-Saharan Africa,1173060.46
2017-04-30,Mozambique,Sub-Saharan Africa,70572.12
2017-05-31,Mozambique,Sub-Saharan Africa,6484528.23
2017-06-30,Mozambique,Sub-Saharan Africa,1882358.4
2010-01-31,Myanmar,Asia,2477406.58
2010-02-28,Myanmar,Asia,3527604.57
2010-03-31,Myanmar,Asia,770988.04
2010-04-30,Myanmar,Asia,4350449.57
2010-05-31,Myanmar,Asia,5254383.86
2010-06-30,Myanmar,Asia,1609380.51
2010-07-31,Myanmar,Asia,4947943.7299999995
2010-08-31,Myanmar,Asia,1952579.31
2010-09-30,Myanmar,Asia,499321.64
2010-10-31,Myanmar,Asia,1932489.8599999999
2010-11-30,Myanmar,Asia,1513420.7799999998
2010-12-31,Myanmar,Asia,7404751.28
2011-01-31,Myanmar,Asia,7557661.01
2011-02-28,Myanmar,Asia,2030204.26
2011-03-31,Myanmar,Asia,296978.08
2011-04-30,Myanmar,Asia,1952366.08
2011-05-31,Myanmar,Asia,6892226.010000001
2011-06-30,Myanmar,Asia,9842115.83
2011-07-31,Myanmar,Asia,293715.5
2011-08-31,Myanmar,Asia,6702586.460000001
2011-09-30,Myanmar,Asia,6715146.31
2011-10-31,Myanmar,Asia,551687.4
2011-11-30,Myanmar,Asia,0.0
2011-12-31,Myanmar,Asia,3268072.5700000003
2012-01-31,Myanmar,Asia,9198107.26
2012-02-29,Myanmar,Asia,698684.17
2012-03-31,Myanmar,Asia,129564.46
2012-04-30,Myanmar,Asia,3264971.4299999997
2012-05-31,Myanmar,Asia,9438703.29
2012-06-30,Myanmar,Asia,6026149.800000001
2012-07-31,Myanmar,Asia,5211502.2
2012-08-31,Myanmar,Asia,5098036.66
2012-09-30,Myanmar,Asia,1269015.6400000001
2012-10-31,Myanmar,Asia,2136601.17
2012-11-30,Myanmar,Asia,0.0
2012-12-31,Myanmar,Asia,791963.7
2013-01-31,Myanmar,Asia,6503008.04
2013-02-28,Myanmar,Asia,2892834.6399999997
2013-03-31,Myanmar,Asia,13141366.579999998
2013-04-30,Myanmar,Asia,1700704.16
2013-05-31,Myanmar,Asia,761869.2
2013-06-30,Myanmar,Asia,2478320.36
2013-07-31,Myanmar,Asia,1338808.3800000001
2013-08-31,Myanmar,Asia,4994378.24
2013-09-30,Myanmar,Asia,3230734.73
2013-10-31,Myanmar,Asia,5806275.75
2013-11-30,Myanmar,Asia,3267955.9000000004
2013-12-31,Myanmar,Asia,6120231.87
2014-01-31,Myanmar,Asia,11472209.99
2014-02-28,Myanmar,Asia,3949176.4099999997
2014-03-31,Myanmar,Asia,2402962.56
2014-04-30,Myanmar,Asia,2230185.84
2014-05-31,Myanmar,Asia,6060951.76
2014-06-30,Myanmar,Asia,1259492.1300000001
2014-07-31,Myanmar,Asia,4954512.87
2014-08-31,Myanmar,Asia,3631545.8
2014-09-30,Myanmar,Asia,5541331.390000001
2014-10-31,Myanmar,Asia,0.0
2014-11-30,Myanmar,Asia,4308762.569999999
2014-12-31,Myanmar,Asia,3669505.06
2015-01-31,Myanmar,Asia,7839125.970000001
2015-02-28,Myanmar,Asia,4528457.94
2015-03-31,Myanmar,Asia,11674833.26
2015-04-30,Myanmar,Asia,647955.0
2015-05-31,Myanmar,Asia,4666496.17
2015-06-30,Myanmar,Asia,0.0
2015-07-31,Myanmar,Asia,4049047.93
2015-08-31,Myanmar,Asia,7814845.68
2015-09-30,Myanmar,Asia,7198001.309999999
2015-10-31,Myanmar,Asia,6279981.890000001
2015-11-30,Myanmar,Asia,224157.3
2015-12-31,Myanmar,Asia,4379296.4
2016-01-31,Myanmar,Asia,399587.87
2016-02-29,Myanmar,Asia,1551282.22
2016-03-31,Myanmar,Asia,0.0
2016-04-30,Myanmar,Asia,91742.2
2016-05-31,Myanmar,Asia,717435.77
2016-06-30,Myanmar,Asia,1286707.14
2016-07-31,Myanmar,Asia,5944076.48
2016-08-31,Myanmar,Asia,6042499.12
2016-09-30,Myanmar,Asia,5209060.29
2016-10-31,Myanmar,Asia,124066.08
2016-11-30,Myanmar,Asia,4953277.78
2016-12-31,Myanmar,Asia,17052975.05
2017-01-31,Myanmar,Asia,1410708.84
2017-02-28,Myanmar,Asia,5268855.07
2017-03-31,Myanmar,Asia,1443396.9
2017-04-30,Myanmar,Asia,300571.06
2017-05-31,Myanmar,Asia,0.0
2017-06-30,Myanmar,Asia,1981422.6600000001
2010-01-31,Namibia,Sub-Saharan Africa,561038.85
2010-02-28,Namibia,Sub-Saharan Africa,1708419.6400000001
2010-03-31,Namibia,Sub-Saharan Africa,2782057.96
2010-04-30,Namibia,Sub-Saharan Africa,6932032.23
2010-05-31,Namibia,Sub-Saharan Africa,2873165.7800000003
2010-06-30,Namibia,Sub-Saharan Africa,7634183.52
2010-07-31,Namibia,Sub-Saharan Africa,6881621.100000001
2010-08-31,Namibia,Sub-Saharan Africa,3038024.2399999998
2010-09-30,Namibia,Sub-Saharan Africa,4864629.65
2010-10-31,Namibia,Sub-Saharan Africa,4497382.5
2010-11-30,Namibia,Sub-Saharan Africa,998538.8700000001
2010-12-31,Namibia,Sub-Saharan Africa,7681547.199999999
2011-01-31,Namibia,Sub-Saharan Africa,4162898.12
2011-02-28,Namibia,Sub-Saharan Africa,2606436.42
2011-03-31,Namibia,Sub-Saharan Africa,8214899.65
2011-04-30,Namibia,Sub-Saharan Africa,6735409.4399999995
2011-05-31,Namibia,Sub-Saharan Africa,5109610.95
2011-06-30,Namibia,Sub-Saharan Africa,2166925.2600000002
2011-07-31,Namibia,Sub-Saharan Africa,4479766.6899999995
2011-08-31,Namibia,Sub-Saharan Africa,10183047.51
2011-09-30,Namibia,Sub-Saharan Africa,4134302.91
2011-10-31,Namibia,Sub-Saharan Africa,3570287.3800000004
2011-11-30,Namibia,Sub-Saharan Africa,2178636.66
2011-12-31,Namibia,Sub-Saharan Africa,3053722.9899999998
2012-01-31,Namibia,Sub-Saharan Africa,8080313.449999999
2012-02-29,Namibia,Sub-Saharan Africa,9117863.3
2012-03-31,Namibia,Sub-Saharan Africa,5535245.9
2012-04-30,Namibia,Sub-Saharan Africa,4920833.35
2012-05-31,Namibia,Sub-Saharan Africa,4323630.8
2012-06-30,Namibia,Sub-Saharan Africa,701927.85
2012-07-31,Namibia,Sub-Saharan Africa,1310720.4
2012-08-31,Namibia,Sub-Saharan Africa,2306403.2800000003
2012-09-30,Namibia,Sub-Saharan Africa,1894087.1800000002
2012-10-31,Namibia,Sub-Saharan Africa,10251371.719999999
2012-11-30,Namibia,Sub-Saharan Africa,4221943.98
2012-12-31,Namibia,Sub-Saharan Africa,592328.3200000001
2013-01-31,Namibia,Sub-Saharan Africa,0.0
2013-02-28,Namibia,Sub-Saharan Africa,483543.2
2013-03-31,Namibia,Sub-Saharan Africa,5277635.05
2013-04-30,Namibia,Sub-Saharan Africa,3316848.05
2013-05-31,Namibia,Sub-Saharan Africa,3850377.35
2013-06-30,Namibia,Sub-Saharan Africa,8533603.17
2013-07-31,Namibia,Sub-Saharan Africa,1240.89
2013-08-31,Namibia,Sub-Saharan Africa,5221626.18
2013-09-30,Namibia,Sub-Saharan Africa,10639522.25
2013-10-31,Namibia,Sub-Saharan Africa,5269898.0
2013-11-30,Namibia,Sub-Saharan Africa,90629.5
2013-12-31,Namibia,Sub-Saharan Africa,2095887.9100000001
2014-01-31,Namibia,Sub-Saharan Africa,12669333.53
2014-02-28,Namibia,Sub-Saharan Africa,0.0
2014-03-31,Namibia,Sub-Saharan Africa,16475627.919999998
2014-04-30,Namibia,Sub-Saharan Africa,4584107.1
2014-05-31,Namibia,Sub-Saharan Africa,986834.0399999999
2014-06-30,Namibia,Sub-Saharan Africa,13859201.07
2014-07-31,Namibia,Sub-Saharan Africa,1651941.0
2014-08-31,Namibia,Sub-Saharan Africa,1893310.99
2014-09-30,Namibia,Sub-Saharan Africa,416590.3
2014-10-31,Namibia,Sub-Saharan Africa,2574034.0700000003
2014-11-30,Namibia,Sub-Saharan Africa,1503530.8
2014-12-31,Namibia,Sub-Saharan Africa,8404698.370000001
2015-01-31,Namibia,Sub-Saharan Africa,11053411.040000001
2015-02-28,Namibia,Sub-Saharan Africa,6794972.51
2015-03-31,Namibia,Sub-Saharan Africa,894167.32
2015-04-30,Namibia,Sub-Saharan Africa,882016.52
2015-05-31,Namibia,Sub-Saharan Africa,4356812.180000001
2015-06-30,Namibia,Sub-Saharan Africa,648030.4
2015-07-31,Namibia,Sub-Saharan Africa,1216290.4
2015-08-31,Namibia,Sub-Saharan Africa,2408445.08
2015-09-30,Namibia,Sub-Saharan Africa,0.0
2015-10-31,Namibia,Sub-Saharan Africa,1086111.25
2015-11-30,Namibia,Sub-Saharan Africa,2200497.87
2015-12-31,Namibia,Sub-Saharan Africa,2694809.55
2016-01-31,Namibia,Sub-Saharan Africa,12305496.86
2016-02-29,Namibia,Sub-Saharan Africa,7174759.470000001
2016-03-31,Namibia,Sub-Saharan Africa,4625827.77
2016-04-30,Namibia,Sub-Saharan Africa,1350714.4100000001
2016-05-31,Namibia,Sub-Saharan Africa,2442351.09
2016-06-30,Namibia,Sub-Saharan Africa,8988010.280000001
2016-07-31,Namibia,Sub-Saharan Africa,2461651.86
2016-08-31,Namibia,Sub-Saharan Africa,5978.7
2016-09-30,Namibia,Sub-Saharan Africa,2951882.2300000004
2016-10-31,Namibia,Sub-Saharan Africa,85836.0
2016-11-30,Namibia,Sub-Saharan Africa,1085908.84
2016-12-31,Namibia,Sub-Saharan Africa,3762565.34
2017-01-31,Namibia,Sub-Saharan Africa,13555539.81
2017-02-28,Namibia,Sub-Saharan Africa,19105236.06
2017-03-31,Namibia,Sub-Saharan Africa,1469407.59
2017-04-30,Namibia,Sub-Saharan Africa,3063363.6399999997
2017-05-31,Namibia,Sub-Saharan Africa,8744036.66
2017-06-30,Namibia,Sub-Saharan Africa,0.0
2010-01-31,Nauru,Australia and Oceania,2596130.58
2010-02-28,Nauru,Australia and Oceania,5334067.01
2010-03-31,Nauru,Australia and Oceania,930585.42
2010-04-30,Nauru,Australia and Oceania,3494218.3
2010-05-31,Nauru,Australia and Oceania,874334.0
2010-06-30,Nauru,Australia and Oceania,5408741.399999999
2010-07-31,Nauru,Australia and Oceania,0.0
2010-08-31,Nauru,Australia and Oceania,2149111.35
2010-09-30,Nauru,Australia and Oceania,4773452.61
2010-10-31,Nauru,Australia and Oceania,9116779.64
2010-11-30,Nauru,Australia and Oceania,17270093.02
2010-12-31,Nauru,Australia and Oceania,1409531.13
2011-01-31,Nauru,Australia and Oceania,232411.68
2011-02-28,Nauru,Australia and Oceania,4019636.09
2011-03-31,Nauru,Australia and Oceania,161769.25
2011-04-30,Nauru,Australia and Oceania,5994034.41
2011-05-31,Nauru,Australia and Oceania,1375618.53
2011-06-30,Nauru,Australia and Oceania,3957272.83
2011-07-31,Nauru,Australia and Oceania,5475147.430000001
2011-08-31,Nauru,Australia and Oceania,6582578.59
2011-09-30,Nauru,Australia and Oceania,0.0
2011-10-31,Nauru,Australia and Oceania,605834.04
2011-11-30,Nauru,Australia and Oceania,2267.19
2011-12-31,Nauru,Australia and Oceania,1071989.1300000001
2012-01-31,Nauru,Australia and Oceania,358652.51
2012-02-29,Nauru,Australia and Oceania,4174601.55
2012-03-31,Nauru,Australia and Oceania,7478511.62
2012-04-30,Nauru,Australia and Oceania,864060.54
2012-05-31,Nauru,Australia and Oceania,4782740.35
2012-06-30,Nauru,Australia and Oceania,4911200.16
2012-07-31,Nauru,Australia and Oceania,698811.7999999999
2012-08-31,Nauru,Australia and Oceania,4881558.23
2012-09-30,Nauru,Australia and Oceania,3410433.1
2012-10-31,Nauru,Australia and Oceania,4288046.7299999995
2012-11-30,Nauru,Australia and Oceania,9885284.01
2012-12-31,Nauru,Australia and Oceania,5737071.9
2013-01-31,Nauru,Australia and Oceania,6454574.44
2013-02-28,Nauru,Australia and Oceania,0.0
2013-03-31,Nauru,Australia and Oceania,5827881.26
2013-04-30,Nauru,Australia and Oceania,9065086.02
2013-05-31,Nauru,Australia and Oceania,4684805.14
2013-06-30,Nauru,Australia and Oceania,5668009.489999999
2013-07-31,Nauru,Australia and Oceania,1062468.22
2013-08-31,Nauru,Australia and Oceania,1738938.3599999999
2013-09-30,Nauru,Australia and Oceania,1096637.64
2013-10-31,Nauru,Australia and Oceania,8922503.86
2013-11-30,Nauru,Australia and Oceania,4164059.92
2013-12-31,Nauru,Australia and Oceania,6619349.43
2014-01-31,Nauru,Australia and Oceania,29425.46
2014-02-28,Nauru,Australia and Oceania,2632439.48
2014-03-31,Nauru,Australia and Oceania,310276.84
2014-04-30,Nauru,Australia and Oceania,2819490.87
2014-05-31,Nauru,Australia and Oceania,8434211.370000001
2014-06-30,Nauru,Australia and Oceania,1009863.3
2014-07-31,Nauru,Australia and Oceania,2195560.16
2014-08-31,Nauru,Australia and Oceania,4466275.49
2014-09-30,Nauru,Australia and Oceania,1300686.5
2014-10-31,Nauru,Australia and Oceania,6968277.21
2014-11-30,Nauru,Australia and Oceania,11047086.61
2014-12-31,Nauru,Australia and Oceania,8058720.88
2015-01-31,Nauru,Australia and Oceania,6000505.859999999
2015-02-28,Nauru,Australia and Oceania,4186836.36
2015-03-31,Nauru,Australia and Oceania,10407435.11
2015-04-30,Nauru,Australia and Oceania,8449810.94
2015-05-31,Nauru,Australia and Oceania,7050515.84
2015-06-30,Nauru,Australia and Oceania,1265535.45
2015-07-31,Nauru,Australia and Oceania,6278209.4399999995
2015-08-31,Nauru,Australia and Oceania,9960634.13
2015-09-30,Nauru,Australia and Oceania,0.0
2015-10-31,Nauru,Australia and Oceania,0.0
2015-11-30,Nauru,Australia and Oceania,7432383.73
2015-12-31,Nauru,Australia and Oceania,6847040.42
2016-01-31,Nauru,Australia and Oceania,2862101.76
2016-02-29,Nauru,Australia and Oceania,7623337.42
2016-03-31,Nauru,Australia and Oceania,83456.85
2016-04-30,Nauru,Australia and Oceania,2614289.47
2016-05-31,Nauru,Australia and Oceania,3378161.75
2016-06-30,Nauru,Australia and Oceania,1831820.8800000001
2016-07-31,Nauru,Australia and Oceania,6692579.79
2016-08-31,Nauru,Australia and Oceania,3683362.97
2016-09-30,Nauru,Australia and Oceania,543366.02
2016-10-31,Nauru,Australia and Oceania,1165155.78
2016-11-30,Nauru,Australia and Oceania,1330222.23
2016-12-31,Nauru,Australia and Oceania,786397.32
2017-01-31,Nauru,Australia and Oceania,824603.1000000001
2017-02-28,Nauru,Australia and Oceania,2659469.2399999998
2017-03-31,Nauru,Australia and Oceania,2810569.96
2017-04-30,Nauru,Australia and Oceania,781433.08
2017-05-31,Nauru,Australia and Oceania,242353.57
2017-06-30,Nauru,Australia and Oceania,17303449.299999997
2010-01-31,Nepal,Asia,5042532.72
2010-02-28,Nepal,Asia,2348825.5599999996
2010-03-31,Nepal,Asia,456208.57999999996
2010-04-30,Nepal,Asia,7575072.17
2010-05-31,Nepal,Asia,3333745.9299999997
2010-06-30,Nepal,Asia,6896900.529999999
2010-07-31,Nepal,Asia,26487.87
2010-08-31,Nepal,Asia,1998907.1199999999
2010-09-30,Nepal,Asia,4976206.97
2010-10-31,Nepal,Asia,6295946.02
2010-11-30,Nepal,Asia,8084604.54
2010-12-31,Nepal,Asia,6241188.7
2011-01-31,Nepal,Asia,2388927.54
2011-02-28,Nepal,Asia,4962129.39
2011-03-31,Nepal,Asia,2337471.67
2011-04-30,Nepal,Asia,5504498.29
2011-05-31,Nepal,Asia,6278581.65
2011-06-30,Nepal,Asia,78903.81
2011-07-31,Nepal,Asia,3858185.76
2011-08-31,Nepal,Asia,9688343.07
2011-09-30,Nepal,Asia,3074549.81
2011-10-31,Nepal,Asia,6715085.4399999995
2011-11-30,Nepal,Asia,0.0
2011-12-31,Nepal,Asia,369421.22000000003
2012-01-31,Nepal,Asia,13770994.63
2012-02-29,Nepal,Asia,1400339.78
2012-03-31,Nepal,Asia,1400237.56
2012-04-30,Nepal,Asia,2297892.74
2012-05-31,Nepal,Asia,15325176.38
2012-06-30,Nepal,Asia,44438.79
2012-07-31,Nepal,Asia,8905273.18
2012-08-31,Nepal,Asia,763031.28
2012-09-30,Nepal,Asia,4613143.93
2012-10-31,Nepal,Asia,2187538.46
2012-11-30,Nepal,Asia,856785.04
2012-12-31,Nepal,Asia,470791.32999999996
2013-01-31,Nepal,Asia,4194752.86
2013-02-28,Nepal,Asia,1207982.99
2013-03-31,Nepal,Asia,6359587.57
2013-04-30,Nepal,Asia,852152.34
2013-05-31,Nepal,Asia,6141348.43
2013-06-30,Nepal,Asia,3164730.78
2013-07-31,Nepal,Asia,1831295.79
2013-08-31,Nepal,Asia,0.0
2013-09-30,Nepal,Asia,3659148.99
2013-10-31,Nepal,Asia,675113.2200000001
2013-11-30,Nepal,Asia,6427741.5200000005
2013-12-31,Nepal,Asia,3481014.39
2014-01-31,Nepal,Asia,4421855.34
2014-02-28,Nepal,Asia,69941.3
2014-03-31,Nepal,Asia,0.0
2014-04-30,Nepal,Asia,5821889.300000001
2014-05-31,Nepal,Asia,4992013.0
2014-06-30,Nepal,Asia,6114975.3100000005
2014-07-31,Nepal,Asia,2270391.9
2014-08-31,Nepal,Asia,2713176.2
2014-09-30,Nepal,Asia,801542.61
2014-10-31,Nepal,Asia,964981.88
2014-11-30,Nepal,Asia,1074089.72
2014-12-31,Nepal,Asia,6735638.5600000005
2015-01-31,Nepal,Asia,5693487.79
2015-02-28,Nepal,Asia,0.0
2015-03-31,Nepal,Asia,1034125.5
2015-04-30,Nepal,Asia,4288774.779999999
2015-05-31,Nepal,Asia,0.0
2015-06-30,Nepal,Asia,3404167.38
2015-07-31,Nepal,Asia,5662037.4
2015-08-31,Nepal,Asia,7199570.7
2015-09-30,Nepal,Asia,5889292.57
2015-10-31,Nepal,Asia,1150313.66
2015-11-30,Nepal,Asia,9224451.11
2015-12-31,Nepal,Asia,9576535.7
2016-01-31,Nepal,Asia,6506809.17
2016-02-29,Nepal,Asia,5727327.99
2016-03-31,Nepal,Asia,2503587.27
2016-04-30,Nepal,Asia,13757044.67
2016-05-31,Nepal,Asia,54132.66
2016-06-30,Nepal,Asia,0.0
2016-07-31,Nepal,Asia,489413.06
2016-08-31,Nepal,Asia,5878987.01
2016-09-30,Nepal,Asia,45132.64
2016-10-31,Nepal,Asia,6402183.73
2016-11-30,Nepal,Asia,5403631.22
2016-12-31,Nepal,Asia,694841.07
2017-01-31,Nepal,Asia,8439024.3
2017-02-28,Nepal,Asia,6454769.84
2017-03-31,Nepal,Asia,125634.76
2017-04-30,Nepal,Asia,3088691.68
2017-05-31,Nepal,Asia,1071949.48
2017-06-30,Nepal,Asia,1006541.9400000001
2010-01-31,Netherlands,Europe,3886619.67
2010-02-28,Netherlands,Europe,6451467.09
2010-03-31,Netherlands,Europe,423159.1
2010-04-30,Netherlands,Europe,1470295.98
2010-05-31,Netherlands,Europe,7042535.23
2010-06-30,Netherlands,Europe,580283.0
2010-07-31,Netherlands,Europe,1023789.9
2010-08-31,Netherlands,Europe,7250950.17
2010-09-30,Netherlands,Europe,3497083.98
2010-10-31,Netherlands,Europe,2778161.37
2010-11-30,Netherlands,Europe,879048.32
2010-12-31,Netherlands,Europe,1580393.14
2011-01-31,Netherlands,Europe,1020681.41
2011-02-28,Netherlands,Europe,8560502.91
2011-03-31,Netherlands,Europe,4338276.58
2011-04-30,Netherlands,Europe,4082170.8299999996
2011-05-31,Netherlands,Europe,74253.03
2011-06-30,Netherlands,Europe,776189.81
2011-07-31,Netherlands,Europe,670214.24
2011-08-31,Netherlands,Europe,8553218.450000001
2011-09-30,Netherlands,Europe,5941954.84
2011-10-31,Netherlands,Europe,1472725.22
2011-11-30,Netherlands,Europe,1222157.98
2011-12-31,Netherlands,Europe,7148401.66
2012-01-31,Netherlands,Europe,250583.45
2012-02-29,Netherlands,Europe,7957796.390000001
2012-03-31,Netherlands,Europe,4159318.5
2012-04-30,Netherlands,Europe,3183855.2
2012-05-31,Netherlands,Europe,0.0
2012-06-30,Netherlands,Europe,1586143.2
2012-07-31,Netherlands,Europe,155041.81
2012-08-31,Netherlands,Europe,1411511.55
2012-09-30,Netherlands,Europe,7360286.18
2012-10-31,Netherlands,Europe,14888411.370000001
2012-11-30,Netherlands,Europe,3669258.38
2012-12-31,Netherlands,Europe,6421430.5
2013-01-31,Netherlands,Europe,7553590.49
2013-02-28,Netherlands,Europe,971824.96
2013-03-31,Netherlands,Europe,6428403.29
2013-04-30,Netherlands,Europe,1674728.02
2013-05-31,Netherlands,Europe,9924718.24
2013-06-30,Netherlands,Europe,4716101.49
2013-07-31,Netherlands,Europe,1409456.4
2013-08-31,Netherlands,Europe,2946153.42
2013-09-30,Netherlands,Europe,9124830.379999999
2013-10-31,Netherlands,Europe,1723802.8599999999
2013-11-30,Netherlands,Europe,1368045.52
2013-12-31,Netherlands,Europe,6108796.55
2014-01-31,Netherlands,Europe,4265710.4799999995
2014-02-28,Netherlands,Europe,6129777.9
2014-03-31,Netherlands,Europe,2256767.85
2014-04-30,Netherlands,Europe,0.0
2014-05-31,Netherlands,Europe,1257355.48
2014-06-30,Netherlands,Europe,9674896.21
2014-07-31,Netherlands,Europe,1392730.25
2014-08-31,Netherlands,Europe,2138666.2199999997
2014-09-30,Netherlands,Europe,4567542.25
2014-10-31,Netherlands,Europe,196980.78
2014-11-30,Netherlands,Europe,1750550.34
2014-12-31,Netherlands,Europe,10132595.98
2015-01-31,Netherlands,Europe,6759996.49
2015-02-28,Netherlands,Europe,6058793.38
2015-03-31,Netherlands,Europe,7713933.84
2015-04-30,Netherlands,Europe,3431621.3000000003
2015-05-31,Netherlands,Europe,0.0
2015-06-30,Netherlands,Europe,9227067.89
2015-07-31,Netherlands,Europe,1732986.3199999998
2015-08-31,Netherlands,Europe,2037317.7
2015-09-30,Netherlands,Europe,1662668.49
2015-10-31,Netherlands,Europe,3255056.25
2015-11-30,Netherlands,Europe,6409961.3
2015-12-31,Netherlands,Europe,11091461.48
2016-01-31,Netherlands,Europe,6618767.35
2016-02-29,Netherlands,Europe,1374095.73
2016-03-31,Netherlands,Europe,2200623.87
2016-04-30,Netherlands,Europe,7457378.76
2016-05-31,Netherlands,Europe,8553797.54
2016-06-30,Netherlands,Europe,6378490.51
2016-07-31,Netherlands,Europe,1071240.45
2016-08-31,Netherlands,Europe,3349471.97
2016-09-30,Netherlands,Europe,1613698.38
2016-10-31,Netherlands,Europe,2582748.84
2016-11-30,Netherlands,Europe,9667912.709999999
2016-12-31,Netherlands,Europe,272345.69
2017-01-31,Netherlands,Europe,4801579.54
2017-02-28,Netherlands,Europe,722924.04
2017-03-31,Netherlands,Europe,7056236.63
2017-04-30,Netherlands,Europe,6660478.17
2017-05-31,Netherlands,Europe,6100648.38
2017-06-30,Netherlands,Europe,56533.26
2010-01-31,New Zealand,Australia and Oceania,867441.44
2010-02-28,New Zealand,Australia and Oceania,4730695.16
2010-03-31,New Zealand,Australia and Oceania,2495264.91
2010-04-30,New Zealand,Australia and Oceania,1266091.89
2010-05-31,New Zealand,Australia and Oceania,1865758.56
2010-06-30,New Zealand,Australia and Oceania,13448732.05
2010-07-31,New Zealand,Australia and Oceania,5301177.18
2010-08-31,New Zealand,Australia and Oceania,3086164.31
2010-09-30,New Zealand,Australia and Oceania,276657.86
2010-10-31,New Zealand,Australia and Oceania,0.0
2010-11-30,New Zealand,Australia and Oceania,1919970.99
2010-12-31,New Zealand,Australia and Oceania,5988978.23
2011-01-31,New Zealand,Australia and Oceania,0.0
2011-02-28,New Zealand,Australia and Oceania,1735696.6
2011-03-31,New Zealand,Australia and Oceania,5075244.2299999995
2011-04-30,New Zealand,Australia and Oceania,3096158.65
2011-05-31,New Zealand,Australia and Oceania,2452445.15
2011-06-30,New Zealand,Australia and Oceania,4903323.32
2011-07-31,New Zealand,Australia and Oceania,7921521.59
2011-08-31,New Zealand,Australia and Oceania,1639449.21
2011-09-30,New Zealand,Australia and Oceania,1356706.1
2011-10-31,New Zealand,Australia and Oceania,10993444.03
2011-11-30,New Zealand,Australia and Oceania,1627571.97
2011-12-31,New Zealand,Australia and Oceania,4100029.68
2012-01-31,New Zealand,Australia and Oceania,11388988.39
2012-02-29,New Zealand,Australia and Oceania,3672435.03
2012-03-31,New Zealand,Australia and Oceania,674192.84
2012-04-30,New Zealand,Australia and Oceania,7633185.899999999
2012-05-31,New Zealand,Australia and Oceania,7961370.05
2012-06-30,New Zealand,Australia and Oceania,5384584.21
2012-07-31,New Zealand,Australia and Oceania,10851929.58
2012-08-31,New Zealand,Australia and Oceania,5227113.6
2012-09-30,New Zealand,Australia and Oceania,2515781.85
2012-10-31,New Zealand,Australia and Oceania,5136058.46
2012-11-30,New Zealand,Australia and Oceania,10591018.37
2012-12-31,New Zealand,Australia and Oceania,8416537.2
2013-01-31,New Zealand,Australia and Oceania,9777360.76
2013-02-28,New Zealand,Australia and Oceania,7584256.390000001
2013-03-31,New Zealand,Australia and Oceania,8102644.1
2013-04-30,New Zealand,Australia and Oceania,7527543.000000001
2013-05-31,New Zealand,Australia and Oceania,952975.92
2013-06-30,New Zealand,Australia and Oceania,13074307.98
2013-07-31,New Zealand,Australia and Oceania,80867.2
2013-08-31,New Zealand,Australia and Oceania,4578025.41
2013-09-30,New Zealand,Australia and Oceania,1386229.1400000001
2013-10-31,New Zealand,Australia and Oceania,2791845.16
2013-11-30,New Zealand,Australia and Oceania,709994.25
2013-12-31,New Zealand,Australia and Oceania,3446203.32
2014-01-31,New Zealand,Australia and Oceania,2438251.62
2014-02-28,New Zealand,Australia and Oceania,1059008.44
2014-03-31,New Zealand,Australia and Oceania,4567448.22
2014-04-30,New Zealand,Australia and Oceania,3151661.56
2014-05-31,New Zealand,Australia and Oceania,4049603.93
2014-06-30,New Zealand,Australia and Oceania,2991837.27
2014-07-31,New Zealand,Australia and Oceania,5991981.95
2014-08-31,New Zealand,Australia and Oceania,6771171.12
2014-09-30,New Zealand,Australia and Oceania,2792232.8
2014-10-31,New Zealand,Australia and Oceania,442759.84
2014-11-30,New Zealand,Australia and Oceania,0.0
2014-12-31,New Zealand,Australia and Oceania,2063674.26
2015-01-31,New Zealand,Australia and Oceania,469422.85
2015-02-28,New Zealand,Australia and Oceania,636847.2
2015-03-31,New Zealand,Australia and Oceania,152554.88
2015-04-30,New Zealand,Australia and Oceania,3074360.56
2015-05-31,New Zealand,Australia and Oceania,3440090.85
2015-06-30,New Zealand,Australia and Oceania,2145777.6
2015-07-31,New Zealand,Australia and Oceania,3262833.11
2015-08-31,New Zealand,Australia and Oceania,1378560.3
2015-09-30,New Zealand,Australia and Oceania,3415874.1799999997
2015-10-31,New Zealand,Australia and Oceania,935315.4
2015-11-30,New Zealand,Australia and Oceania,6470845.649999999
2015-12-31,New Zealand,Australia and Oceania,8424970.84
2016-01-31,New Zealand,Australia and Oceania,2586542.23
2016-02-29,New Zealand,Australia and Oceania,644277.59
2016-03-31,New Zealand,Australia and Oceania,1508253.3
2016-04-30,New Zealand,Australia and Oceania,0.0
2016-05-31,New Zealand,Australia and Oceania,2303890.56
2016-06-30,New Zealand,Australia and Oceania,872538.74
2016-07-31,New Zealand,Australia and Oceania,25414.92
2016-08-31,New Zealand,Australia and Oceania,6983460.04
2016-09-30,New Zealand,Australia and Oceania,4182261.0100000002
2016-10-31,New Zealand,Australia and Oceania,111179.6
2016-11-30,New Zealand,Australia and Oceania,6918861.53
2016-12-31,New Zealand,Australia and Oceania,3132094.19
2017-01-31,New Zealand,Australia and Oceania,4746018.48
2017-02-28,New Zealand,Australia and Oceania,5907476.58
2017-03-31,New Zealand,Australia and Oceania,3027923.34
2017-04-30,New Zealand,Australia and Oceania,3935923.13
2017-05-31,New Zealand,Australia and Oceania,7738876.72
2017-06-30,New Zealand,Australia and Oceania,3024204.41
2010-01-31,Nicaragua,Central America and the Caribbean,4375212.62
2010-02-28,Nicaragua,Central America and the Caribbean,8121057.03
2010-03-31,Nicaragua,Central America and the Caribbean,1894861.8699999999
2010-04-30,Nicaragua,Central America and the Caribbean,12305264.16
2010-05-31,Nicaragua,Central America and the Caribbean,4234695.26
2010-06-30,Nicaragua,Central America and the Caribbean,5806160.04
2010-07-31,Nicaragua,Central America and the Caribbean,3959871.4299999997
2010-08-31,Nicaragua,Central America and the Caribbean,7850601.359999999
2010-09-30,Nicaragua,Central America and the Caribbean,8048373.46
2010-10-31,Nicaragua,Central America and the Caribbean,4426851.7
2010-11-30,Nicaragua,Central America and the Caribbean,780818.3300000001
2010-12-31,Nicaragua,Central America and the Caribbean,5502323.73
2011-01-31,Nicaragua,Central America and the Caribbean,3574252.7
2011-02-28,Nicaragua,Central America and the Caribbean,2407671.16
2011-03-31,Nicaragua,Central America and the Caribbean,589186.65
2011-04-30,Nicaragua,Central America and the Caribbean,1070653.3900000001
2011-05-31,Nicaragua,Central America and the Caribbean,3964030.32
2011-06-30,Nicaragua,Central America and the Caribbean,1986033.5
2011-07-31,Nicaragua,Central America and the Caribbean,6893552.869999999
2011-08-31,Nicaragua,Central America and the Caribbean,532961.94
2011-09-30,Nicaragua,Central America and the Caribbean,4016529.7899999996
2011-10-31,Nicaragua,Central America and the Caribbean,12021383.61
2011-11-30,Nicaragua,Central America and the Caribbean,5827042.359999999
2011-12-31,Nicaragua,Central America and the Caribbean,4468226.72
2012-01-31,Nicaragua,Central America and the Caribbean,4003748.1
2012-02-29,Nicaragua,Central America and the Caribbean,3326017.87
2012-03-31,Nicaragua,Central America and the Caribbean,3924095.46
2012-04-30,Nicaragua,Central America and the Caribbean,4892008.0200000005
2012-05-31,Nicaragua,Central America and the Caribbean,3437611.0300000003
2012-06-30,Nicaragua,Central America and the Caribbean,4176840.19
2012-07-31,Nicaragua,Central America and the Caribbean,5626454.4
2012-08-31,Nicaragua,Central America and the Caribbean,1398896.71
2012-09-30,Nicaragua,Central America and the Caribbean,1012361.36
2012-10-31,Nicaragua,Central America and the Caribbean,4547316.029999999
2012-11-30,Nicaragua,Central America and the Caribbean,931401.0599999999
2012-12-31,Nicaragua,Central America and the Caribbean,588691.36
2013-01-31,Nicaragua,Central America and the Caribbean,7891394.84
2013-02-28,Nicaragua,Central America and the Caribbean,12803841.36
2013-03-31,Nicaragua,Central America and the Caribbean,1490619.69
2013-04-30,Nicaragua,Central America and the Caribbean,6359833.13
2013-05-31,Nicaragua,Central America and the Caribbean,0.0
2013-06-30,Nicaragua,Central America and the Caribbean,1674809.4
2013-07-31,Nicaragua,Central America and the Caribbean,973706.9099999999
2013-08-31,Nicaragua,Central America and the Caribbean,5176022.21
2013-09-30,Nicaragua,Central America and the Caribbean,1712461.9600000002
2013-10-31,Nicaragua,Central America and the Caribbean,1080319.3
2013-11-30,Nicaragua,Central America and the Caribbean,2622291.48
2013-12-31,Nicaragua,Central America and the Caribbean,6700169.2
2014-01-31,Nicaragua,Central America and the Caribbean,9904290.25
2014-02-28,Nicaragua,Central America and the Caribbean,2572994.82
2014-03-31,Nicaragua,Central America and the Caribbean,6090071.100000001
2014-04-30,Nicaragua,Central America and the Caribbean,0.0
2014-05-31,Nicaragua,Central America and the Caribbean,4695570.85
2014-06-30,Nicaragua,Central America and the Caribbean,6762343.2
2014-07-31,Nicaragua,Central America and the Caribbean,3517910.22
2014-08-31,Nicaragua,Central America and the Caribbean,343348.2
2014-09-30,Nicaragua,Central America and the Caribbean,12779646.17
2014-10-31,Nicaragua,Central America and the Caribbean,6085934.89
2014-11-30,Nicaragua,Central America and the Caribbean,1503530.8
2014-12-31,Nicaragua,Central America and the Caribbean,7246546.409999999
2015-01-31,Nicaragua,Central America and the Caribbean,1593576.03
2015-02-28,Nicaragua,Central America and the Caribbean,0.0
2015-03-31,Nicaragua,Central America and the Caribbean,660871.7
2015-04-30,Nicaragua,Central America and the Caribbean,11009147.92
2015-05-31,Nicaragua,Central America and the Caribbean,681634.95
2015-06-30,Nicaragua,Central America and the Caribbean,278668.59
2015-07-31,Nicaragua,Central America and the Caribbean,3452850.36
2015-08-31,Nicaragua,Central America and the Caribbean,478856.07
2015-09-30,Nicaragua,Central America and the Caribbean,4067464.3000000003
2015-10-31,Nicaragua,Central America and the Caribbean,90566.31
2015-11-30,Nicaragua,Central America and the Caribbean,37153.35
2015-12-31,Nicaragua,Central America and the Caribbean,5646648.4
2016-01-31,Nicaragua,Central America and the Caribbean,1578247.6500000001
2016-02-29,Nicaragua,Central America and the Caribbean,2737693.1799999997
2016-03-31,Nicaragua,Central America and the Caribbean,248905.21000000002
2016-04-30,Nicaragua,Central America and the Caribbean,6539072.87
2016-05-31,Nicaragua,Central America and the Caribbean,1078632.46
2016-06-30,Nicaragua,Central America and the Caribbean,6487313.13
2016-07-31,Nicaragua,Central America and the Caribbean,2894603.92
2016-08-31,Nicaragua,Central America and the Caribbean,8622759.17
2016-09-30,Nicaragua,Central America and the Caribbean,3087255.75
2016-10-31,Nicaragua,Central America and the Caribbean,4104299.2600000002
2016-11-30,Nicaragua,Central America and the Caribbean,2043011.28
2016-12-31,Nicaragua,Central America and the Caribbean,3432549.44
2017-01-31,Nicaragua,Central America and the Caribbean,1954955.46
2017-02-28,Nicaragua,Central America and the Caribbean,2548251.61
2017-03-31,Nicaragua,Central America and the Caribbean,113310.6
2017-04-30,Nicaragua,Central America and the Caribbean,7381526.38
2017-05-31,Nicaragua,Central America and the Caribbean,2319622.87
2017-06-30,Nicaragua,Central America and the Caribbean,3574230.4
2010-01-31,Niger,Sub-Saharan Africa,811.71
2010-02-28,Niger,Sub-Saharan Africa,1596868.1500000001
2010-03-31,Niger,Sub-Saharan Africa,7336618.15
2010-04-30,Niger,Sub-Saharan Africa,3447090.52
2010-05-31,Niger,Sub-Saharan Africa,5018405.98
2010-06-30,Niger,Sub-Saharan Africa,1330161.31
2010-07-31,Niger,Sub-Saharan Africa,2028199.6
2010-08-31,Niger,Sub-Saharan Africa,3660305.4499999997
2010-09-30,Niger,Sub-Saharan Africa,2046242.74
2010-10-31,Niger,Sub-Saharan Africa,790857.44
2010-11-30,Niger,Sub-Saharan Africa,18109.53
2010-12-31,Niger,Sub-Saharan Africa,5644136.95
2011-01-31,Niger,Sub-Saharan Africa,0.0
2011-02-28,Niger,Sub-Saharan Africa,1842767.34
2011-03-31,Niger,Sub-Saharan Africa,4246845.37
2011-04-30,Niger,Sub-Saharan Africa,0.0
2011-05-31,Niger,Sub-Saharan Africa,5401171.03
2011-06-30,Niger,Sub-Saharan Africa,2240251.1
2011-07-31,Niger,Sub-Saharan Africa,3178224.9699999997
2011-08-31,Niger,Sub-Saharan Africa,1364570.8
2011-09-30,Niger,Sub-Saharan Africa,0.0
2011-10-31,Niger,Sub-Saharan Africa,1612913.19
2011-11-30,Niger,Sub-Saharan Africa,313228.56
2011-12-31,Niger,Sub-Saharan Africa,2561445.27
2012-01-31,Niger,Sub-Saharan Africa,4734464.65
2012-02-29,Niger,Sub-Saharan Africa,1676662.0
2012-03-31,Niger,Sub-Saharan Africa,3219499.03
2012-04-30,Niger,Sub-Saharan Africa,0.0
2012-05-31,Niger,Sub-Saharan Africa,1770898.5899999999
2012-06-30,Niger,Sub-Saharan Africa,7467361.9399999995
2012-07-31,Niger,Sub-Saharan Africa,1134971.2
2012-08-31,Niger,Sub-Saharan Africa,78586.59
2012-09-30,Niger,Sub-Saharan Africa,3376569.18
2012-10-31,Niger,Sub-Saharan Africa,10986851.6
2012-11-30,Niger,Sub-Saharan Africa,6988978.4399999995
2012-12-31,Niger,Sub-Saharan Africa,1595587.98
2013-01-31,Niger,Sub-Saharan Africa,8346997.140000001
2013-02-28,Niger,Sub-Saharan Africa,6175055.7
2013-03-31,Niger,Sub-Saharan Africa,999387.22
2013-04-30,Niger,Sub-Saharan Africa,1148423.1
2013-05-31,Niger,Sub-Saharan Africa,9526835.11
2013-06-30,Niger,Sub-Saharan Africa,90706.26
2013-07-31,Niger,Sub-Saharan Africa,2507524.09
2013-08-31,Niger,Sub-Saharan Africa,1965430.81
2013-09-30,Niger,Sub-Saharan Africa,5985098.32
2013-10-31,Niger,Sub-Saharan Africa,7920000.470000001
2013-11-30,Niger,Sub-Saharan Africa,1385523.3
2013-12-31,Niger,Sub-Saharan Africa,6806444.220000001
2014-01-31,Niger,Sub-Saharan Africa,2028500.74
2014-02-28,Niger,Sub-Saharan Africa,7894105.83
2014-03-31,Niger,Sub-Saharan Africa,5601986.54
2014-04-30,Niger,Sub-Saharan Africa,7504960.88
2014-05-31,Niger,Sub-Saharan Africa,3178915.87
2014-06-30,Niger,Sub-Saharan Africa,67726.47
2014-07-31,Niger,Sub-Saharan Africa,8460675.51
2014-08-31,Niger,Sub-Saharan Africa,761035.44
2014-09-30,Niger,Sub-Saharan Africa,4018301.1
2014-10-31,Niger,Sub-Saharan Africa,5753144.6899999995
2014-11-30,Niger,Sub-Saharan Africa,3525774.7
2014-12-31,Niger,Sub-Saharan Africa,1990764.6
2015-01-31,Niger,Sub-Saharan Africa,3915692.68
2015-02-28,Niger,Sub-Saharan Africa,3524792.56
2015-03-31,Niger,Sub-Saharan Africa,5302532.99
2015-04-30,Niger,Sub-Saharan Africa,1445774.4
2015-05-31,Niger,Sub-Saharan Africa,7921345.07
2015-06-30,Niger,Sub-Saharan Africa,4643525.82
2015-07-31,Niger,Sub-Saharan Africa,3593841.6799999997
2015-08-31,Niger,Sub-Saharan Africa,3747452.16
2015-09-30,Niger,Sub-Saharan Africa,2295956.18
2015-10-31,Niger,Sub-Saharan Africa,7648812.84
2015-11-30,Niger,Sub-Saharan Africa,4848068.36
2015-12-31,Niger,Sub-Saharan Africa,7420461.699999999
2016-01-31,Niger,Sub-Saharan Africa,1479720.84
2016-02-29,Niger,Sub-Saharan Africa,2900915.64
2016-03-31,Niger,Sub-Saharan Africa,1948434.3399999999
2016-04-30,Niger,Sub-Saharan Africa,763596.34
2016-05-31,Niger,Sub-Saharan Africa,0.0
2016-06-30,Niger,Sub-Saharan Africa,1103245.97
2016-07-31,Niger,Sub-Saharan Africa,212602.8
2016-08-31,Niger,Sub-Saharan Africa,132985.73
2016-09-30,Niger,Sub-Saharan Africa,10370411.45
2016-10-31,Niger,Sub-Saharan Africa,1134905.77
2016-11-30,Niger,Sub-Saharan Africa,489018.9
2016-12-31,Niger,Sub-Saharan Africa,1589493.84
2017-01-31,Niger,Sub-Saharan Africa,345468.13
2017-02-28,Niger,Sub-Saharan Africa,597961.02
2017-03-31,Niger,Sub-Saharan Africa,7054551.17
2017-04-30,Niger,Sub-Saharan Africa,517476.93000000005
2017-05-31,Niger,Sub-Saharan Africa,2454893.15
2017-06-30,Niger,Sub-Saharan Africa,10242943.54
2010-01-31,Nigeria,Sub-Saharan Africa,1864489.3800000001
2010-02-28,Nigeria,Sub-Saharan Africa,950845.28
2010-03-31,Nigeria,Sub-Saharan Africa,3170495.75
2010-04-30,Nigeria,Sub-Saharan Africa,225543.84
2010-05-31,Nigeria,Sub-Saharan Africa,652571.97
2010-06-30,Nigeria,Sub-Saharan Africa,1429601.73
2010-07-31,Nigeria,Sub-Saharan Africa,3236746.42
2010-08-31,Nigeria,Sub-Saharan Africa,4367144.45
2010-09-30,Nigeria,Sub-Saharan Africa,3775385.25
2010-10-31,Nigeria,Sub-Saharan Africa,6938006.0
2010-11-30,Nigeria,Sub-Saharan Africa,4196283.1
2010-12-31,Nigeria,Sub-Saharan Africa,4572618.58
2011-01-31,Nigeria,Sub-Saharan Africa,3350734.06
2011-02-28,Nigeria,Sub-Saharan Africa,938614.72
2011-03-31,Nigeria,Sub-Saharan Africa,1268397.54
2011-04-30,Nigeria,Sub-Saharan Africa,9864724.030000001
2011-05-31,Nigeria,Sub-Saharan Africa,3082522.06
2011-06-30,Nigeria,Sub-Saharan Africa,593608.96
2011-07-31,Nigeria,Sub-Saharan Africa,9015314.49
2011-08-31,Nigeria,Sub-Saharan Africa,4775424.26
2011-09-30,Nigeria,Sub-Saharan Africa,3836042.4299999997
2011-10-31,Nigeria,Sub-Saharan Africa,7987892.04
2011-11-30,Nigeria,Sub-Saharan Africa,3540238.1599999997
2011-12-31,Nigeria,Sub-Saharan Africa,111460.05
2012-01-31,Nigeria,Sub-Saharan Africa,8462365.059999999
2012-02-29,Nigeria,Sub-Saharan Africa,2818016.61
2012-03-31,Nigeria,Sub-Saharan Africa,10483514.190000001
2012-04-30,Nigeria,Sub-Saharan Africa,945928.4
2012-05-31,Nigeria,Sub-Saharan Africa,1609134.46
2012-06-30,Nigeria,Sub-Saharan Africa,2285154.08
2012-07-31,Nigeria,Sub-Saharan Africa,1105621.15
2012-08-31,Nigeria,Sub-Saharan Africa,613918.31
2012-09-30,Nigeria,Sub-Saharan Africa,4367416.56
2012-10-31,Nigeria,Sub-Saharan Africa,5016947.74
2012-11-30,Nigeria,Sub-Saharan Africa,2427699.62
2012-12-31,Nigeria,Sub-Saharan Africa,737754.06
2013-01-31,Nigeria,Sub-Saharan Africa,2618343.4400000004
2013-02-28,Nigeria,Sub-Saharan Africa,3694054.56
2013-03-31,Nigeria,Sub-Saharan Africa,78866.49
2013-04-30,Nigeria,Sub-Saharan Africa,267190.95
2013-05-31,Nigeria,Sub-Saharan Africa,6229985.93
2013-06-30,Nigeria,Sub-Saharan Africa,96133.7
2013-07-31,Nigeria,Sub-Saharan Africa,0.0
2013-08-31,Nigeria,Sub-Saharan Africa,0.0
2013-09-30,Nigeria,Sub-Saharan Africa,14305804.73
2013-10-31,Nigeria,Sub-Saharan Africa,5856622.81
2013-11-30,Nigeria,Sub-Saharan Africa,0.0
2013-12-31,Nigeria,Sub-Saharan Africa,3202566.99
2014-01-31,Nigeria,Sub-Saharan Africa,4337355.47
2014-02-28,Nigeria,Sub-Saharan Africa,2843448.95
2014-03-31,Nigeria,Sub-Saharan Africa,2674360.71
2014-04-30,Nigeria,Sub-Saharan Africa,0.0
2014-05-31,Nigeria,Sub-Saharan Africa,12497610.69
2014-06-30,Nigeria,Sub-Saharan Africa,2278627.89
2014-07-31,Nigeria,Sub-Saharan Africa,4036538.1999999997
2014-08-31,Nigeria,Sub-Saharan Africa,5393843.37
2014-09-30,Nigeria,Sub-Saharan Africa,4411068.77
2014-10-31,Nigeria,Sub-Saharan Africa,871270.62
2014-11-30,Nigeria,Sub-Saharan Africa,1789667.19
2014-12-31,Nigeria,Sub-Saharan Africa,1520896.73
2015-01-31,Nigeria,Sub-Saharan Africa,4073450.79
2015-02-28,Nigeria,Sub-Saharan Africa,6563227.59
2015-03-31,Nigeria,Sub-Saharan Africa,6473476.22
2015-04-30,Nigeria,Sub-Saharan Africa,10025278.8
2015-05-31,Nigeria,Sub-Saharan Africa,3702473.28
2015-06-30,Nigeria,Sub-Saharan Africa,15379962.69
2015-07-31,Nigeria,Sub-Saharan Africa,15263.88
2015-08-31,Nigeria,Sub-Saharan Africa,2470893.46
2015-09-30,Nigeria,Sub-Saharan Africa,2945462.5
2015-10-31,Nigeria,Sub-Saharan Africa,72092.91
2015-11-30,Nigeria,Sub-Saharan Africa,6673326.26
2015-12-31,Nigeria,Sub-Saharan Africa,6775229.67
2016-01-31,Nigeria,Sub-Saharan Africa,2615070.5500000003
2016-02-29,Nigeria,Sub-Saharan Africa,1388679.2400000002
2016-03-31,Nigeria,Sub-Saharan Africa,3923093.1799999997
2016-04-30,Nigeria,Sub-Saharan Africa,6791271.050000001
2016-05-31,Nigeria,Sub-Saharan Africa,619321.2
2016-06-30,Nigeria,Sub-Saharan Africa,8603459.58
2016-07-31,Nigeria,Sub-Saharan Africa,1440163.31
2016-08-31,Nigeria,Sub-Saharan Africa,12190573.92
2016-09-30,Nigeria,Sub-Saharan Africa,1263190.89
2016-10-31,Nigeria,Sub-Saharan Africa,6494473.34
2016-11-30,Nigeria,Sub-Saharan Africa,4090842.11
2016-12-31,Nigeria,Sub-Saharan Africa,43179.24
2017-01-31,Nigeria,Sub-Saharan Africa,2953785.9
2017-02-28,Nigeria,Sub-Saharan Africa,4428879.21
2017-03-31,Nigeria,Sub-Saharan Africa,98484.65
2017-04-30,Nigeria,Sub-Saharan Africa,3337397.2299999995
2017-05-31,Nigeria,Sub-Saharan Africa,8906645.61
2017-06-30,Nigeria,Sub-Saharan Africa,2072004.71
2010-01-31,North Korea,Asia,4045394.5500000003
2010-02-28,North Korea,Asia,7131248.17
2010-03-31,North Korea,Asia,3983755.18
2010-04-30,North Korea,Asia,6442106.5200000005
2010-05-31,North Korea,Asia,6316619.76
2010-06-30,North Korea,Asia,5544494.14
2010-07-31,North Korea,Asia,3509096.19
2010-08-31,North Korea,Asia,5966218.62
2010-09-30,North Korea,Asia,1054194.98
2010-10-31,North Korea,Asia,4736353.28
2010-11-30,North Korea,Asia,1571566.06
2010-12-31,North Korea,Asia,9477393.030000001
2011-01-31,North Korea,Asia,2308548.73
2011-02-28,North Korea,Asia,7125408.59
2011-03-31,North Korea,Asia,2817827.7600000002
2011-04-30,North Korea,Asia,6328052.07
2011-05-31,North Korea,Asia,1381870.81
2011-06-30,North Korea,Asia,13796533.96
2011-07-31,North Korea,Asia,0.0
2011-08-31,North Korea,Asia,3020737.8
2011-09-30,North Korea,Asia,9101690.7
2011-10-31,North Korea,Asia,11287760.09
2011-11-30,North Korea,Asia,1926072.12
2011-12-31,North Korea,Asia,3036764.22
2012-01-31,North Korea,Asia,6191252.6899999995
2012-02-29,North Korea,Asia,1412174.25
2012-03-31,North Korea,Asia,4786571.67
2012-04-30,North Korea,Asia,3086772.46
2012-05-31,North Korea,Asia,1759564.7000000002
2012-06-30,North Korea,Asia,5358891.66
2012-07-31,North Korea,Asia,6010021.89
2012-08-31,North Korea,Asia,4602102.359999999
2012-09-30,North Korea,Asia,2966399.7
2012-10-31,North Korea,Asia,662931.78
2012-11-30,North Korea,Asia,6541518.09
2012-12-31,North Korea,Asia,0.0
2013-01-31,North Korea,Asia,11277662.21
2013-02-28,North Korea,Asia,2077052.92
2013-03-31,North Korea,Asia,0.0
2013-04-30,North Korea,Asia,1931140.2799999998
2013-05-31,North Korea,Asia,3179616.67
2013-06-30,North Korea,Asia,947659.9
2013-07-31,North Korea,Asia,4803875.24
2013-08-31,North Korea,Asia,147661.5
2013-09-30,North Korea,Asia,5742770.8100000005
2013-10-31,North Korea,Asia,1237218.9000000001
2013-11-30,North Korea,Asia,1237781.35
2013-12-31,North Korea,Asia,2280754.93
2014-01-31,North Korea,Asia,792973.2000000001
2014-02-28,North Korea,Asia,0.0
2014-03-31,North Korea,Asia,2620676.73
2014-04-30,North Korea,Asia,6729080.03
2014-05-31,North Korea,Asia,6991756.130000001
2014-06-30,North Korea,Asia,1790827.5
2014-07-31,North Korea,Asia,1748386.38
2014-08-31,North Korea,Asia,1940555.36
2014-09-30,North Korea,Asia,11581665.740000002
2014-10-31,North Korea,Asia,2615681.49
2014-11-30,North Korea,Asia,9012957.49
2014-12-31,North Korea,Asia,0.0
2015-01-31,North Korea,Asia,10437996.67
2015-02-28,North Korea,Asia,8183325.44
2015-03-31,North Korea,Asia,841477.06
2015-04-30,North Korea,Asia,5293791.640000001
2015-05-31,North Korea,Asia,1506552.92
2015-06-30,North Korea,Asia,58395.72
2015-07-31,North Korea,Asia,44961.27
2015-08-31,North Korea,Asia,57911.31
2015-09-30,North Korea,Asia,3657219.08
2015-10-31,North Korea,Asia,2676677.92
2015-11-30,North Korea,Asia,5778623.140000001
2015-12-31,North Korea,Asia,6410235.09
2016-01-31,North Korea,Asia,4976302.640000001
2016-02-29,North Korea,Asia,4060970.29
2016-03-31,North Korea,Asia,3740604.46
2016-04-30,North Korea,Asia,1395463.76
2016-05-31,North Korea,Asia,6700882.17
2016-06-30,North Korea,Asia,4006174.89
2016-07-31,North Korea,Asia,2241316.24
2016-08-31,North Korea,Asia,3117822.8
2016-09-30,North Korea,Asia,190321.95
2016-10-31,North Korea,Asia,7004869.92
2016-11-30,North Korea,Asia,872373.7
2016-12-31,North Korea,Asia,4455242.9
2017-01-31,North Korea,Asia,6761498.87
2017-02-28,North Korea,Asia,1596635.09
2017-03-31,North Korea,Asia,282237.92
2017-04-30,North Korea,Asia,496073.2
2017-05-31,North Korea,Asia,7533745.3100000005
2017-06-30,North Korea,Asia,0.0
2010-01-31,Norway,Europe,4282100.14
2010-02-28,Norway,Europe,6192942.960000001
2010-03-31,Norway,Europe,9535154.5
2010-04-30,Norway,Europe,909416.18
2010-05-31,Norway,Europe,290763.92
2010-06-30,Norway,Europe,0.0
2010-07-31,Norway,Europe,1515569.66
2010-08-31,Norway,Europe,1989308.9000000001
2010-09-30,Norway,Europe,10320406.3
2010-10-31,Norway,Europe,1817455.92
2010-11-30,Norway,Europe,779108.66
2010-12-31,Norway,Europe,4455520.47
2011-01-31,Norway,Europe,218974.0
2011-02-28,Norway,Europe,4693563.0
2011-03-31,Norway,Europe,4094129.84
2011-04-30,Norway,Europe,264396.55
2011-05-31,Norway,Europe,10102282.5
2011-06-30,Norway,Europe,4080910.9899999998
2011-07-31,Norway,Europe,10633551.16
2011-08-31,Norway,Europe,2013391.6
2011-09-30,Norway,Europe,1910459.69
2011-10-31,Norway,Europe,5227869.54
2011-11-30,Norway,Europe,5003975.04
2011-12-31,Norway,Europe,10643072.88
2012-01-31,Norway,Europe,972147.95
2012-02-29,Norway,Europe,1507032.66
2012-03-31,Norway,Europe,980784.24
2012-04-30,Norway,Europe,620184.03
2012-05-31,Norway,Europe,2927320.95
2012-06-30,Norway,Europe,1045630.74
2012-07-31,Norway,Europe,2348172.14
2012-08-31,Norway,Europe,7587124.11
2012-09-30,Norway,Europe,3578892.87
2012-10-31,Norway,Europe,6835152.7299999995
2012-11-30,Norway,Europe,39773.79
2012-12-31,Norway,Europe,7112472.05
2013-01-31,Norway,Europe,6305912.82
2013-02-28,Norway,Europe,10975747.69
2013-03-31,Norway,Europe,930273.04
2013-04-30,Norway,Europe,538787.44
2013-05-31,Norway,Europe,9034760.86
2013-06-30,Norway,Europe,7374833.779999999
2013-07-31,Norway,Europe,4003233.62
2013-08-31,Norway,Europe,5363201.8100000005
2013-09-30,Norway,Europe,7315607.52
2013-10-31,Norway,Europe,5132091.98
2013-11-30,Norway,Europe,8975976.2
2013-12-31,Norway,Europe,5062778.48
2014-01-31,Norway,Europe,6396835.83
2014-02-28,Norway,Europe,5432332.88
2014-03-31,Norway,Europe,7347595.51
2014-04-30,Norway,Europe,7576734.99
2014-05-31,Norway,Europe,2603433.1
2014-06-30,Norway,Europe,3108792.04
2014-07-31,Norway,Europe,9052120.399999999
2014-08-31,Norway,Europe,7910897.05
2014-09-30,Norway,Europe,3499641.9400000004
2014-10-31,Norway,Europe,7164059.029999999
2014-11-30,Norway,Europe,2672055.37
2014-12-31,Norway,Europe,7749664.58
2015-01-31,Norway,Europe,4922595.0600000005
2015-02-28,Norway,Europe,2833371.78
2015-03-31,Norway,Europe,477631.7
2015-04-30,Norway,Europe,3513155.61
2015-05-31,Norway,Europe,7115273.91
2015-06-30,Norway,Europe,1419898.92
2015-07-31,Norway,Europe,5084636.0
2015-08-31,Norway,Europe,7438993.34
2015-09-30,Norway,Europe,6486117.890000001
2015-10-31,Norway,Europe,2918976.19
2015-11-30,Norway,Europe,5458863.42
2015-12-31,Norway,Europe,7744323.65
2016-01-31,Norway,Europe,323424.56
2016-02-29,Norway,Europe,8622922.309999999
2016-03-31,Norway,Europe,0.0
2016-04-30,Norway,Europe,1756021.3
2016-05-31,Norway,Europe,9435236.719999999
2016-06-30,Norway,Europe,9437482.819999998
2016-07-31,Norway,Europe,707139.39
2016-08-31,Norway,Europe,1956207.0
2016-09-30,Norway,Europe,518642.88
2016-10-31,Norway,Europe,4565605.42
2016-11-30,Norway,Europe,12392586.120000001
2016-12-31,Norway,Europe,3664792.68
2017-01-31,Norway,Europe,2389428.62
2017-02-28,Norway,Europe,0.0
2017-03-31,Norway,Europe,4986609.12
2017-04-30,Norway,Europe,2488597.6999999997
2017-05-31,Norway,Europe,957265.21
2017-06-30,Norway,Europe,4098325.3000000003
2010-01-31,Oman,Middle East and North Africa,565388.1
2010-02-28,Oman,Middle East and North Africa,7833295.97
2010-03-31,Oman,Middle East and North Africa,9089343.43
2010-04-30,Oman,Middle East and North Africa,1368490.02
2010-05-31,Oman,Middle East and North Africa,2811080.43
2010-06-30,Oman,Middle East and North Africa,1033848.2
2010-07-31,Oman,Middle East and North Africa,642849.55
2010-08-31,Oman,Middle East and North Africa,873362.65
2010-09-30,Oman,Middle East and North Africa,5912166.19
2010-10-31,Oman,Middle East and North Africa,5000449.07
2010-11-30,Oman,Middle East and North Africa,4558554.43
2010-12-31,Oman,Middle East and North Africa,7084751.39
2011-01-31,Oman,Middle East and North Africa,15665.07
2011-02-28,Oman,Middle East and North Africa,4110531.2600000002
2011-03-31,Oman,Middle East and North Africa,3693661.4699999997
2011-04-30,Oman,Middle East and North Africa,7348131.84
2011-05-31,Oman,Middle East and North Africa,199545.28
2011-06-30,Oman,Middle East and North Africa,45744.99
2011-07-31,Oman,Middle East and North Africa,65304.24
2011-08-31,Oman,Middle East and North Africa,11741008.69
2011-09-30,Oman,Middle East and North Africa,5949866.84
2011-10-31,Oman,Middle East and North Africa,541542.4
2011-11-30,Oman,Middle East and North Africa,2372556.5700000003
2011-12-31,Oman,Middle East and North Africa,6479941.0
2012-01-31,Oman,Middle East and North Africa,7454578.31
2012-02-29,Oman,Middle East and North Africa,5125893.54
2012-03-31,Oman,Middle East and North Africa,3465773.17
2012-04-30,Oman,Middle East and North Africa,3538925.48
2012-05-31,Oman,Middle East and North Africa,4920326.33
2012-06-30,Oman,Middle East and North Africa,146667.95
2012-07-31,Oman,Middle East and North Africa,3373087.75
2012-08-31,Oman,Middle East and North Africa,115131.28
2012-09-30,Oman,Middle East and North Africa,920972.88
2012-10-31,Oman,Middle East and North Africa,715219.23
2012-11-30,Oman,Middle East and North Africa,5101495.72
2012-12-31,Oman,Middle East and North Africa,140489.37
2013-01-31,Oman,Middle East and North Africa,12600427.54
2013-02-28,Oman,Middle East and North Africa,5183652.9
2013-03-31,Oman,Middle East and North Africa,7361046.010000001
2013-04-30,Oman,Middle East and North Africa,3363728.97
2013-05-31,Oman,Middle East and North Africa,614155.44
2013-06-30,Oman,Middle East and North Africa,2733904.92
2013-07-31,Oman,Middle East and North Africa,967912.1399999999
2013-08-31,Oman,Middle East and North Africa,10623568.31
2013-09-30,Oman,Middle East and North Africa,826020.8300000001
2013-10-31,Oman,Middle East and North Africa,3048332.54
2013-11-30,Oman,Middle East and North Africa,79277.01
2013-12-31,Oman,Middle East and North Africa,1352894.95
2014-01-31,Oman,Middle East and North Africa,441000.3
2014-02-28,Oman,Middle East and North Africa,3914320.0999999996
2014-03-31,Oman,Middle East and North Africa,5305678.5600000005
2014-04-30,Oman,Middle East and North Africa,1044685.77
2014-05-31,Oman,Middle East and North Africa,11332147.879999999
2014-06-30,Oman,Middle East and North Africa,0.0
2014-07-31,Oman,Middle East and North Africa,3026801.3600000003
2014-08-31,Oman,Middle East and North Africa,2835700.56
2014-09-30,Oman,Middle East and North Africa,5170032.48
2014-10-31,Oman,Middle East and North Africa,0.0
2014-11-30,Oman,Middle East and North Africa,3039084.34
2014-12-31,Oman,Middle East and North Africa,6356460.81
2015-01-31,Oman,Middle East and North Africa,3570455.6399999997
2015-02-28,Oman,Middle East and North Africa,87711.33
2015-03-31,Oman,Middle East and North Africa,0.0
2015-04-30,Oman,Middle East and North Africa,8071926.619999999
2015-05-31,Oman,Middle East and North Africa,467390.56
2015-06-30,Oman,Middle East and North Africa,1600759.77
2015-07-31,Oman,Middle East and North Africa,3396126.69
2015-08-31,Oman,Middle East and North Africa,0.0
2015-09-30,Oman,Middle East and North Africa,7036467.6
2015-10-31,Oman,Middle East and North Africa,6045727.48
2015-11-30,Oman,Middle East and North Africa,3078719.89
2015-12-31,Oman,Middle East and North Africa,8989684.82
2016-01-31,Oman,Middle East and North Africa,8262656.390000001
2016-02-29,Oman,Middle East and North Africa,4498920.58
2016-03-31,Oman,Middle East and North Africa,9707430.89
2016-04-30,Oman,Middle East and North Africa,2163597.3
2016-05-31,Oman,Middle East and North Africa,6436108.37
2016-06-30,Oman,Middle East and North Africa,9941687.780000001
2016-07-31,Oman,Middle East and North Africa,672403.57
2016-08-31,Oman,Middle East and North Africa,243560.85
2016-09-30,Oman,Middle East and North Africa,5244582.96
2016-10-31,Oman,Middle East and North Africa,7704699.96
2016-11-30,Oman,Middle East and North Africa,7117127.57
2016-12-31,Oman,Middle East and North Africa,10852074.7
2017-01-31,Oman,Middle East and North Africa,241412.02
2017-02-28,Oman,Middle East and North Africa,3609828.12
2017-03-31,Oman,Middle East and North Africa,2029774.5599999998
2017-04-30,Oman,Middle East and North Africa,494492.0
2017-05-31,Oman,Middle East and North Africa,927432.24
2017-06-30,Oman,Middle East and North Africa,433203.87
2010-01-31,Pakistan,Middle East and North Africa,13256418.98
2010-02-28,Pakistan,Middle East and North Africa,0.0
2010-03-31,Pakistan,Middle East and North Africa,12651.48
2010-04-30,Pakistan,Middle East and North Africa,12648104.389999999
2010-05-31,Pakistan,Middle East and North Africa,141685.7
2010-06-30,Pakistan,Middle East and North Africa,16391002.47
2010-07-31,Pakistan,Middle East and North Africa,772063.2
2010-08-31,Pakistan,Middle East and North Africa,4204583.2
2010-09-30,Pakistan,Middle East and North Africa,5180255.66
2010-10-31,Pakistan,Middle East and North Africa,33532.02
2010-11-30,Pakistan,Middle East and North Africa,644571.91
2010-12-31,Pakistan,Middle East and North Africa,7758562.5
2011-01-31,Pakistan,Middle East and North Africa,1433472.34
2011-02-28,Pakistan,Middle East and North Africa,12566579.99
2011-03-31,Pakistan,Middle East and North Africa,231868.01
2011-04-30,Pakistan,Middle East and North Africa,10575481.75
2011-05-31,Pakistan,Middle East and North Africa,5441232.75
2011-06-30,Pakistan,Middle East and North Africa,8728869.97
2011-07-31,Pakistan,Middle East and North Africa,5221372.18
2011-08-31,Pakistan,Middle East and North Africa,5290205.87
2011-09-30,Pakistan,Middle East and North Africa,3353309.86
2011-10-31,Pakistan,Middle East and North Africa,5411594.5200000005
2011-11-30,Pakistan,Middle East and North Africa,1667778.06
2011-12-31,Pakistan,Middle East and North Africa,4505356.33
2012-01-31,Pakistan,Middle East and North Africa,228242.49
2012-02-29,Pakistan,Middle East and North Africa,1878246.7
2012-03-31,Pakistan,Middle East and North Africa,477225.76
2012-04-30,Pakistan,Middle East and North Africa,3331653.34
2012-05-31,Pakistan,Middle East and North Africa,8038951.01
2012-06-30,Pakistan,Middle East and North Africa,546331.71
2012-07-31,Pakistan,Middle East and North Africa,2549129.88
2012-08-31,Pakistan,Middle East and North Africa,3206792.32
2012-09-30,Pakistan,Middle East and North Africa,6451641.74
2012-10-31,Pakistan,Middle East and North Africa,1803648.18
2012-11-30,Pakistan,Middle East and North Africa,0.0
2012-12-31,Pakistan,Middle East and North Africa,557643.79
2013-01-31,Pakistan,Middle East and North Africa,17959850.48
2013-02-28,Pakistan,Middle East and North Africa,1803260.44
2013-03-31,Pakistan,Middle East and North Africa,5789294.31
2013-04-30,Pakistan,Middle East and North Africa,2575.08
2013-05-31,Pakistan,Middle East and North Africa,1541888.1600000001
2013-06-30,Pakistan,Middle East and North Africa,4692407.1899999995
2013-07-31,Pakistan,Middle East and North Africa,273121.4
2013-08-31,Pakistan,Middle East and North Africa,4157848.97
2013-09-30,Pakistan,Middle East and North Africa,3168906.22
2013-10-31,Pakistan,Middle East and North Africa,0.0
2013-11-30,Pakistan,Middle East and North Africa,2006904.3800000001
2013-12-31,Pakistan,Middle East and North Africa,3633606.92
2014-01-31,Pakistan,Middle East and North Africa,0.0
2014-02-28,Pakistan,Middle East and North Africa,272540.19
2014-03-31,Pakistan,Middle East and North Africa,10548839.25
2014-04-30,Pakistan,Middle East and North Africa,4066806.45
2014-05-31,Pakistan,Middle East and North Africa,6086688.99
2014-06-30,Pakistan,Middle East and North Africa,41957.01
2014-07-31,Pakistan,Middle East and North Africa,4424615.67
2014-08-31,Pakistan,Middle East and North Africa,6753951.24
2014-09-30,Pakistan,Middle East and North Africa,0.0
2014-10-31,Pakistan,Middle East and North Africa,0.0
2014-11-30,Pakistan,Middle East and North Africa,4298001.02
2014-12-31,Pakistan,Middle East and North Africa,645993.92
2015-01-31,Pakistan,Middle East and North Africa,768894.08
2015-02-28,Pakistan,Middle East and North Africa,206532.74
2015-03-31,Pakistan,Middle East and North Africa,3894921.6
2015-04-30,Pakistan,Middle East and North Africa,8714995.52
2015-05-31,Pakistan,Middle East and North Africa,0.0
2015-06-30,Pakistan,Middle East and North Africa,2634173.7
2015-07-31,Pakistan,Middle East and North Africa,966287.2
2015-08-31,Pakistan,Middle East and North Africa,3928564.38
2015-09-30,Pakistan,Middle East and North Africa,2453653.54
2015-10-31,Pakistan,Middle East and North Africa,4260514.0
2015-11-30,Pakistan,Middle East and North Africa,850418.74
2015-12-31,Pakistan,Middle East and North Africa,4250377.4
2016-01-31,Pakistan,Middle East and North Africa,2864097.2
2016-02-29,Pakistan,Middle East and North Africa,602852.25
2016-03-31,Pakistan,Middle East and North Africa,2029274.0799999998
2016-04-30,Pakistan,Middle East and North Africa,5027718.5
2016-05-31,Pakistan,Middle East and North Africa,3558746.22
2016-06-30,Pakistan,Middle East and North Africa,9863241.37
2016-07-31,Pakistan,Middle East and North Africa,5147563.3
2016-08-31,Pakistan,Middle East and North Africa,1839853.98
2016-09-30,Pakistan,Middle East and North Africa,1764845.04
2016-10-31,Pakistan,Middle East and North Africa,1511621.3599999999
2016-11-30,Pakistan,Middle East and North Africa,2920660.52
2016-12-31,Pakistan,Middle East and North Africa,470373.72000000003
2017-01-31,Pakistan,Middle East and North Africa,1550726.74
2017-02-28,Pakistan,Middle East and North Africa,5218227.36
2017-03-31,Pakistan,Middle East and North Africa,7289334.14
2017-04-30,Pakistan,Middle East and North Africa,2199481.06
2017-05-31,Pakistan,Middle East and North Africa,3890828.4499999997
2017-06-30,Pakistan,Middle East and North Africa,3813080.1
2010-01-31,Palau,Australia and Oceania,620382.56
2010-02-28,Palau,Australia and Oceania,2416448.99
2010-03-31,Palau,Australia and Oceania,2775268.82
2010-04-30,Palau,Australia and Oceania,2300184.6
2010-05-31,Palau,Australia and Oceania,1061851.1
2010-06-30,Palau,Australia and Oceania,2287606.8
2010-07-31,Palau,Australia and Oceania,6488656.44
2010-08-31,Palau,Australia and Oceania,2262947.2
2010-09-30,Palau,Australia and Oceania,76655.28
2010-10-31,Palau,Australia and Oceania,2817316.8
2010-11-30,Palau,Australia and Oceania,0.0
2010-12-31,Palau,Australia and Oceania,3183586.98
2011-01-31,Palau,Australia and Oceania,12541970.17
2011-02-28,Palau,Australia and Oceania,0.0
2011-03-31,Palau,Australia and Oceania,1789077.2200000002
2011-04-30,Palau,Australia and Oceania,5152646.05
2011-05-31,Palau,Australia and Oceania,1212248.1
2011-06-30,Palau,Australia and Oceania,2126288.7199999997
2011-07-31,Palau,Australia and Oceania,6642248.34
2011-08-31,Palau,Australia and Oceania,5741450.42
2011-09-30,Palau,Australia and Oceania,2393743.14
2011-10-31,Palau,Australia and Oceania,13658104.97
2011-11-30,Palau,Australia and Oceania,541201.26
2011-12-31,Palau,Australia and Oceania,3772305.0900000003
2012-01-31,Palau,Australia and Oceania,5184158.109999999
2012-02-29,Palau,Australia and Oceania,1322628.6199999999
2012-03-31,Palau,Australia and Oceania,4351138.17
2012-04-30,Palau,Australia and Oceania,4549310.1899999995
2012-05-31,Palau,Australia and Oceania,1276215.84
2012-06-30,Palau,Australia and Oceania,2601821.88
2012-07-31,Palau,Australia and Oceania,3064985.67
2012-08-31,Palau,Australia and Oceania,0.0
2012-09-30,Palau,Australia and Oceania,6231779.71
2012-10-31,Palau,Australia and Oceania,1507055.27
2012-11-30,Palau,Australia and Oceania,4178850.44
2012-12-31,Palau,Australia and Oceania,3062241.86
2013-01-31,Palau,Australia and Oceania,9457702.100000001
2013-02-28,Palau,Australia and Oceania,2792733.92
2013-03-31,Palau,Australia and Oceania,6055265.49
2013-04-30,Palau,Australia and Oceania,748854.75
2013-05-31,Palau,Australia and Oceania,0.0
2013-06-30,Palau,Australia and Oceania,5427688.94
2013-07-31,Palau,Australia and Oceania,1626392.46
2013-08-31,Palau,Australia and Oceania,1796229.0
2013-09-30,Palau,Australia and Oceania,5891097.38
2013-10-31,Palau,Australia and Oceania,7480354.21
2013-11-30,Palau,Australia and Oceania,12409715.22
2013-12-31,Palau,Australia and Oceania,3223336.4799999995
2014-01-31,Palau,Australia and Oceania,1349788.7000000002
2014-02-28,Palau,Australia and Oceania,3297282.9699999997
2014-03-31,Palau,Australia and Oceania,5943351.51
2014-04-30,Palau,Australia and Oceania,1105973.5
2014-05-31,Palau,Australia and Oceania,244764.54
2014-06-30,Palau,Australia and Oceania,5398596.36
2014-07-31,Palau,Australia and Oceania,704075.61
2014-08-31,Palau,Australia and Oceania,2817764.1999999997
2014-09-30,Palau,Australia and Oceania,140373.6
2014-10-31,Palau,Australia and Oceania,175775.16999999998
2014-11-30,Palau,Australia and Oceania,1966166.56
2014-12-31,Palau,Australia and Oceania,2190874.77
2015-01-31,Palau,Australia and Oceania,7660894.32
2015-02-28,Palau,Australia and Oceania,1259051.25
2015-03-31,Palau,Australia and Oceania,2810239.68
2015-04-30,Palau,Australia and Oceania,541228.77
2015-05-31,Palau,Australia and Oceania,574391.02
2015-06-30,Palau,Australia and Oceania,0.0
2015-07-31,Palau,Australia and Oceania,6754428.12
2015-08-31,Palau,Australia and Oceania,7718957.32
2015-09-30,Palau,Australia and Oceania,1643504.78
2015-10-31,Palau,Australia and Oceania,4097375.0
2015-11-30,Palau,Australia and Oceania,0.0
2015-12-31,Palau,Australia and Oceania,3424669.06
2016-01-31,Palau,Australia and Oceania,1608663.18
2016-02-29,Palau,Australia and Oceania,9921660.0
2016-03-31,Palau,Australia and Oceania,2369949.44
2016-04-30,Palau,Australia and Oceania,568802.4
2016-05-31,Palau,Australia and Oceania,4878071.850000001
2016-06-30,Palau,Australia and Oceania,15026073.99
2016-07-31,Palau,Australia and Oceania,5983968.69
2016-08-31,Palau,Australia and Oceania,11014546.53
2016-09-30,Palau,Australia and Oceania,19711707.92
2016-10-31,Palau,Australia and Oceania,1027060.1
2016-11-30,Palau,Australia and Oceania,3696989.08
2016-12-31,Palau,Australia and Oceania,1210725.02
2017-01-31,Palau,Australia and Oceania,3717554.8899999997
2017-02-28,Palau,Australia and Oceania,452474.22000000003
2017-03-31,Palau,Australia and Oceania,4820048.78
2017-04-30,Palau,Australia and Oceania,88640.26000000001
2017-05-31,Palau,Australia and Oceania,3798154.29
2017-06-30,Palau,Australia and Oceania,891460.6799999999
2010-01-31,Panama,Central America and the Caribbean,1500128.62
2010-02-28,Panama,Central America and the Caribbean,3847192.2
2010-03-31,Panama,Central America and the Caribbean,926371.5599999999
2010-04-30,Panama,Central America and the Caribbean,2559681.23
2010-05-31,Panama,Central America and the Caribbean,260168.35
2010-06-30,Panama,Central America and the Caribbean,299973.6
2010-07-31,Panama,Central America and the Caribbean,3638522.12
2010-08-31,Panama,Central America and the Caribbean,7040218.26
2010-09-30,Panama,Central America and the Caribbean,5302063.18
2010-10-31,Panama,Central America and the Caribbean,167922.83000000002
2010-11-30,Panama,Central America and the Caribbean,3721364.52
2010-12-31,Panama,Central America and the Caribbean,592781.4
2011-01-31,Panama,Central America and the Caribbean,1048618.64
2011-02-28,Panama,Central America and the Caribbean,3670437.2299999995
2011-03-31,Panama,Central America and the Caribbean,5259966.96
2011-04-30,Panama,Central America and the Caribbean,4219750.72
2011-05-31,Panama,Central America and the Caribbean,1992125.31
2011-06-30,Panama,Central America and the Caribbean,4431374.68
2011-07-31,Panama,Central America and the Caribbean,2357677.7800000003
2011-08-31,Panama,Central America and the Caribbean,7605059.899999999
2011-09-30,Panama,Central America and the Caribbean,9014046.51
2011-10-31,Panama,Central America and the Caribbean,7388727.119999999
2011-11-30,Panama,Central America and the Caribbean,3249415.9899999998
2011-12-31,Panama,Central America and the Caribbean,3625343.2
2012-01-31,Panama,Central America and the Caribbean,76744.47
2012-02-29,Panama,Central America and the Caribbean,4457287.26
2012-03-31,Panama,Central America and the Caribbean,9155760.549999999
2012-04-30,Panama,Central America and the Caribbean,4599332.48
2012-05-31,Panama,Central America and the Caribbean,1132677.64
2012-06-30,Panama,Central America and the Caribbean,3910173.11
2012-07-31,Panama,Central America and the Caribbean,6293930.78
2012-08-31,Panama,Central America and the Caribbean,615024.37
2012-09-30,Panama,Central America and the Caribbean,1954994.1600000001
2012-10-31,Panama,Central America and the Caribbean,6892710.93
2012-11-30,Panama,Central America and the Caribbean,2053965.6
2012-12-31,Panama,Central America and the Caribbean,0.0
2013-01-31,Panama,Central America and the Caribbean,1246994.63
2013-02-28,Panama,Central America and the Caribbean,2459367.52
2013-03-31,Panama,Central America and the Caribbean,1836805.7
2013-04-30,Panama,Central America and the Caribbean,2775380.28
2013-05-31,Panama,Central America and the Caribbean,2139756.96
2013-06-30,Panama,Central America and the Caribbean,8290660.09
2013-07-31,Panama,Central America and the Caribbean,770190.94
2013-08-31,Panama,Central America and the Caribbean,3888554.6
2013-09-30,Panama,Central America and the Caribbean,2536692.4
2013-10-31,Panama,Central America and the Caribbean,2714769.86
2013-11-30,Panama,Central America and the Caribbean,2542246.3
2013-12-31,Panama,Central America and the Caribbean,1211775.3599999999
2014-01-31,Panama,Central America and the Caribbean,1260091.35
2014-02-28,Panama,Central America and the Caribbean,1154987.82
2014-03-31,Panama,Central America and the Caribbean,1986444.9
2014-04-30,Panama,Central America and the Caribbean,3480270.51
2014-05-31,Panama,Central America and the Caribbean,12676983.510000002
2014-06-30,Panama,Central America and the Caribbean,3648393.1399999997
2014-07-31,Panama,Central America and the Caribbean,3680071.09
2014-08-31,Panama,Central America and the Caribbean,9075790.65
2014-09-30,Panama,Central America and the Caribbean,1503317.48
2014-10-31,Panama,Central America and the Caribbean,5848169.76
2014-11-30,Panama,Central America and the Caribbean,8919255.91
2014-12-31,Panama,Central America and the Caribbean,3224733.23
2015-01-31,Panama,Central America and the Caribbean,4778546.04
2015-02-28,Panama,Central America and the Caribbean,5208495.9399999995
2015-03-31,Panama,Central America and the Caribbean,9469090.44
2015-04-30,Panama,Central America and the Caribbean,3398166.86
2015-05-31,Panama,Central America and the Caribbean,4791919.65
2015-06-30,Panama,Central America and the Caribbean,1937257.15
2015-07-31,Panama,Central America and the Caribbean,2670867.6999999997
2015-08-31,Panama,Central America and the Caribbean,10382847.51
2015-09-30,Panama,Central America and the Caribbean,7428639.08
2015-10-31,Panama,Central America and the Caribbean,2925164.2399999998
2015-11-30,Panama,Central America and the Caribbean,5689441.859999999
2015-12-31,Panama,Central America and the Caribbean,628444.38
2016-01-31,Panama,Central America and the Caribbean,4854770.55
2016-02-29,Panama,Central America and the Caribbean,4596175.720000001
2016-03-31,Panama,Central America and the Caribbean,7973466.0
2016-04-30,Panama,Central America and the Caribbean,2363272.36
2016-05-31,Panama,Central America and the Caribbean,2968418.04
2016-06-30,Panama,Central America and the Caribbean,1807053.02
2016-07-31,Panama,Central America and the Caribbean,5134405.2
2016-08-31,Panama,Central America and the Caribbean,2626055.64
2016-09-30,Panama,Central America and the Caribbean,17354294.549999997
2016-10-31,Panama,Central America and the Caribbean,1526860.16
2016-11-30,Panama,Central America and the Caribbean,730651.4199999999
2016-12-31,Panama,Central America and the Caribbean,454908.96
2017-01-31,Panama,Central America and the Caribbean,2452482.57
2017-02-28,Panama,Central America and the Caribbean,3696987.76
2017-03-31,Panama,Central America and the Caribbean,7832793.91
2017-04-30,Panama,Central America and the Caribbean,887427.35
2017-05-31,Panama,Central America and the Caribbean,5029597.9399999995
2017-06-30,Panama,Central America and the Caribbean,1795131.48
2010-01-31,Papua New Guinea,Australia and Oceania,2108102.24
2010-02-28,Papua New Guinea,Australia and Oceania,5860607.08
2010-03-31,Papua New Guinea,Australia and Oceania,1950154.5299999998
2010-04-30,Papua New Guinea,Australia and Oceania,2521382.71
2010-05-31,Papua New Guinea,Australia and Oceania,810683.67
2010-06-30,Papua New Guinea,Australia and Oceania,8745979.02
2010-07-31,Papua New Guinea,Australia and Oceania,3231888.1799999997
2010-08-31,Papua New Guinea,Australia and Oceania,707214.06
2010-09-30,Papua New Guinea,Australia and Oceania,2652131.13
2010-10-31,Papua New Guinea,Australia and Oceania,3353225.76
2010-11-30,Papua New Guinea,Australia and Oceania,232329.28
2010-12-31,Papua New Guinea,Australia and Oceania,1590188.15
2011-01-31,Papua New Guinea,Australia and Oceania,494541.76
2011-02-28,Papua New Guinea,Australia and Oceania,215708.97999999998
2011-03-31,Papua New Guinea,Australia and Oceania,2630254.83
2011-04-30,Papua New Guinea,Australia and Oceania,8917793.83
2011-05-31,Papua New Guinea,Australia and Oceania,6876865.96
2011-06-30,Papua New Guinea,Australia and Oceania,14444223.75
2011-07-31,Papua New Guinea,Australia and Oceania,0.0
2011-08-31,Papua New Guinea,Australia and Oceania,5380092.33
2011-09-30,Papua New Guinea,Australia and Oceania,37012.11
2011-10-31,Papua New Guinea,Australia and Oceania,2563890.1
2011-11-30,Papua New Guinea,Australia and Oceania,1902661.16
2011-12-31,Papua New Guinea,Australia and Oceania,602648.62
2012-01-31,Papua New Guinea,Australia and Oceania,4209801.63
2012-02-29,Papua New Guinea,Australia and Oceania,5073398.930000001
2012-03-31,Papua New Guinea,Australia and Oceania,8006652.01
2012-04-30,Papua New Guinea,Australia and Oceania,5839343.26
2012-05-31,Papua New Guinea,Australia and Oceania,4293947.33
2012-06-30,Papua New Guinea,Australia and Oceania,4003636.8
2012-07-31,Papua New Guinea,Australia and Oceania,3816083.46
2012-08-31,Papua New Guinea,Australia and Oceania,2007779.74
2012-09-30,Papua New Guinea,Australia and Oceania,4740757.62
2012-10-31,Papua New Guinea,Australia and Oceania,5672944.03
2012-11-30,Papua New Guinea,Australia and Oceania,652292.32
2012-12-31,Papua New Guinea,Australia and Oceania,0.0
2013-01-31,Papua New Guinea,Australia and Oceania,61864.95
2013-02-28,Papua New Guinea,Australia and Oceania,1879487.1700000002
2013-03-31,Papua New Guinea,Australia and Oceania,5494213.63
2013-04-30,Papua New Guinea,Australia and Oceania,5302106.300000001
2013-05-31,Papua New Guinea,Australia and Oceania,3311527.66
2013-06-30,Papua New Guinea,Australia and Oceania,350623.91000000003
2013-07-31,Papua New Guinea,Australia and Oceania,6367762.46
2013-08-31,Papua New Guinea,Australia and Oceania,6369268.6899999995
2013-09-30,Papua New Guinea,Australia and Oceania,13460722.99
2013-10-31,Papua New Guinea,Australia and Oceania,7409380.64
2013-11-30,Papua New Guinea,Australia and Oceania,7101347.63
2013-12-31,Papua New Guinea,Australia and Oceania,5271188.22
2014-01-31,Papua New Guinea,Australia and Oceania,6742780.76
2014-02-28,Papua New Guinea,Australia and Oceania,13560905.32
2014-03-31,Papua New Guinea,Australia and Oceania,5746792.9
2014-04-30,Papua New Guinea,Australia and Oceania,2412168.08
2014-05-31,Papua New Guinea,Australia and Oceania,726579.7
2014-06-30,Papua New Guinea,Australia and Oceania,208396.96
2014-07-31,Papua New Guinea,Australia and Oceania,3034260.7800000003
2014-08-31,Papua New Guinea,Australia and Oceania,2606974.16
2014-09-30,Papua New Guinea,Australia and Oceania,1012326.58
2014-10-31,Papua New Guinea,Australia and Oceania,438526.18
2014-11-30,Papua New Guinea,Australia and Oceania,3767899.59
2014-12-31,Papua New Guinea,Australia and Oceania,0.0
2015-01-31,Papua New Guinea,Australia and Oceania,11528039.82
2015-02-28,Papua New Guinea,Australia and Oceania,894934.54
2015-03-31,Papua New Guinea,Australia and Oceania,5179604.140000001
2015-04-30,Papua New Guinea,Australia and Oceania,2462686.16
2015-05-31,Papua New Guinea,Australia and Oceania,5466194.34
2015-06-30,Papua New Guinea,Australia and Oceania,696911.6
2015-07-31,Papua New Guinea,Australia and Oceania,3410747.6999999997
2015-08-31,Papua New Guinea,Australia and Oceania,1899580.47
2015-09-30,Papua New Guinea,Australia and Oceania,1616943.52
2015-10-31,Papua New Guinea,Australia and Oceania,2473152.64
2015-11-30,Papua New Guinea,Australia and Oceania,8151356.52
2015-12-31,Papua New Guinea,Australia and Oceania,4995286.489999999
2016-01-31,Papua New Guinea,Australia and Oceania,4791624.02
2016-02-29,Papua New Guinea,Australia and Oceania,10586033.700000001
2016-03-31,Papua New Guinea,Australia and Oceania,129173.68
2016-04-30,Papua New Guinea,Australia and Oceania,4190874.58
2016-05-31,Papua New Guinea,Australia and Oceania,4118974.8
2016-06-30,Papua New Guinea,Australia and Oceania,45884.94
2016-07-31,Papua New Guinea,Australia and Oceania,785918.71
2016-08-31,Papua New Guinea,Australia and Oceania,8397328.67
2016-09-30,Papua New Guinea,Australia and Oceania,0.0
2016-10-31,Papua New Guinea,Australia and Oceania,5184333.9
2016-11-30,Papua New Guinea,Australia and Oceania,3950603.92
2016-12-31,Papua New Guinea,Australia and Oceania,8783216.38
2017-01-31,Papua New Guinea,Australia and Oceania,9855557.29
2017-02-28,Papua New Guinea,Australia and Oceania,1947492.99
2017-03-31,Papua New Guinea,Australia and Oceania,4212520.45
2017-04-30,Papua New Guinea,Australia and Oceania,1462993.51
2017-05-31,Papua New Guinea,Australia and Oceania,4491548.55
2017-06-30,Papua New Guinea,Australia and Oceania,1171973.28
2010-01-31,Philippines,Asia,998342.21
2010-02-28,Philippines,Asia,5458022.59
2010-03-31,Philippines,Asia,2167756.51
2010-04-30,Philippines,Asia,11788293.059999999
2010-05-31,Philippines,Asia,0.0
2010-06-30,Philippines,Asia,1255846.01
2010-07-31,Philippines,Asia,4693928.48
2010-08-31,Philippines,Asia,7501546.050000001
2010-09-30,Philippines,Asia,1153509.31
2010-10-31,Philippines,Asia,4110991.6
2010-11-30,Philippines,Asia,37672.11
2010-12-31,Philippines,Asia,1310611.27
2011-01-31,Philippines,Asia,11337884.56
2011-02-28,Philippines,Asia,2026556.4
2011-03-31,Philippines,Asia,0.0
2011-04-30,Philippines,Asia,9864754.71
2011-05-31,Philippines,Asia,7184739.819999999
2011-06-30,Philippines,Asia,1058595.36
2011-07-31,Philippines,Asia,2626875.8
2011-08-31,Philippines,Asia,444774.66
2011-09-30,Philippines,Asia,5462534.2700000005
2011-10-31,Philippines,Asia,1259535.81
2011-11-30,Philippines,Asia,75366.47
2011-12-31,Philippines,Asia,2039167.5
2012-01-31,Philippines,Asia,416110.34
2012-02-29,Philippines,Asia,1763526.25
2012-03-31,Philippines,Asia,6038433.69
2012-04-30,Philippines,Asia,0.0
2012-05-31,Philippines,Asia,4498923.1
2012-06-30,Philippines,Asia,7580202.109999999
2012-07-31,Philippines,Asia,2515866.51
2012-08-31,Philippines,Asia,3051890.3899999997
2012-09-30,Philippines,Asia,1256947.15
2012-10-31,Philippines,Asia,1926575.53
2012-11-30,Philippines,Asia,2936030.7600000002
2012-12-31,Philippines,Asia,1439312.33
2013-01-31,Philippines,Asia,5490627.79
2013-02-28,Philippines,Asia,8646683.92
2013-03-31,Philippines,Asia,3092399.31
2013-04-30,Philippines,Asia,12074773.379999999
2013-05-31,Philippines,Asia,15993552.440000001
2013-06-30,Philippines,Asia,5380261.96
2013-07-31,Philippines,Asia,6184907.1899999995
2013-08-31,Philippines,Asia,0.0
2013-09-30,Philippines,Asia,2465082.9
2013-10-31,Philippines,Asia,393656.4
2013-11-30,Philippines,Asia,9662563.09
2013-12-31,Philippines,Asia,1213308.17
2014-01-31,Philippines,Asia,603400.47
2014-02-28,Philippines,Asia,0.0
2014-03-31,Philippines,Asia,2764978.2800000003
2014-04-30,Philippines,Asia,305802.04000000004
2014-05-31,Philippines,Asia,3307251.5300000003
2014-06-30,Philippines,Asia,4623108.91
2014-07-31,Philippines,Asia,5749082.82
2014-08-31,Philippines,Asia,482223.92
2014-09-30,Philippines,Asia,2985966.13
2014-10-31,Philippines,Asia,222445.6
2014-11-30,Philippines,Asia,30023.94
2014-12-31,Philippines,Asia,1091986.86
2015-01-31,Philippines,Asia,3242894.62
2015-02-28,Philippines,Asia,8381847.73
2015-03-31,Philippines,Asia,598266.18
2015-04-30,Philippines,Asia,2059496.02
2015-05-31,Philippines,Asia,6147286.64
2015-06-30,Philippines,Asia,5858753.02
2015-07-31,Philippines,Asia,1379146.23
2015-08-31,Philippines,Asia,9137538.88
2015-09-30,Philippines,Asia,5973802.66
2015-10-31,Philippines,Asia,550074.03
2015-11-30,Philippines,Asia,4446869.45
2015-12-31,Philippines,Asia,7407054.24
2016-01-31,Philippines,Asia,1693783.1199999999
2016-02-29,Philippines,Asia,7294876.41
2016-03-31,Philippines,Asia,1248752.67
2016-04-30,Philippines,Asia,2891969.26
2016-05-31,Philippines,Asia,2966199.84
2016-06-30,Philippines,Asia,3184640.2
2016-07-31,Philippines,Asia,10844204.61
2016-08-31,Philippines,Asia,6146346.989999999
2016-09-30,Philippines,Asia,5170350.39
2016-10-31,Philippines,Asia,11065970.36
2016-11-30,Philippines,Asia,4486509.53
2016-12-31,Philippines,Asia,1896759.7
2017-01-31,Philippines,Asia,1914970.4
2017-02-28,Philippines,Asia,1236602.45
2017-03-31,Philippines,Asia,4262188.17
2017-04-30,Philippines,Asia,4871688.3
2017-05-31,Philippines,Asia,11621788.44
2017-06-30,Philippines,Asia,4506566.2299999995
2010-01-31,Poland,Europe,1171674.72
2010-02-28,Poland,Europe,2190058.8600000003
2010-03-31,Poland,Europe,5381701.79
2010-04-30,Poland,Europe,753157.76
2010-05-31,Poland,Europe,10263752.79
2010-06-30,Poland,Europe,4670347.65
2010-07-31,Poland,Europe,88970.88
2010-08-31,Poland,Europe,488243.85
2010-09-30,Poland,Europe,7496249.16
2010-10-31,Poland,Europe,133234.02000000002
2010-11-30,Poland,Europe,5273584.9
2010-12-31,Poland,Europe,327734.26
2011-01-31,Poland,Europe,980184.09
2011-02-28,Poland,Europe,4076473.54
2011-03-31,Poland,Europe,5914292.38
2011-04-30,Poland,Europe,3274973.5
2011-05-31,Poland,Europe,1830746.53
2011-06-30,Poland,Europe,1454291.02
2011-07-31,Poland,Europe,476054.74
2011-08-31,Poland,Europe,84366.1
2011-09-30,Poland,Europe,1200763.34
2011-10-31,Poland,Europe,4181243.1399999997
2011-11-30,Poland,Europe,530370.2
2011-12-31,Poland,Europe,4451060.56
2012-01-31,Poland,Europe,3273469.25
2012-02-29,Poland,Europe,1318901.52
2012-03-31,Poland,Europe,2934552.44
2012-04-30,Poland,Europe,4153767.42
2012-05-31,Poland,Europe,75628.98
2012-06-30,Poland,Europe,0.0
2012-07-31,Poland,Europe,11905467.11
2012-08-31,Poland,Europe,5997209.18
2012-09-30,Poland,Europe,3073454.5700000003
2012-10-31,Poland,Europe,7840929.800000001
2012-11-30,Poland,Europe,1836936.52
2012-12-31,Poland,Europe,2764591.52
2013-01-31,Poland,Europe,37198.71
2013-02-28,Poland,Europe,0.0
2013-03-31,Poland,Europe,2201069.66
2013-04-30,Poland,Europe,603592.71
2013-05-31,Poland,Europe,4698522.96
2013-06-30,Poland,Europe,5111340.89
2013-07-31,Poland,Europe,9341240.51
2013-08-31,Poland,Europe,5723903.1899999995
2013-09-30,Poland,Europe,11235827.56
2013-10-31,Poland,Europe,6117776.71
2013-11-30,Poland,Europe,7807328.0
2013-12-31,Poland,Europe,2326769.93
2014-01-31,Poland,Europe,6029290.92
2014-02-28,Poland,Europe,3868918.41
2014-03-31,Poland,Europe,2700895.01
2014-04-30,Poland,Europe,5506045.64
2014-05-31,Poland,Europe,0.0
2014-06-30,Poland,Europe,1128335.2699999998
2014-07-31,Poland,Europe,4085160.87
2014-08-31,Poland,Europe,4885365.96
2014-09-30,Poland,Europe,5281903.62
2014-10-31,Poland,Europe,3281765.23
2014-11-30,Poland,Europe,6071811.22
2014-12-31,Poland,Europe,0.0
2015-01-31,Poland,Europe,2851565.76
2015-02-28,Poland,Europe,2467044.86
2015-03-31,Poland,Europe,9463064.110000001
2015-04-30,Poland,Europe,3910560.52
2015-05-31,Poland,Europe,3306533.95
2015-06-30,Poland,Europe,910404.38
2015-07-31,Poland,Europe,9406264.17
2015-08-31,Poland,Europe,6271491.83
2015-09-30,Poland,Europe,9572420.75
2015-10-31,Poland,Europe,2220.54
2015-11-30,Poland,Europe,1135195.2
2015-12-31,Poland,Europe,2644190.2399999998
2016-01-31,Poland,Europe,742011.2
2016-02-29,Poland,Europe,9693790.49
2016-03-31,Poland,Europe,8342244.49
2016-04-30,Poland,Europe,3911384.31
2016-05-31,Poland,Europe,4135474.8
2016-06-30,Poland,Europe,5433691.0200000005
2016-07-31,Poland,Europe,379881.04
2016-08-31,Poland,Europe,4727008.09
2016-09-30,Poland,Europe,1081359.54
2016-10-31,Poland,Europe,2017590.54
2016-11-30,Poland,Europe,377307.93
2016-12-31,Poland,Europe,2235901.81
2017-01-31,Poland,Europe,1392656.6
2017-02-28,Poland,Europe,2663631.71
2017-03-31,Poland,Europe,13633.57
2017-04-30,Poland,Europe,3453159.27
2017-05-31,Poland,Europe,4329330.9
2017-06-30,Poland,Europe,0.0
2010-01-31,Portugal,Europe,4184614.42
2010-02-28,Portugal,Europe,3326760.96
2010-03-31,Portugal,Europe,587.79
2010-04-30,Portugal,Europe,424670.83999999997
2010-05-31,Portugal,Europe,8384240.91
2010-06-30,Portugal,Europe,415345.76
2010-07-31,Portugal,Europe,1712451.51
2010-08-31,Portugal,Europe,4915240.66
2010-09-30,Portugal,Europe,1658105.12
2010-10-31,Portugal,Europe,4695900.99
2010-11-30,Portugal,Europe,6763456.399999999
2010-12-31,Portugal,Europe,3168131.15
2011-01-31,Portugal,Europe,873096.01
2011-02-28,Portugal,Europe,1231909.86
2011-03-31,Portugal,Europe,10670295.79
2011-04-30,Portugal,Europe,1008701.8999999999
2011-05-31,Portugal,Europe,9436075.129999999
2011-06-30,Portugal,Europe,5149150.93
2011-07-31,Portugal,Europe,1147532.65
2011-08-31,Portugal,Europe,699416.3099999999
2011-09-30,Portugal,Europe,2487756.1500000004
2011-10-31,Portugal,Europe,2876800.5200000005
2011-11-30,Portugal,Europe,9002700.88
2011-12-31,Portugal,Europe,5664617.71
2012-01-31,Portugal,Europe,1731773.9000000001
2012-02-29,Portugal,Europe,1409656.16
2012-03-31,Portugal,Europe,1527930.56
2012-04-30,Portugal,Europe,563147.68
2012-05-31,Portugal,Europe,4049681.8200000003
2012-06-30,Portugal,Europe,76869.87
2012-07-31,Portugal,Europe,5927667.0
2012-08-31,Portugal,Europe,843462.8200000001
2012-09-30,Portugal,Europe,3880978.21
2012-10-31,Portugal,Europe,8112966.369999999
2012-11-30,Portugal,Europe,3728791.33
2012-12-31,Portugal,Europe,11201991.92
2013-01-31,Portugal,Europe,2051567.74
2013-02-28,Portugal,Europe,1432608.35
2013-03-31,Portugal,Europe,3850606.0199999996
2013-04-30,Portugal,Europe,18665848.66
2013-05-31,Portugal,Europe,14860556.55
2013-06-30,Portugal,Europe,1708096.34
2013-07-31,Portugal,Europe,1265244.44
2013-08-31,Portugal,Europe,6284176.5
2013-09-30,Portugal,Europe,4029052.38
2013-10-31,Portugal,Europe,3856324.96
2013-11-30,Portugal,Europe,4456255.220000001
2013-12-31,Portugal,Europe,5754767.55
2014-01-31,Portugal,Europe,5435973.28
2014-02-28,Portugal,Europe,1064989.17
2014-03-31,Portugal,Europe,953830.9
2014-04-30,Portugal,Europe,6548625.970000001
2014-05-31,Portugal,Europe,4379873.46
2014-06-30,Portugal,Europe,0.0
2014-07-31,Portugal,Europe,4571890.62
2014-08-31,Portugal,Europe,5409653.09
2014-09-30,Portugal,Europe,2932453.67
2014-10-31,Portugal,Europe,1877222.94
2014-11-30,Portugal,Europe,697267.92
2014-12-31,Portugal,Europe,1358874.0
2015-01-31,Portugal,Europe,4615960.0600000005
2015-02-28,Portugal,Europe,1204901.7
2015-03-31,Portugal,Europe,2529381.27
2015-04-30,Portugal,Europe,529714.98
2015-05-31,Portugal,Europe,956156.4
2015-06-30,Portugal,Europe,4772657.5
2015-07-31,Portugal,Europe,7742936.44
2015-08-31,Portugal,Europe,0.0
2015-09-30,Portugal,Europe,7238813.300000001
2015-10-31,Portugal,Europe,397889.31
2015-11-30,Portugal,Europe,2076211.5399999998
2015-12-31,Portugal,Europe,784104.74
2016-01-31,Portugal,Europe,260358.15
2016-02-29,Portugal,Europe,7061880.11
2016-03-31,Portugal,Europe,6921616.66
2016-04-30,Portugal,Europe,1356507.56
2016-05-31,Portugal,Europe,692243.45
2016-06-30,Portugal,Europe,1088582.05
2016-07-31,Portugal,Europe,5989830.05
2016-08-31,Portugal,Europe,288116.4
2016-09-30,Portugal,Europe,3757382.5
2016-10-31,Portugal,Europe,4011280.36
2016-11-30,Portugal,Europe,2358597.26
2016-12-31,Portugal,Europe,777959.49
2017-01-31,Portugal,Europe,8777480.61
2017-02-28,Portugal,Europe,873962.8
2017-03-31,Portugal,Europe,6274592.12
2017-04-30,Portugal,Europe,12220203.969999999
2017-05-31,Portugal,Europe,1731005.76
2017-06-30,Portugal,Europe,1725777.41
2010-01-31,Qatar,Middle East and North Africa,1938365.72
2010-02-28,Qatar,Middle East and North Africa,7007144.23
2010-03-31,Qatar,Middle East and North Africa,6821059.83
2010-04-30,Qatar,Middle East and North Africa,9882156.69
2010-05-31,Qatar,Middle East and North Africa,4325071.890000001
2010-06-30,Qatar,Middle East and North Africa,898384.31
2010-07-31,Qatar,Middle East and North Africa,13022369.059999999
2010-08-31,Qatar,Middle East and North Africa,1140133.5
2010-09-30,Qatar,Middle East and North Africa,317458.4
2010-10-31,Qatar,Middle East and North Africa,356494.84
2010-11-30,Qatar,Middle East and North Africa,6296198.7
2010-12-31,Qatar,Middle East and North Africa,5078210.09
2011-01-31,Qatar,Middle East and North Africa,0.0
2011-02-28,Qatar,Middle East and North Africa,8121828.010000001
2011-03-31,Qatar,Middle East and North Africa,16607950.23
2011-04-30,Qatar,Middle East and North Africa,0.0
2011-05-31,Qatar,Middle East and North Africa,32266.0
2011-06-30,Qatar,Middle East and North Africa,5821238.220000001
2011-07-31,Qatar,Middle East and North Africa,3843892.59
2011-08-31,Qatar,Middle East and North Africa,3604639.34
2011-09-30,Qatar,Middle East and North Africa,11448442.9
2011-10-31,Qatar,Middle East and North Africa,5143887.5200000005
2011-11-30,Qatar,Middle East and North Africa,8401508.11
2011-12-31,Qatar,Middle East and North Africa,3796434.0999999996
2012-01-31,Qatar,Middle East and North Africa,4086245.06
2012-02-29,Qatar,Middle East and North Africa,1505240.96
2012-03-31,Qatar,Middle East and North Africa,8342651.3100000005
2012-04-30,Qatar,Middle East and North Africa,0.0
2012-05-31,Qatar,Middle East and North Africa,6677240.88
2012-06-30,Qatar,Middle East and North Africa,1127477.76
2012-07-31,Qatar,Middle East and North Africa,1818345.9
2012-08-31,Qatar,Middle East and North Africa,1041766.24
2012-09-30,Qatar,Middle East and North Africa,3173085.19
2012-10-31,Qatar,Middle East and North Africa,6205283.199999999
2012-11-30,Qatar,Middle East and North Africa,2393689.76
2012-12-31,Qatar,Middle East and North Africa,4944962.94
2013-01-31,Qatar,Middle East and North Africa,903391.6399999999
2013-02-28,Qatar,Middle East and North Africa,156553.22999999998
2013-03-31,Qatar,Middle East and North Africa,669133.74
2013-04-30,Qatar,Middle East and North Africa,3840739.74
2013-05-31,Qatar,Middle East and North Africa,7128849.01
2013-06-30,Qatar,Middle East and North Africa,7210020.33
2013-07-31,Qatar,Middle East and North Africa,4151904.21
2013-08-31,Qatar,Middle East and North Africa,9775765.47
2013-09-30,Qatar,Middle East and North Africa,1705545.53
2013-10-31,Qatar,Middle East and North Africa,1156414.29
2013-11-30,Qatar,Middle East and North Africa,4613718.5600000005
2013-12-31,Qatar,Middle East and North Africa,3613789.4499999997
2014-01-31,Qatar,Middle East and North Africa,519486.46
2014-02-28,Qatar,Middle East and North Africa,1039770.38
2014-03-31,Qatar,Middle East and North Africa,12661536.4
2014-04-30,Qatar,Middle East and North Africa,3373344.05
2014-05-31,Qatar,Middle East and North Africa,12148719.399999999
2014-06-30,Qatar,Middle East and North Africa,6013005.87
2014-07-31,Qatar,Middle East and North Africa,7473009.3100000005
2014-08-31,Qatar,Middle East and North Africa,3549658.6799999997
2014-09-30,Qatar,Middle East and North Africa,6812386.91
2014-10-31,Qatar,Middle East and North Africa,0.0
2014-11-30,Qatar,Middle East and North Africa,5583143.9
2014-12-31,Qatar,Middle East and North Africa,4807590.75
2015-01-31,Qatar,Middle East and North Africa,6180497.58
2015-02-28,Qatar,Middle East and North Africa,1743817.68
2015-03-31,Qatar,Middle East and North Africa,1504842.4
2015-04-30,Qatar,Middle East and North Africa,2229388.3000000003
2015-05-31,Qatar,Middle East and North Africa,15908159.719999999
2015-06-30,Qatar,Middle East and North Africa,7002734.77
2015-07-31,Qatar,Middle East and North Africa,2825462.28
2015-08-31,Qatar,Middle East and North Africa,5413920.41
2015-09-30,Qatar,Middle East and North Africa,721389.9
2015-10-31,Qatar,Middle East and North Africa,7300972.72
2015-11-30,Qatar,Middle East and North Africa,6766546.63
2015-12-31,Qatar,Middle East and North Africa,7829164.299999999
2016-01-31,Qatar,Middle East and North Africa,1629764.33
2016-02-29,Qatar,Middle East and North Africa,3916820.3200000003
2016-03-31,Qatar,Middle East and North Africa,2999170.62
2016-04-30,Qatar,Middle East and North Africa,6712951.65
2016-05-31,Qatar,Middle East and North Africa,2430570.75
2016-06-30,Qatar,Middle East and North Africa,3318657.2800000003
2016-07-31,Qatar,Middle East and North Africa,4648356.87
2016-08-31,Qatar,Middle East and North Africa,7727792.58
2016-09-30,Qatar,Middle East and North Africa,0.0
2016-10-31,Qatar,Middle East and North Africa,3560776.5300000003
2016-11-30,Qatar,Middle East and North Africa,7023715.5600000005
2016-12-31,Qatar,Middle East and North Africa,1512861.7000000002
2017-01-31,Qatar,Middle East and North Africa,508605.79
2017-02-28,Qatar,Middle East and North Africa,65263.35
2017-03-31,Qatar,Middle East and North Africa,3939866.6999999997
2017-04-30,Qatar,Middle East and North Africa,5145694.1
2017-05-31,Qatar,Middle East and North Africa,6031175.92
2017-06-30,Qatar,Middle East and North Africa,4801144.34
2010-01-31,Republic of the Congo,Sub-Saharan Africa,5169777.109999999
2010-02-28,Republic of the Congo,Sub-Saharan Africa,6273216.06
2010-03-31,Republic of the Congo,Sub-Saharan Africa,5647206.42
2010-04-30,Republic of the Congo,Sub-Saharan Africa,8929604.12
2010-05-31,Republic of the Congo,Sub-Saharan Africa,894729.12
2010-06-30,Republic of the Congo,Sub-Saharan Africa,8738510.6
2010-07-31,Republic of the Congo,Sub-Saharan Africa,402683.71
2010-08-31,Republic of the Congo,Sub-Saharan Africa,0.0
2010-09-30,Republic of the Congo,Sub-Saharan Africa,3674661.4800000004
2010-10-31,Republic of the Congo,Sub-Saharan Africa,7378071.74
2010-11-30,Republic of the Congo,Sub-Saharan Africa,4964175.78
2010-12-31,Republic of the Congo,Sub-Saharan Africa,777848.94
2011-01-31,Republic of the Congo,Sub-Saharan Africa,6563400.4
2011-02-28,Republic of the Congo,Sub-Saharan Africa,3045575.81
2011-03-31,Republic of the Congo,Sub-Saharan Africa,12665219.72
2011-04-30,Republic of the Congo,Sub-Saharan Africa,1902053.5
2011-05-31,Republic of the Congo,Sub-Saharan Africa,7469541.07
2011-06-30,Republic of the Congo,Sub-Saharan Africa,12387896.28
2011-07-31,Republic of the Congo,Sub-Saharan Africa,3029182.3200000003
2011-08-31,Republic of the Congo,Sub-Saharan Africa,2558176.39
2011-09-30,Republic of the Congo,Sub-Saharan Africa,6157607.38
2011-10-31,Republic of the Congo,Sub-Saharan Africa,3203695.64
2011-11-30,Republic of the Congo,Sub-Saharan Africa,0.0
2011-12-31,Republic of the Congo,Sub-Saharan Africa,981828.85
2012-01-31,Republic of the Congo,Sub-Saharan Africa,2226486.99
2012-02-29,Republic of the Congo,Sub-Saharan Africa,8600751.02
2012-03-31,Republic of the Congo,Sub-Saharan Africa,8246339.18
2012-04-30,Republic of the Congo,Sub-Saharan Africa,550172.86
2012-05-31,Republic of the Congo,Sub-Saharan Africa,7217729.4
2012-06-30,Republic of the Congo,Sub-Saharan Africa,7840294.98
2012-07-31,Republic of the Congo,Sub-Saharan Africa,5554465.41
2012-08-31,Republic of the Congo,Sub-Saharan Africa,292433.28
2012-09-30,Republic of the Congo,Sub-Saharan Africa,2750476.02
2012-10-31,Republic of the Congo,Sub-Saharan Africa,0.0
2012-11-30,Republic of the Congo,Sub-Saharan Africa,558215.9
2012-12-31,Republic of the Congo,Sub-Saharan Africa,1232645.6
2013-01-31,Republic of the Congo,Sub-Saharan Africa,5062016.66
2013-02-28,Republic of the Congo,Sub-Saharan Africa,598648.92
2013-03-31,Republic of the Congo,Sub-Saharan Africa,4230989.02
2013-04-30,Republic of the Congo,Sub-Saharan Africa,4633805.49
2013-05-31,Republic of the Congo,Sub-Saharan Africa,4095628.26
2013-06-30,Republic of the Congo,Sub-Saharan Africa,462827.3
2013-07-31,Republic of the Congo,Sub-Saharan Africa,2658773.91
2013-08-31,Republic of the Congo,Sub-Saharan Africa,2260103.96
2013-09-30,Republic of the Congo,Sub-Saharan Africa,7960797.280000001
2013-10-31,Republic of the Congo,Sub-Saharan Africa,10168385.43
2013-11-30,Republic of the Congo,Sub-Saharan Africa,8133644.65
2013-12-31,Republic of the Congo,Sub-Saharan Africa,7826573.390000001
2014-01-31,Republic of the Congo,Sub-Saharan Africa,2603929.39
2014-02-28,Republic of the Congo,Sub-Saharan Africa,1456313.2
2014-03-31,Republic of the Congo,Sub-Saharan Africa,6755683.2
2014-04-30,Republic of the Congo,Sub-Saharan Africa,0.0
2014-05-31,Republic of the Congo,Sub-Saharan Africa,2003598.22
2014-06-30,Republic of the Congo,Sub-Saharan Africa,14794285.0
2014-07-31,Republic of the Congo,Sub-Saharan Africa,2672407.29
2014-08-31,Republic of the Congo,Sub-Saharan Africa,1682474.8800000001
2014-09-30,Republic of the Congo,Sub-Saharan Africa,3163218.3899999997
2014-10-31,Republic of the Congo,Sub-Saharan Africa,4011666.42
2014-11-30,Republic of the Congo,Sub-Saharan Africa,2987835.17
2014-12-31,Republic of the Congo,Sub-Saharan Africa,6147229.96
2015-01-31,Republic of the Congo,Sub-Saharan Africa,7991970.11
2015-02-28,Republic of the Congo,Sub-Saharan Africa,578349.42
2015-03-31,Republic of the Congo,Sub-Saharan Africa,506726.0
2015-04-30,Republic of the Congo,Sub-Saharan Africa,0.0
2015-05-31,Republic of the Congo,Sub-Saharan Africa,875711.6
2015-06-30,Republic of the Congo,Sub-Saharan Africa,4153394.85
2015-07-31,Republic of the Congo,Sub-Saharan Africa,1387318.46
2015-08-31,Republic of the Congo,Sub-Saharan Africa,0.0
2015-09-30,Republic of the Congo,Sub-Saharan Africa,6561539.49
2015-10-31,Republic of the Congo,Sub-Saharan Africa,1459891.8
2015-11-30,Republic of the Congo,Sub-Saharan Africa,389469.6
2015-12-31,Republic of the Congo,Sub-Saharan Africa,1031039.08
2016-01-31,Republic of the Congo,Sub-Saharan Africa,10704641.059999999
2016-02-29,Republic of the Congo,Sub-Saharan Africa,6112352.9
2016-03-31,Republic of the Congo,Sub-Saharan Africa,6787058.86
2016-04-30,Republic of the Congo,Sub-Saharan Africa,4055074.7
2016-05-31,Republic of the Congo,Sub-Saharan Africa,6456095.94
2016-06-30,Republic of the Congo,Sub-Saharan Africa,1209371.77
2016-07-31,Republic of the Congo,Sub-Saharan Africa,6297840.350000001
2016-08-31,Republic of the Congo,Sub-Saharan Africa,552767.8400000001
2016-09-30,Republic of the Congo,Sub-Saharan Africa,718056.78
2016-10-31,Republic of the Congo,Sub-Saharan Africa,2523245.21
2016-11-30,Republic of the Congo,Sub-Saharan Africa,5035489.51
2016-12-31,Republic of the Congo,Sub-Saharan Africa,10019338.04
2017-01-31,Republic of the Congo,Sub-Saharan Africa,608230.14
2017-02-28,Republic of the Congo,Sub-Saharan Africa,5543714.61
2017-03-31,Republic of the Congo,Sub-Saharan Africa,9575041.24
2017-04-30,Republic of the Congo,Sub-Saharan Africa,4191145.1500000004
2017-05-31,Republic of the Congo,Sub-Saharan Africa,2491440.2399999998
2017-06-30,Republic of the Congo,Sub-Saharan Africa,0.0
2010-02-28,Romania,Europe,5260368.17
2010-03-31,Romania,Europe,38036.4
2010-04-30,Romania,Europe,2097887.91
2010-05-31,Romania,Europe,887681.44
2010-06-30,Romania,Europe,14449896.76
2010-07-31,Romania,Europe,1900032.79
2010-08-31,Romania,Europe,8398882.35
2010-09-30,Romania,Europe,3043369.3600000003
2010-10-31,Romania,Europe,7560976.2700000005
2010-11-30,Romania,Europe,40542.88
2010-12-31,Romania,Europe,5080594.529999999
2011-01-31,Romania,Europe,9384787.799999999
2011-02-28,Romania,Europe,1137107.74
2011-03-31,Romania,Europe,678326.18
2011-04-30,Romania,Europe,1861077.94
2011-05-31,Romania,Europe,7215937.7700000005
2011-06-30,Romania,Europe,3517394.2
2011-07-31,Romania,Europe,7141389.41
2011-08-31,Romania,Europe,2404329.8
2011-09-30,Romania,Europe,3107840.79
2011-10-31,Romania,Europe,260825.22000000003
2011-11-30,Romania,Europe,1769963.35
2011-12-31,Romania,Europe,6136091.55
2012-01-31,Romania,Europe,3608827.1
2012-02-29,Romania,Europe,473315.7
2012-03-31,Romania,Europe,753295.6
2012-04-30,Romania,Europe,5355227.53
2012-05-31,Romania,Europe,7502558.7299999995
2012-06-30,Romania,Europe,519557.61
2012-07-31,Romania,Europe,3389464.26
2012-08-31,Romania,Europe,6014508.470000001
2012-09-30,Romania,Europe,8272558.59
2012-10-31,Romania,Europe,3351362.79
2012-11-30,Romania,Europe,11112217.1
2012-12-31,Romania,Europe,7884353.3
2013-01-31,Romania,Europe,1082592.97
2013-02-28,Romania,Europe,4674.33
2013-03-31,Romania,Europe,2796579.3
2013-04-30,Romania,Europe,0.0
2013-05-31,Romania,Europe,1781096.88
2013-06-30,Romania,Europe,606963.24
2013-07-31,Romania,Europe,5539325.05
2013-08-31,Romania,Europe,6810785.029999999
2013-09-30,Romania,Europe,2007584.38
2013-10-31,Romania,Europe,11791830.82
2013-11-30,Romania,Europe,1943116.4
2013-12-31,Romania,Europe,6398242.66
2014-01-31,Romania,Europe,2219749.0
2014-02-28,Romania,Europe,9094234.45
2014-03-31,Romania,Europe,2347457.8400000003
2014-04-30,Romania,Europe,3719647.84
2014-05-31,Romania,Europe,7549076.43
2014-06-30,Romania,Europe,3380004.0
2014-07-31,Romania,Europe,6289438.96
2014-08-31,Romania,Europe,13200378.950000001
2014-09-30,Romania,Europe,6457080.04
2014-10-31,Romania,Europe,3748894.9400000004
2014-11-30,Romania,Europe,7577183.1
2014-12-31,Romania,Europe,12294334.51
2015-01-31,Romania,Europe,564903.8
2015-02-28,Romania,Europe,2913315.5999999996
2015-03-31,Romania,Europe,9708562.97
2015-04-30,Romania,Europe,1256512.8
2015-05-31,Romania,Europe,2127831.34
2015-06-30,Romania,Europe,6597251.42
2015-07-31,Romania,Europe,680729.17
2015-08-31,Romania,Europe,0.0
2015-09-30,Romania,Europe,5515146.25
2015-10-31,Romania,Europe,3237768.15
2015-11-30,Romania,Europe,1696110.46
2015-12-31,Romania,Europe,2662535.05
2016-01-31,Romania,Europe,6815575.16
2016-02-29,Romania,Europe,1883534.2
2016-03-31,Romania,Europe,7604284.13
2016-04-30,Romania,Europe,4349562.82
2016-05-31,Romania,Europe,823429.75
2016-06-30,Romania,Europe,0.0
2016-07-31,Romania,Europe,2936550.3499999996
2016-08-31,Romania,Europe,0.0
2016-09-30,Romania,Europe,8278927.86
2016-10-31,Romania,Europe,254752.41
2016-11-30,Romania,Europe,584206.04
2016-12-31,Romania,Europe,1835444.95
2017-01-31,Romania,Europe,2538530.43
2017-02-28,Romania,Europe,0.0
2017-03-31,Romania,Europe,2698174.41
2017-04-30,Romania,Europe,4629581.87
2017-05-31,Romania,Europe,7289991.36
2017-06-30,Romania,Europe,158698.66
2010-02-28,Russia,Europe,6592836.17
2010-03-31,Russia,Europe,193740.09
2010-04-30,Russia,Europe,7719902.029999999
2010-05-31,Russia,Europe,0.0
2010-06-30,Russia,Europe,14795953.37
2010-07-31,Russia,Europe,868800.49
2010-08-31,Russia,Europe,1990928.72
2010-09-30,Russia,Europe,7292736.67
2010-10-31,Russia,Europe,0.0
2010-11-30,Russia,Europe,1131303.49
2010-12-31,Russia,Europe,739247.85
2011-01-31,Russia,Europe,1531830.72
2011-02-28,Russia,Europe,3192528.37
2011-03-31,Russia,Europe,6606071.87
2011-04-30,Russia,Europe,6189035.5
2011-05-31,Russia,Europe,2913499.9299999997
2011-06-30,Russia,Europe,996027.5599999999
2011-07-31,Russia,Europe,1597833.57
2011-08-31,Russia,Europe,1311370.48
2011-09-30,Russia,Europe,77412.98999999999
2011-10-31,Russia,Europe,3103461.2199999997
2011-11-30,Russia,Europe,10190228.68
2011-12-31,Russia,Europe,4376024.600000001
2012-01-31,Russia,Europe,1232.48
2012-02-29,Russia,Europe,9574980.25
2012-03-31,Russia,Europe,176209.88
2012-04-30,Russia,Europe,1324784.2000000002
2012-05-31,Russia,Europe,7038269.58
2012-06-30,Russia,Europe,860798.5599999999
2012-07-31,Russia,Europe,3975047.58
2012-08-31,Russia,Europe,176706.82
2012-09-30,Russia,Europe,1967125.55
2012-10-31,Russia,Europe,2972185.97
2012-11-30,Russia,Europe,1269762.52
2012-12-31,Russia,Europe,1467080.4000000001
2013-01-31,Russia,Europe,5073834.83
2013-02-28,Russia,Europe,396966.7
2013-03-31,Russia,Europe,10092776.6
2013-04-30,Russia,Europe,6997372.73
2013-05-31,Russia,Europe,455625.5
2013-06-30,Russia,Europe,3453442.8
2013-07-31,Russia,Europe,3515962.4
2013-08-31,Russia,Europe,5293686.09
2013-09-30,Russia,Europe,1856906.72
2013-10-31,Russia,Europe,2094450.68
2013-11-30,Russia,Europe,4100146.23
2013-12-31,Russia,Europe,1236177.44
2014-01-31,Russia,Europe,913618.8999999999
2014-02-28,Russia,Europe,1460926.2800000003
2014-03-31,Russia,Europe,2568721.92
2014-04-30,Russia,Europe,740416.95
2014-05-31,Russia,Europe,3028568.38
2014-06-30,Russia,Europe,7839191.99
2014-07-31,Russia,Europe,700998.88
2014-08-31,Russia,Europe,3950270.79
2014-09-30,Russia,Europe,1071285.6
2014-10-31,Russia,Europe,1935909.0699999998
2014-11-30,Russia,Europe,4314434.64
2014-12-31,Russia,Europe,3234633.51
2015-01-31,Russia,Europe,1998956.0999999999
2015-02-28,Russia,Europe,1099092.44
2015-03-31,Russia,Europe,159194.75
2015-04-30,Russia,Europe,3623950.8
2015-05-31,Russia,Europe,9029297.99
2015-06-30,Russia,Europe,4507104.82
2015-07-31,Russia,Europe,5165410.220000001
2015-08-31,Russia,Europe,44594.4
2015-09-30,Russia,Europe,11981980.280000001
2015-10-31,Russia,Europe,3146528.4
2015-11-30,Russia,Europe,4817365.84
2015-12-31,Russia,Europe,6615152.59
2016-01-31,Russia,Europe,533283.26
2016-02-29,Russia,Europe,3229759.06
2016-03-31,Russia,Europe,398342.75
2016-04-30,Russia,Europe,10928694.129999999
2016-05-31,Russia,Europe,293662.35
2016-06-30,Russia,Europe,4170363.09
2016-07-31,Russia,Europe,7556669.64
2016-08-31,Russia,Europe,2223762.08
2016-09-30,Russia,Europe,2670327.63
2016-10-31,Russia,Europe,7417188.21
2016-11-30,Russia,Europe,14517651.93
2016-12-31,Russia,Europe,594994.4
2017-01-31,Russia,Europe,9750381.64
2017-02-28,Russia,Europe,1206085.68
2017-03-31,Russia,Europe,1531567.69
2017-04-30,Russia,Europe,3791324.08
2017-05-31,Russia,Europe,2092974.67
2017-06-30,Russia,Europe,7043614.87
2010-01-31,Rwanda,Sub-Saharan Africa,6342770.31
2010-02-28,Rwanda,Sub-Saharan Africa,1938310.6099999999
2010-03-31,Rwanda,Sub-Saharan Africa,762653.51
2010-04-30,Rwanda,Sub-Saharan Africa,2680934.52
2010-05-31,Rwanda,Sub-Saharan Africa,2452761.9
2010-06-30,Rwanda,Sub-Saharan Africa,3860476.0
2010-07-31,Rwanda,Sub-Saharan Africa,1324312.71
2010-08-31,Rwanda,Sub-Saharan Africa,974652.39
2010-09-30,Rwanda,Sub-Saharan Africa,1005383.7899999999
2010-10-31,Rwanda,Sub-Saharan Africa,12780437.25
2010-11-30,Rwanda,Sub-Saharan Africa,4754804.59
2010-12-31,Rwanda,Sub-Saharan Africa,6397801.45
2011-01-31,Rwanda,Sub-Saharan Africa,5231287.08
2011-02-28,Rwanda,Sub-Saharan Africa,2042527.48
2011-03-31,Rwanda,Sub-Saharan Africa,9202981.05
2011-04-30,Rwanda,Sub-Saharan Africa,11482562.05
2011-05-31,Rwanda,Sub-Saharan Africa,1832834.01
2011-06-30,Rwanda,Sub-Saharan Africa,1428011.34
2011-07-31,Rwanda,Sub-Saharan Africa,4025658.48
2011-08-31,Rwanda,Sub-Saharan Africa,1386071.6099999999
2011-09-30,Rwanda,Sub-Saharan Africa,1253765.8099999998
2011-10-31,Rwanda,Sub-Saharan Africa,2611018.5799999996
2011-11-30,Rwanda,Sub-Saharan Africa,2071012.19
2011-12-31,Rwanda,Sub-Saharan Africa,15315979.98
2012-01-31,Rwanda,Sub-Saharan Africa,3587049.23
2012-02-29,Rwanda,Sub-Saharan Africa,6855499.56
2012-03-31,Rwanda,Sub-Saharan Africa,9351600.66
2012-04-30,Rwanda,Sub-Saharan Africa,7356920.91
2012-05-31,Rwanda,Sub-Saharan Africa,6066166.42
2012-06-30,Rwanda,Sub-Saharan Africa,3905918.1900000004
2012-07-31,Rwanda,Sub-Saharan Africa,383585.8
2012-08-31,Rwanda,Sub-Saharan Africa,0.0
2012-09-30,Rwanda,Sub-Saharan Africa,3607353.1
2012-10-31,Rwanda,Sub-Saharan Africa,1726690.57
2012-11-30,Rwanda,Sub-Saharan Africa,973061.5800000001
2012-12-31,Rwanda,Sub-Saharan Africa,8698540.26
2013-01-31,Rwanda,Sub-Saharan Africa,3462720.6
2013-02-28,Rwanda,Sub-Saharan Africa,3000214.58
2013-03-31,Rwanda,Sub-Saharan Africa,4328104.26
2013-04-30,Rwanda,Sub-Saharan Africa,3030080.13
2013-05-31,Rwanda,Sub-Saharan Africa,2293180.24
2013-06-30,Rwanda,Sub-Saharan Africa,1886877.6300000001
2013-07-31,Rwanda,Sub-Saharan Africa,6465012.15
2013-08-31,Rwanda,Sub-Saharan Africa,745188.22
2013-09-30,Rwanda,Sub-Saharan Africa,8969636.280000001
2013-10-31,Rwanda,Sub-Saharan Africa,17902931.37
2013-11-30,Rwanda,Sub-Saharan Africa,2338360.3899999997
2013-12-31,Rwanda,Sub-Saharan Africa,9556478.02
2014-01-31,Rwanda,Sub-Saharan Africa,0.0
2014-02-28,Rwanda,Sub-Saharan Africa,614815.84
2014-03-31,Rwanda,Sub-Saharan Africa,2646028.02
2014-04-30,Rwanda,Sub-Saharan Africa,8669191.24
2014-05-31,Rwanda,Sub-Saharan Africa,28885.68
2014-06-30,Rwanda,Sub-Saharan Africa,10552486.91
2014-07-31,Rwanda,Sub-Saharan Africa,4452852.13
2014-08-31,Rwanda,Sub-Saharan Africa,9126457.55
2014-09-30,Rwanda,Sub-Saharan Africa,3014616.73
2014-10-31,Rwanda,Sub-Saharan Africa,3781545.2600000002
2014-11-30,Rwanda,Sub-Saharan Africa,0.0
2014-12-31,Rwanda,Sub-Saharan Africa,3008815.37
2015-01-31,Rwanda,Sub-Saharan Africa,1793426.46
2015-02-28,Rwanda,Sub-Saharan Africa,9453991.15
2015-03-31,Rwanda,Sub-Saharan Africa,1316841.15
2015-04-30,Rwanda,Sub-Saharan Africa,2388153.7199999997
2015-05-31,Rwanda,Sub-Saharan Africa,1679480.88
2015-06-30,Rwanda,Sub-Saharan Africa,5910335.95
2015-07-31,Rwanda,Sub-Saharan Africa,1325286.9300000002
2015-08-31,Rwanda,Sub-Saharan Africa,3590738.9
2015-09-30,Rwanda,Sub-Saharan Africa,2806359.79
2015-10-31,Rwanda,Sub-Saharan Africa,1380049.2
2015-11-30,Rwanda,Sub-Saharan Africa,0.0
2015-12-31,Rwanda,Sub-Saharan Africa,10616914.88
2016-01-31,Rwanda,Sub-Saharan Africa,8863691.24
2016-02-29,Rwanda,Sub-Saharan Africa,5612650.75
2016-03-31,Rwanda,Sub-Saharan Africa,5750875.47
2016-04-30,Rwanda,Sub-Saharan Africa,5787686.72
2016-05-31,Rwanda,Sub-Saharan Africa,9780973.129999999
2016-06-30,Rwanda,Sub-Saharan Africa,6361647.9399999995
2016-07-31,Rwanda,Sub-Saharan Africa,7194367.4399999995
2016-08-31,Rwanda,Sub-Saharan Africa,2215525.66
2016-09-30,Rwanda,Sub-Saharan Africa,3596757.2300000004
2016-10-31,Rwanda,Sub-Saharan Africa,4587881.37
2016-11-30,Rwanda,Sub-Saharan Africa,7055890.32
2016-12-31,Rwanda,Sub-Saharan Africa,4445997.1
2017-01-31,Rwanda,Sub-Saharan Africa,6801086.45
2017-02-28,Rwanda,Sub-Saharan Africa,9793373.76
2017-03-31,Rwanda,Sub-Saharan Africa,349089.65
2017-04-30,Rwanda,Sub-Saharan Africa,6310192.19
2017-05-31,Rwanda,Sub-Saharan Africa,6232796.11
2017-06-30,Rwanda,Sub-Saharan Africa,401888.31
2010-01-31,Saint Kitts and Nevis,Central America and the Caribbean,807176.56
2010-02-28,Saint Kitts and Nevis,Central America and the Caribbean,1386680.96
2010-03-31,Saint Kitts and Nevis,Central America and the Caribbean,1618735.06
2010-04-30,Saint Kitts and Nevis,Central America and the Caribbean,3324468.8
2010-05-31,Saint Kitts and Nevis,Central America and the Caribbean,4594488.28
2010-06-30,Saint Kitts and Nevis,Central America and the Caribbean,3470490.9000000004
2010-07-31,Saint Kitts and Nevis,Central America and the Caribbean,4024020.96
2010-08-31,Saint Kitts and Nevis,Central America and the Caribbean,2321733.75
2010-09-30,Saint Kitts and Nevis,Central America and the Caribbean,3520051.38
2010-10-31,Saint Kitts and Nevis,Central America and the Caribbean,8901473.44
2010-11-30,Saint Kitts and Nevis,Central America and the Caribbean,0.0
2010-12-31,Saint Kitts and Nevis,Central America and the Caribbean,30320.55
2011-01-31,Saint Kitts and Nevis,Central America and the Caribbean,3024773.09
2011-02-28,Saint Kitts and Nevis,Central America and the Caribbean,0.0
2011-03-31,Saint Kitts and Nevis,Central America and the Caribbean,655569.2
2011-04-30,Saint Kitts and Nevis,Central America and the Caribbean,1949277.3900000001
2011-05-31,Saint Kitts and Nevis,Central America and the Caribbean,8743365.66
2011-06-30,Saint Kitts and Nevis,Central America and the Caribbean,65020.770000000004
2011-07-31,Saint Kitts and Nevis,Central America and the Caribbean,755163.36
2011-08-31,Saint Kitts and Nevis,Central America and the Caribbean,1292097.62
2011-09-30,Saint Kitts and Nevis,Central America and the Caribbean,5041713.859999999
2011-10-31,Saint Kitts and Nevis,Central America and the Caribbean,1596901.77
2011-11-30,Saint Kitts and Nevis,Central America and the Caribbean,3482561.1399999997
2011-12-31,Saint Kitts and Nevis,Central America and the Caribbean,6975529.41
2012-01-31,Saint Kitts and Nevis,Central America and the Caribbean,5366382.03
2012-02-29,Saint Kitts and Nevis,Central America and the Caribbean,3384740.98
2012-03-31,Saint Kitts and Nevis,Central America and the Caribbean,8799943.99
2012-04-30,Saint Kitts and Nevis,Central America and the Caribbean,218887.84
2012-05-31,Saint Kitts and Nevis,Central America and the Caribbean,2224204.08
2012-06-30,Saint Kitts and Nevis,Central America and the Caribbean,9796655.61
2012-07-31,Saint Kitts and Nevis,Central America and the Caribbean,4963715.72
2012-08-31,Saint Kitts and Nevis,Central America and the Caribbean,2606099.17
2012-09-30,Saint Kitts and Nevis,Central America and the Caribbean,3472819.38
2012-10-31,Saint Kitts and Nevis,Central America and the Caribbean,4332021.34
2012-11-30,Saint Kitts and Nevis,Central America and the Caribbean,7682825.95
2012-12-31,Saint Kitts and Nevis,Central America and the Caribbean,7306424.2
2013-01-31,Saint Kitts and Nevis,Central America and the Caribbean,8920600.9
2013-02-28,Saint Kitts and Nevis,Central America and the Caribbean,2850407.58
2013-03-31,Saint Kitts and Nevis,Central America and the Caribbean,1743860.49
2013-04-30,Saint Kitts and Nevis,Central America and the Caribbean,8803628.95
2013-05-31,Saint Kitts and Nevis,Central America and the Caribbean,2727796.36
2013-06-30,Saint Kitts and Nevis,Central America and the Caribbean,0.0
2013-07-31,Saint Kitts and Nevis,Central America and the Caribbean,4560423.35
2013-08-31,Saint Kitts and Nevis,Central America and the Caribbean,7325890.48
2013-09-30,Saint Kitts and Nevis,Central America and the Caribbean,1001988.32
2013-10-31,Saint Kitts and Nevis,Central America and the Caribbean,1559793.75
2013-11-30,Saint Kitts and Nevis,Central America and the Caribbean,1682725.73
2013-12-31,Saint Kitts and Nevis,Central America and the Caribbean,7347648.15
2014-01-31,Saint Kitts and Nevis,Central America and the Caribbean,9816897.61
2014-02-28,Saint Kitts and Nevis,Central America and the Caribbean,10035142.04
2014-03-31,Saint Kitts and Nevis,Central America and the Caribbean,3366584.1300000004
2014-04-30,Saint Kitts and Nevis,Central America and the Caribbean,3217702.47
2014-05-31,Saint Kitts and Nevis,Central America and the Caribbean,2719647.52
2014-06-30,Saint Kitts and Nevis,Central America and the Caribbean,1041358.5
2014-07-31,Saint Kitts and Nevis,Central America and the Caribbean,217836.3
2014-08-31,Saint Kitts and Nevis,Central America and the Caribbean,1392313.99
2014-09-30,Saint Kitts and Nevis,Central America and the Caribbean,2080143.15
2014-10-31,Saint Kitts and Nevis,Central America and the Caribbean,3003752.02
2014-11-30,Saint Kitts and Nevis,Central America and the Caribbean,1158238.46
2014-12-31,Saint Kitts and Nevis,Central America and the Caribbean,6617763.31
2015-01-31,Saint Kitts and Nevis,Central America and the Caribbean,7335626.08
2015-02-28,Saint Kitts and Nevis,Central America and the Caribbean,1995495.7
2015-03-31,Saint Kitts and Nevis,Central America and the Caribbean,14921678.09
2015-04-30,Saint Kitts and Nevis,Central America and the Caribbean,5566665.25
2015-05-31,Saint Kitts and Nevis,Central America and the Caribbean,2283439.79
2015-06-30,Saint Kitts and Nevis,Central America and the Caribbean,5083298.75
2015-07-31,Saint Kitts and Nevis,Central America and the Caribbean,0.0
2015-08-31,Saint Kitts and Nevis,Central America and the Caribbean,4667646.66
2015-09-30,Saint Kitts and Nevis,Central America and the Caribbean,3945539.95
2015-10-31,Saint Kitts and Nevis,Central America and the Caribbean,1043438.0
2015-11-30,Saint Kitts and Nevis,Central America and the Caribbean,10509663.34
2015-12-31,Saint Kitts and Nevis,Central America and the Caribbean,10068895.25
2016-01-31,Saint Kitts and Nevis,Central America and the Caribbean,1227896.31
2016-02-29,Saint Kitts and Nevis,Central America and the Caribbean,10308098.59
2016-03-31,Saint Kitts and Nevis,Central America and the Caribbean,261639.3
2016-04-30,Saint Kitts and Nevis,Central America and the Caribbean,8255524.970000001
2016-05-31,Saint Kitts and Nevis,Central America and the Caribbean,367025.75
2016-06-30,Saint Kitts and Nevis,Central America and the Caribbean,855777.75
2016-07-31,Saint Kitts and Nevis,Central America and the Caribbean,4591030.5
2016-08-31,Saint Kitts and Nevis,Central America and the Caribbean,2597761.94
2016-09-30,Saint Kitts and Nevis,Central America and the Caribbean,3282103.36
2016-10-31,Saint Kitts and Nevis,Central America and the Caribbean,14014885.14
2016-11-30,Saint Kitts and Nevis,Central America and the Caribbean,3325917.4
2016-12-31,Saint Kitts and Nevis,Central America and the Caribbean,2923681.25
2017-01-31,Saint Kitts and Nevis,Central America and the Caribbean,7723808.28
2017-02-28,Saint Kitts and Nevis,Central America and the Caribbean,971955.06
2017-03-31,Saint Kitts and Nevis,Central America and the Caribbean,3918186.4
2017-04-30,Saint Kitts and Nevis,Central America and the Caribbean,2461568.94
2017-05-31,Saint Kitts and Nevis,Central America and the Caribbean,10104803.14
2017-06-30,Saint Kitts and Nevis,Central America and the Caribbean,3683413.1999999997
2010-01-31,Saint Lucia,Central America and the Caribbean,119763.8
2010-02-28,Saint Lucia,Central America and the Caribbean,1983018.45
2010-03-31,Saint Lucia,Central America and the Caribbean,3867471.2
2010-04-30,Saint Lucia,Central America and the Caribbean,2793078.05
2010-05-31,Saint Lucia,Central America and the Caribbean,10213230.66
2010-06-30,Saint Lucia,Central America and the Caribbean,10187317.299999999
2010-07-31,Saint Lucia,Central America and the Caribbean,2048504.76
2010-08-31,Saint Lucia,Central America and the Caribbean,11705758.11
2010-09-30,Saint Lucia,Central America and the Caribbean,3146119.72
2010-10-31,Saint Lucia,Central America and the Caribbean,49047.81
2010-11-30,Saint Lucia,Central America and the Caribbean,10351509.9
2010-12-31,Saint Lucia,Central America and the Caribbean,11735619.48
2011-01-31,Saint Lucia,Central America and the Caribbean,2522643.9
2011-02-28,Saint Lucia,Central America and the Caribbean,0.0
2011-03-31,Saint Lucia,Central America and the Caribbean,1360657.9200000002
2011-04-30,Saint Lucia,Central America and the Caribbean,983625.3200000001
2011-05-31,Saint Lucia,Central America and the Caribbean,1767212.72
2011-06-30,Saint Lucia,Central America and the Caribbean,6073222.84
2011-07-31,Saint Lucia,Central America and the Caribbean,841747.52
2011-08-31,Saint Lucia,Central America and the Caribbean,10853888.110000001
2011-09-30,Saint Lucia,Central America and the Caribbean,111317.7
2011-10-31,Saint Lucia,Central America and the Caribbean,2329829.75
2011-11-30,Saint Lucia,Central America and the Caribbean,3084904.46
2011-12-31,Saint Lucia,Central America and the Caribbean,1246802.48
2012-01-31,Saint Lucia,Central America and the Caribbean,2430195.21
2012-02-29,Saint Lucia,Central America and the Caribbean,9150380.74
2012-03-31,Saint Lucia,Central America and the Caribbean,239003.15000000002
2012-04-30,Saint Lucia,Central America and the Caribbean,2813783.2
2012-05-31,Saint Lucia,Central America and the Caribbean,6169934.89
2012-06-30,Saint Lucia,Central America and the Caribbean,3099625.83
2012-07-31,Saint Lucia,Central America and the Caribbean,693842.76
2012-08-31,Saint Lucia,Central America and the Caribbean,1008763.68
2012-09-30,Saint Lucia,Central America and the Caribbean,4321443.9399999995
2012-10-31,Saint Lucia,Central America and the Caribbean,415037.64
2012-11-30,Saint Lucia,Central America and the Caribbean,2412071.49
2012-12-31,Saint Lucia,Central America and the Caribbean,2127892.18
2013-01-31,Saint Lucia,Central America and the Caribbean,13240466.469999999
2013-02-28,Saint Lucia,Central America and the Caribbean,2521276.5999999996
2013-03-31,Saint Lucia,Central America and the Caribbean,2617618.96
2013-04-30,Saint Lucia,Central America and the Caribbean,4137969.71
2013-05-31,Saint Lucia,Central America and the Caribbean,7433386.21
2013-06-30,Saint Lucia,Central America and the Caribbean,2400650.9
2013-07-31,Saint Lucia,Central America and the Caribbean,3233293.0700000003
2013-08-31,Saint Lucia,Central America and the Caribbean,3978968.0200000005
2013-09-30,Saint Lucia,Central America and the Caribbean,3043905.12
2013-10-31,Saint Lucia,Central America and the Caribbean,5185880.42
2013-11-30,Saint Lucia,Central America and the Caribbean,6380804.41
2013-12-31,Saint Lucia,Central America and the Caribbean,0.0
2014-01-31,Saint Lucia,Central America and the Caribbean,1572541.1400000001
2014-02-28,Saint Lucia,Central America and the Caribbean,540579.6
2014-03-31,Saint Lucia,Central America and the Caribbean,4967363.67
2014-04-30,Saint Lucia,Central America and the Caribbean,2407716.48
2014-05-31,Saint Lucia,Central America and the Caribbean,4006304.46
2014-06-30,Saint Lucia,Central America and the Caribbean,297531.0
2014-07-31,Saint Lucia,Central America and the Caribbean,6924208.6
2014-08-31,Saint Lucia,Central America and the Caribbean,5342818.65
2014-09-30,Saint Lucia,Central America and the Caribbean,749879.36
2014-10-31,Saint Lucia,Central America and the Caribbean,2325263.2
2014-11-30,Saint Lucia,Central America and the Caribbean,474422.71
2014-12-31,Saint Lucia,Central America and the Caribbean,5583322.7700000005
2015-01-31,Saint Lucia,Central America and the Caribbean,1336194.72
2015-02-28,Saint Lucia,Central America and the Caribbean,6422470.53
2015-03-31,Saint Lucia,Central America and the Caribbean,4166903.6500000004
2015-04-30,Saint Lucia,Central America and the Caribbean,5814027.89
2015-05-31,Saint Lucia,Central America and the Caribbean,5514707.79
2015-06-30,Saint Lucia,Central America and the Caribbean,3862142.6500000004
2015-07-31,Saint Lucia,Central America and the Caribbean,2288001.1
2015-08-31,Saint Lucia,Central America and the Caribbean,1705957.3599999999
2015-09-30,Saint Lucia,Central America and the Caribbean,77170.8
2015-10-31,Saint Lucia,Central America and the Caribbean,7838075.5600000005
2015-11-30,Saint Lucia,Central America and the Caribbean,5608223.739999999
2015-12-31,Saint Lucia,Central America and the Caribbean,3201767.4799999995
2016-01-31,Saint Lucia,Central America and the Caribbean,4392517.0
2016-02-29,Saint Lucia,Central America and the Caribbean,8771573.98
2016-03-31,Saint Lucia,Central America and the Caribbean,1379502.8599999999
2016-04-30,Saint Lucia,Central America and the Caribbean,93826.04
2016-05-31,Saint Lucia,Central America and the Caribbean,4121856.91
2016-06-30,Saint Lucia,Central America and the Caribbean,7074303.77
2016-07-31,Saint Lucia,Central America and the Caribbean,9973478.51
2016-08-31,Saint Lucia,Central America and the Caribbean,7390925.18
2016-09-30,Saint Lucia,Central America and the Caribbean,11957055.870000001
2016-10-31,Saint Lucia,Central America and the Caribbean,42096.96
2016-11-30,Saint Lucia,Central America and the Caribbean,5868489.98
2016-12-31,Saint Lucia,Central America and the Caribbean,8270631.82
2017-01-31,Saint Lucia,Central America and the Caribbean,3051012.15
2017-02-28,Saint Lucia,Central America and the Caribbean,6416579.050000001
2017-03-31,Saint Lucia,Central America and the Caribbean,2889418.77
2017-04-30,Saint Lucia,Central America and the Caribbean,5480609.82
2017-05-31,Saint Lucia,Central America and the Caribbean,8504854.11
2017-06-30,Saint Lucia,Central America and the Caribbean,3808012.0
2010-01-31,Saint Vincent and the Grenadines,Central America and the Caribbean,3480570.5
2010-02-28,Saint Vincent and the Grenadines,Central America and the Caribbean,2803366.94
2010-03-31,Saint Vincent and the Grenadines,Central America and the Caribbean,4477589.62
2010-04-30,Saint Vincent and the Grenadines,Central America and the Caribbean,1546190.83
2010-05-31,Saint Vincent and the Grenadines,Central America and the Caribbean,298552.96
2010-06-30,Saint Vincent and the Grenadines,Central America and the Caribbean,6216993.77
2010-07-31,Saint Vincent and the Grenadines,Central America and the Caribbean,12558.18
2010-08-31,Saint Vincent and the Grenadines,Central America and the Caribbean,7361470.1899999995
2010-09-30,Saint Vincent and the Grenadines,Central America and the Caribbean,3761079.61
2010-10-31,Saint Vincent and the Grenadines,Central America and the Caribbean,450917.35
2010-11-30,Saint Vincent and the Grenadines,Central America and the Caribbean,3704030.52
2010-12-31,Saint Vincent and the Grenadines,Central America and the Caribbean,2002279.48
2011-01-31,Saint Vincent and the Grenadines,Central America and the Caribbean,0.0
2011-02-28,Saint Vincent and the Grenadines,Central America and the Caribbean,5329445.29
2011-03-31,Saint Vincent and the Grenadines,Central America and the Caribbean,4085390.2399999998
2011-04-30,Saint Vincent and the Grenadines,Central America and the Caribbean,7167691.959999999
2011-05-31,Saint Vincent and the Grenadines,Central America and the Caribbean,3817873.48
2011-06-30,Saint Vincent and the Grenadines,Central America and the Caribbean,730922.16
2011-07-31,Saint Vincent and the Grenadines,Central America and the Caribbean,2472913.27
2011-08-31,Saint Vincent and the Grenadines,Central America and the Caribbean,0.0
2011-09-30,Saint Vincent and the Grenadines,Central America and the Caribbean,6165833.03
2011-10-31,Saint Vincent and the Grenadines,Central America and the Caribbean,1414890.6400000001
2011-11-30,Saint Vincent and the Grenadines,Central America and the Caribbean,2951862.06
2011-12-31,Saint Vincent and the Grenadines,Central America and the Caribbean,2953155.92
2012-01-31,Saint Vincent and the Grenadines,Central America and the Caribbean,864030.72
2012-02-29,Saint Vincent and the Grenadines,Central America and the Caribbean,16433684.06
2012-03-31,Saint Vincent and the Grenadines,Central America and the Caribbean,521812.0
2012-04-30,Saint Vincent and the Grenadines,Central America and the Caribbean,2939641.27
2012-05-31,Saint Vincent and the Grenadines,Central America and the Caribbean,3618855.77
2012-06-30,Saint Vincent and the Grenadines,Central America and the Caribbean,8091842.33
2012-07-31,Saint Vincent and the Grenadines,Central America and the Caribbean,2841497.36
2012-08-31,Saint Vincent and the Grenadines,Central America and the Caribbean,700683.48
2012-09-30,Saint Vincent and the Grenadines,Central America and the Caribbean,1070834.72
2012-10-31,Saint Vincent and the Grenadines,Central America and the Caribbean,7296037.18
2012-11-30,Saint Vincent and the Grenadines,Central America and the Caribbean,3943560.0
2012-12-31,Saint Vincent and the Grenadines,Central America and the Caribbean,4806320.55
2013-01-31,Saint Vincent and the Grenadines,Central America and the Caribbean,11078192.98
2013-02-28,Saint Vincent and the Grenadines,Central America and the Caribbean,0.0
2013-03-31,Saint Vincent and the Grenadines,Central America and the Caribbean,487070.32
2013-04-30,Saint Vincent and the Grenadines,Central America and the Caribbean,2803223.85
2013-05-31,Saint Vincent and the Grenadines,Central America and the Caribbean,1541164.17
2013-06-30,Saint Vincent and the Grenadines,Central America and the Caribbean,3008541.13
2013-07-31,Saint Vincent and the Grenadines,Central America and the Caribbean,2447599.48
2013-08-31,Saint Vincent and the Grenadines,Central America and the Caribbean,2097547.41
2013-09-30,Saint Vincent and the Grenadines,Central America and the Caribbean,3240691.5300000003
2013-10-31,Saint Vincent and the Grenadines,Central America and the Caribbean,2620910.4000000004
2013-11-30,Saint Vincent and the Grenadines,Central America and the Caribbean,106254.93
2013-12-31,Saint Vincent and the Grenadines,Central America and the Caribbean,1076423.2
2014-01-31,Saint Vincent and the Grenadines,Central America and the Caribbean,4262081.9
2014-02-28,Saint Vincent and the Grenadines,Central America and the Caribbean,202005.98
2014-03-31,Saint Vincent and the Grenadines,Central America and the Caribbean,2903058.92
2014-04-30,Saint Vincent and the Grenadines,Central America and the Caribbean,1361515.41
2014-05-31,Saint Vincent and the Grenadines,Central America and the Caribbean,6894058.84
2014-06-30,Saint Vincent and the Grenadines,Central America and the Caribbean,1305812.56
2014-07-31,Saint Vincent and the Grenadines,Central America and the Caribbean,8491889.04
2014-08-31,Saint Vincent and the Grenadines,Central America and the Caribbean,23838.15
2014-09-30,Saint Vincent and the Grenadines,Central America and the Caribbean,0.0
2014-10-31,Saint Vincent and the Grenadines,Central America and the Caribbean,1023201.48
2014-11-30,Saint Vincent and the Grenadines,Central America and the Caribbean,2402541.24
2014-12-31,Saint Vincent and the Grenadines,Central America and the Caribbean,2029632.77
2015-01-31,Saint Vincent and the Grenadines,Central America and the Caribbean,3454911.8
2015-02-28,Saint Vincent and the Grenadines,Central America and the Caribbean,9140011.32
2015-03-31,Saint Vincent and the Grenadines,Central America and the Caribbean,2914984.7399999998
2015-04-30,Saint Vincent and the Grenadines,Central America and the Caribbean,1056284.6
2015-05-31,Saint Vincent and the Grenadines,Central America and the Caribbean,2140058.24
2015-06-30,Saint Vincent and the Grenadines,Central America and the Caribbean,7905446.72
2015-07-31,Saint Vincent and the Grenadines,Central America and the Caribbean,4580333.46
2015-08-31,Saint Vincent and the Grenadines,Central America and the Caribbean,1401314.15
2015-09-30,Saint Vincent and the Grenadines,Central America and the Caribbean,4873676.46
2015-10-31,Saint Vincent and the Grenadines,Central America and the Caribbean,4457545.37
2015-11-30,Saint Vincent and the Grenadines,Central America and the Caribbean,1432862.68
2015-12-31,Saint Vincent and the Grenadines,Central America and the Caribbean,6663472.069999999
2016-01-31,Saint Vincent and the Grenadines,Central America and the Caribbean,4323231.67
2016-02-29,Saint Vincent and the Grenadines,Central America and the Caribbean,4541272.38
2016-03-31,Saint Vincent and the Grenadines,Central America and the Caribbean,3830637.03
2016-04-30,Saint Vincent and the Grenadines,Central America and the Caribbean,1623762.4
2016-05-31,Saint Vincent and the Grenadines,Central America and the Caribbean,4891036.05
2016-06-30,Saint Vincent and the Grenadines,Central America and the Caribbean,0.0
2016-07-31,Saint Vincent and the Grenadines,Central America and the Caribbean,5002795.8
2016-08-31,Saint Vincent and the Grenadines,Central America and the Caribbean,1608758.76
2016-09-30,Saint Vincent and the Grenadines,Central America and the Caribbean,4261984.63
2016-10-31,Saint Vincent and the Grenadines,Central America and the Caribbean,2164526.53
2016-11-30,Saint Vincent and the Grenadines,Central America and the Caribbean,1511472.9000000001
2016-12-31,Saint Vincent and the Grenadines,Central America and the Caribbean,1388680.7
2017-01-31,Saint Vincent and the Grenadines,Central America and the Caribbean,3222304.39
2017-02-28,Saint Vincent and the Grenadines,Central America and the Caribbean,0.0
2017-03-31,Saint Vincent and the Grenadines,Central America and the Caribbean,2211628.8200000003
2017-04-30,Saint Vincent and the Grenadines,Central America and the Caribbean,5370900.68
2017-05-31,Saint Vincent and the Grenadines,Central America and the Caribbean,180385.17
2017-06-30,Saint Vincent and the Grenadines,Central America and the Caribbean,9058193.79
2010-01-31,Samoa,Australia and Oceania,11729148.64
2010-02-28,Samoa,Australia and Oceania,2612355.4
2010-03-31,Samoa,Australia and Oceania,14720996.14
2010-04-30,Samoa,Australia and Oceania,7709886.21
2010-05-31,Samoa,Australia and Oceania,11033139.77
2010-06-30,Samoa,Australia and Oceania,5409442.37
2010-07-31,Samoa,Australia and Oceania,1723645.6400000001
2010-08-31,Samoa,Australia and Oceania,6033327.26
2010-09-30,Samoa,Australia and Oceania,1374258.21
2010-10-31,Samoa,Australia and Oceania,2363276.21
2010-11-30,Samoa,Australia and Oceania,2793637.0700000003
2010-12-31,Samoa,Australia and Oceania,8387670.9799999995
2011-01-31,Samoa,Australia and Oceania,3345964.27
2011-02-28,Samoa,Australia and Oceania,74210.82
2011-03-31,Samoa,Australia and Oceania,188796.3
2011-04-30,Samoa,Australia and Oceania,4415638.62
2011-05-31,Samoa,Australia and Oceania,4153584.66
2011-06-30,Samoa,Australia and Oceania,889239.1499999999
2011-07-31,Samoa,Australia and Oceania,5435081.77
2011-08-31,Samoa,Australia and Oceania,5886981.89
2011-09-30,Samoa,Australia and Oceania,5279312.43
2011-10-31,Samoa,Australia and Oceania,1020446.6699999999
2011-11-30,Samoa,Australia and Oceania,3357375.4499999997
2011-12-31,Samoa,Australia and Oceania,1156189.01
2012-01-31,Samoa,Australia and Oceania,12427026.27
2012-02-29,Samoa,Australia and Oceania,8796451.040000001
2012-03-31,Samoa,Australia and Oceania,12536050.870000001
2012-04-30,Samoa,Australia and Oceania,4195888.77
2012-05-31,Samoa,Australia and Oceania,8167786.12
2012-06-30,Samoa,Australia and Oceania,4631069.5
2012-07-31,Samoa,Australia and Oceania,2916743.95
2012-08-31,Samoa,Australia and Oceania,3836462.7
2012-09-30,Samoa,Australia and Oceania,1975850.6099999999
2012-10-31,Samoa,Australia and Oceania,5491077.22
2012-11-30,Samoa,Australia and Oceania,8530469.71
2012-12-31,Samoa,Australia and Oceania,859650.14
2013-01-31,Samoa,Australia and Oceania,1767377.0699999998
2013-02-28,Samoa,Australia and Oceania,3517687.77
2013-03-31,Samoa,Australia and Oceania,10188655.87
2013-04-30,Samoa,Australia and Oceania,6082845.59
2013-05-31,Samoa,Australia and Oceania,6323795.7700000005
2013-06-30,Samoa,Australia and Oceania,3012837.8899999997
2013-07-31,Samoa,Australia and Oceania,4094378.0
2013-08-31,Samoa,Australia and Oceania,2633692.14
2013-09-30,Samoa,Australia and Oceania,1960017.15
2013-10-31,Samoa,Australia and Oceania,5062445.83
2013-11-30,Samoa,Australia and Oceania,1504549.96
2013-12-31,Samoa,Australia and Oceania,0.0
2014-01-31,Samoa,Australia and Oceania,4552000.4
2014-02-28,Samoa,Australia and Oceania,4575019.37
2014-03-31,Samoa,Australia and Oceania,0.0
2014-04-30,Samoa,Australia and Oceania,6550949.83
2014-05-31,Samoa,Australia and Oceania,7327754.07
2014-06-30,Samoa,Australia and Oceania,6156257.85
2014-07-31,Samoa,Australia and Oceania,10062993.26
2014-08-31,Samoa,Australia and Oceania,790552.2000000001
2014-09-30,Samoa,Australia and Oceania,17347274.83
2014-10-31,Samoa,Australia and Oceania,1649364.08
2014-11-30,Samoa,Australia and Oceania,6173313.3100000005
2014-12-31,Samoa,Australia and Oceania,646415.03
2015-01-31,Samoa,Australia and Oceania,4224345.71
2015-02-28,Samoa,Australia and Oceania,2864386.6399999997
2015-03-31,Samoa,Australia and Oceania,15158435.66
2015-04-30,Samoa,Australia and Oceania,5521058.34
2015-05-31,Samoa,Australia and Oceania,6193610.4799999995
2015-06-30,Samoa,Australia and Oceania,2493206.79
2015-07-31,Samoa,Australia and Oceania,2966007.91
2015-08-31,Samoa,Australia and Oceania,1090757.26
2015-09-30,Samoa,Australia and Oceania,6163272.74
2015-10-31,Samoa,Australia and Oceania,4781750.42
2015-11-30,Samoa,Australia and Oceania,1778304.2400000002
2015-12-31,Samoa,Australia and Oceania,2990328.38
2016-01-31,Samoa,Australia and Oceania,5781357.11
2016-02-29,Samoa,Australia and Oceania,2231233.52
2016-03-31,Samoa,Australia and Oceania,5997537.8100000005
2016-04-30,Samoa,Australia and Oceania,2468774.36
2016-05-31,Samoa,Australia and Oceania,2723523.14
2016-06-30,Samoa,Australia and Oceania,9135851.04
2016-07-31,Samoa,Australia and Oceania,1765188.8900000001
2016-08-31,Samoa,Australia and Oceania,793384.9
2016-09-30,Samoa,Australia and Oceania,2191566.9299999997
2016-10-31,Samoa,Australia and Oceania,13242839.0
2016-11-30,Samoa,Australia and Oceania,8649397.58
2016-12-31,Samoa,Australia and Oceania,144999.04
2017-01-31,Samoa,Australia and Oceania,1293704.17
2017-02-28,Samoa,Australia and Oceania,2975252.12
2017-03-31,Samoa,Australia and Oceania,9004588.67
2017-04-30,Samoa,Australia and Oceania,4739160.36
2017-05-31,Samoa,Australia and Oceania,6928818.08
2017-06-30,Samoa,Australia and Oceania,1731967.3
2010-01-31,San Marino,Europe,1168762.8
2010-02-28,San Marino,Europe,316001.93
2010-03-31,San Marino,Europe,1818954.44
2010-04-30,San Marino,Europe,5665008.02
2010-05-31,San Marino,Europe,1025620.2
2010-06-30,San Marino,Europe,7061545.37
2010-07-31,San Marino,Europe,0.0
2010-08-31,San Marino,Europe,9435607.14
2010-09-30,San Marino,Europe,1366530.0
2010-10-31,San Marino,Europe,1454108.1300000001
2010-11-30,San Marino,Europe,3350930.05
2010-12-31,San Marino,Europe,860443.1
2011-01-31,San Marino,Europe,3269265.1799999997
2011-02-28,San Marino,Europe,7680934.57
2011-03-31,San Marino,Europe,10760318.1
2011-04-30,San Marino,Europe,2960682.3899999997
2011-05-31,San Marino,Europe,3262070.01
2011-06-30,San Marino,Europe,6379904.37
2011-07-31,San Marino,Europe,9520363.08
2011-08-31,San Marino,Europe,2680473.2
2011-09-30,San Marino,Europe,0.0
2011-10-31,San Marino,Europe,7202983.07
2011-11-30,San Marino,Europe,78353.76
2011-12-31,San Marino,Europe,0.0
2012-01-31,San Marino,Europe,497050.51
2012-02-29,San Marino,Europe,8839646.37
2012-03-31,San Marino,Europe,3313991.98
2012-04-30,San Marino,Europe,12411715.2
2012-05-31,San Marino,Europe,4621276.12
2012-06-30,San Marino,Europe,12035.7
2012-07-31,San Marino,Europe,2927306.02
2012-08-31,San Marino,Europe,2791002.17
2012-09-30,San Marino,Europe,12664141.120000001
2012-10-31,San Marino,Europe,5779134.65
2012-11-30,San Marino,Europe,3521388.26
2012-12-31,San Marino,Europe,1536784.7
2013-01-31,San Marino,Europe,455852.15
2013-02-28,San Marino,Europe,0.0
2013-03-31,San Marino,Europe,2636945.6399999997
2013-04-30,San Marino,Europe,2994011.58
2013-05-31,San Marino,Europe,3608474.9099999997
2013-06-30,San Marino,Europe,0.0
2013-07-31,San Marino,Europe,9095545.73
2013-08-31,San Marino,Europe,2797461.64
2013-09-30,San Marino,Europe,10476731.09
2013-10-31,San Marino,Europe,7833079.470000001
2013-11-30,San Marino,Europe,656481.51
2013-12-31,San Marino,Europe,5144410.86
2014-01-31,San Marino,Europe,768003.71
2014-02-28,San Marino,Europe,2301577.44
2014-03-31,San Marino,Europe,2502358.18
2014-04-30,San Marino,Europe,50581.7
2014-05-31,San Marino,Europe,415915.47000000003
2014-06-30,San Marino,Europe,166391.39
2014-07-31,San Marino,Europe,3316055.4
2014-08-31,San Marino,Europe,0.0
2014-09-30,San Marino,Europe,1977724.77
2014-10-31,San Marino,Europe,5440716.24
2014-11-30,San Marino,Europe,1294731.52
2014-12-31,San Marino,Europe,4229091.4399999995
2015-01-31,San Marino,Europe,4890782.01
2015-02-28,San Marino,Europe,9388084.44
2015-03-31,San Marino,Europe,5028135.86
2015-04-30,San Marino,Europe,0.0
2015-05-31,San Marino,Europe,2163702.8
2015-06-30,San Marino,Europe,7774114.23
2015-07-31,San Marino,Europe,4170995.5500000003
2015-08-31,San Marino,Europe,12286652.63
2015-09-30,San Marino,Europe,3931739.6
2015-10-31,San Marino,Europe,4943981.109999999
2015-11-30,San Marino,Europe,981889.75
2015-12-31,San Marino,Europe,751051.48
2016-01-31,San Marino,Europe,3868910.24
2016-02-29,San Marino,Europe,5018224.26
2016-03-31,San Marino,Europe,7137587.61
2016-04-30,San Marino,Europe,7677755.41
2016-05-31,San Marino,Europe,8404175.65
2016-06-30,San Marino,Europe,5403780.85
2016-07-31,San Marino,Europe,9707842.690000001
2016-08-31,San Marino,Europe,7452547.039999999
2016-09-30,San Marino,Europe,2070082.2000000002
2016-10-31,San Marino,Europe,0.0
2016-11-30,San Marino,Europe,4245012.71
2016-12-31,San Marino,Europe,12153953.18
2017-01-31,San Marino,Europe,8350546.48
2017-02-28,San Marino,Europe,2184358.5700000003
2017-03-31,San Marino,Europe,8454089.53
2017-04-30,San Marino,Europe,4252134.4
2017-05-31,San Marino,Europe,6488563.550000001
2017-06-30,San Marino,Europe,533666.04
2010-01-31,Sao Tome and Principe,Sub-Saharan Africa,10934.76
2010-02-28,Sao Tome and Principe,Sub-Saharan Africa,1206597.92
2010-03-31,Sao Tome and Principe,Sub-Saharan Africa,8070054.580000001
2010-04-30,Sao Tome and Principe,Sub-Saharan Africa,4761929.28
2010-05-31,Sao Tome and Principe,Sub-Saharan Africa,0.0
2010-06-30,Sao Tome and Principe,Sub-Saharan Africa,1307061.97
2010-07-31,Sao Tome and Principe,Sub-Saharan Africa,11176720.209999999
2010-08-31,Sao Tome and Principe,Sub-Saharan Africa,3694777.2
2010-09-30,Sao Tome and Principe,Sub-Saharan Africa,227048.25
2010-10-31,Sao Tome and Principe,Sub-Saharan Africa,3098928.1700000004
2010-11-30,Sao Tome and Principe,Sub-Saharan Africa,300301.44
2010-12-31,Sao Tome and Principe,Sub-Saharan Africa,0.0
2011-01-31,Sao Tome and Principe,Sub-Saharan Africa,1775198.46
2011-02-28,Sao Tome and Principe,Sub-Saharan Africa,1407595.7800000003
2011-03-31,Sao Tome and Principe,Sub-Saharan Africa,5280624.11
2011-04-30,Sao Tome and Principe,Sub-Saharan Africa,0.0
2011-05-31,Sao Tome and Principe,Sub-Saharan Africa,4321975.5
2011-06-30,Sao Tome and Principe,Sub-Saharan Africa,9680760.34
2011-07-31,Sao Tome and Principe,Sub-Saharan Africa,5773009.720000001
2011-08-31,Sao Tome and Principe,Sub-Saharan Africa,8114180.45
2011-09-30,Sao Tome and Principe,Sub-Saharan Africa,3364305.7299999995
2011-10-31,Sao Tome and Principe,Sub-Saharan Africa,0.0
2011-11-30,Sao Tome and Principe,Sub-Saharan Africa,4721682.04
2011-12-31,Sao Tome and Principe,Sub-Saharan Africa,1696818.37
2012-01-31,Sao Tome and Principe,Sub-Saharan Africa,5581826.63
2012-02-29,Sao Tome and Principe,Sub-Saharan Africa,1983821.6199999999
2012-03-31,Sao Tome and Principe,Sub-Saharan Africa,8003040.220000001
2012-04-30,Sao Tome and Principe,Sub-Saharan Africa,6189045.79
2012-05-31,Sao Tome and Principe,Sub-Saharan Africa,8247602.91
2012-06-30,Sao Tome and Principe,Sub-Saharan Africa,0.0
2012-07-31,Sao Tome and Principe,Sub-Saharan Africa,5555252.99
2012-08-31,Sao Tome and Principe,Sub-Saharan Africa,3228143.13
2012-09-30,Sao Tome and Principe,Sub-Saharan Africa,2735733.21
2012-10-31,Sao Tome and Principe,Sub-Saharan Africa,17290220.75
2012-11-30,Sao Tome and Principe,Sub-Saharan Africa,1912152.41
2012-12-31,Sao Tome and Principe,Sub-Saharan Africa,7341380.44
2013-01-31,Sao Tome and Principe,Sub-Saharan Africa,18408279.97
2013-02-28,Sao Tome and Principe,Sub-Saharan Africa,1754208.75
2013-03-31,Sao Tome and Principe,Sub-Saharan Africa,5172369.15
2013-04-30,Sao Tome and Principe,Sub-Saharan Africa,3034912.25
2013-05-31,Sao Tome and Principe,Sub-Saharan Africa,161498.48
2013-06-30,Sao Tome and Principe,Sub-Saharan Africa,1683720.3
2013-07-31,Sao Tome and Principe,Sub-Saharan Africa,5434149.71
2013-08-31,Sao Tome and Principe,Sub-Saharan Africa,10679449.58
2013-09-30,Sao Tome and Principe,Sub-Saharan Africa,2901034.03
2013-10-31,Sao Tome and Principe,Sub-Saharan Africa,3474223.48
2013-11-30,Sao Tome and Principe,Sub-Saharan Africa,9471190.42
2013-12-31,Sao Tome and Principe,Sub-Saharan Africa,1112974.96
2014-01-31,Sao Tome and Principe,Sub-Saharan Africa,1723382.43
2014-02-28,Sao Tome and Principe,Sub-Saharan Africa,5332134.149999999
2014-03-31,Sao Tome and Principe,Sub-Saharan Africa,2172545.77
2014-04-30,Sao Tome and Principe,Sub-Saharan Africa,11007069.95
2014-05-31,Sao Tome and Principe,Sub-Saharan Africa,2947873.46
2014-06-30,Sao Tome and Principe,Sub-Saharan Africa,6941525.66
2014-07-31,Sao Tome and Principe,Sub-Saharan Africa,6355509.18
2014-08-31,Sao Tome and Principe,Sub-Saharan Africa,2066927.89
2014-09-30,Sao Tome and Principe,Sub-Saharan Africa,7265703.9799999995
2014-10-31,Sao Tome and Principe,Sub-Saharan Africa,370567.77
2014-11-30,Sao Tome and Principe,Sub-Saharan Africa,5904767.32
2014-12-31,Sao Tome and Principe,Sub-Saharan Africa,11456271.59
2015-01-31,Sao Tome and Principe,Sub-Saharan Africa,523560.48
2015-02-28,Sao Tome and Principe,Sub-Saharan Africa,7889293.04
2015-03-31,Sao Tome and Principe,Sub-Saharan Africa,2791971.5300000003
2015-04-30,Sao Tome and Principe,Sub-Saharan Africa,4753521.97
2015-05-31,Sao Tome and Principe,Sub-Saharan Africa,3718606.84
2015-06-30,Sao Tome and Principe,Sub-Saharan Africa,2598462.8
2015-07-31,Sao Tome and Principe,Sub-Saharan Africa,5156439.38
2015-08-31,Sao Tome and Principe,Sub-Saharan Africa,3027569.29
2015-09-30,Sao Tome and Principe,Sub-Saharan Africa,3659766.42
2015-10-31,Sao Tome and Principe,Sub-Saharan Africa,6079885.3100000005
2015-11-30,Sao Tome and Principe,Sub-Saharan Africa,6512262.199999999
2015-12-31,Sao Tome and Principe,Sub-Saharan Africa,665515.2
2016-01-31,Sao Tome and Principe,Sub-Saharan Africa,11981464.37
2016-02-29,Sao Tome and Principe,Sub-Saharan Africa,4388713.42
2016-03-31,Sao Tome and Principe,Sub-Saharan Africa,1474059.23
2016-04-30,Sao Tome and Principe,Sub-Saharan Africa,5292902.15
2016-05-31,Sao Tome and Principe,Sub-Saharan Africa,951566.6699999999
2016-06-30,Sao Tome and Principe,Sub-Saharan Africa,6654513.48
2016-07-31,Sao Tome and Principe,Sub-Saharan Africa,997043.56
2016-08-31,Sao Tome and Principe,Sub-Saharan Africa,3018258.73
2016-09-30,Sao Tome and Principe,Sub-Saharan Africa,3720572.0
2016-10-31,Sao Tome and Principe,Sub-Saharan Africa,8128732.41
2016-11-30,Sao Tome and Principe,Sub-Saharan Africa,5504.2
2016-12-31,Sao Tome and Principe,Sub-Saharan Africa,5452414.93
2017-01-31,Sao Tome and Principe,Sub-Saharan Africa,9024152.48
2017-02-28,Sao Tome and Principe,Sub-Saharan Africa,34073.16
2017-03-31,Sao Tome and Principe,Sub-Saharan Africa,8165139.5600000005
2017-04-30,Sao Tome and Principe,Sub-Saharan Africa,5034984.16
2017-05-31,Sao Tome and Principe,Sub-Saharan Africa,1919308.0
2017-06-30,Sao Tome and Principe,Sub-Saharan Africa,4266003.01
2010-01-31,Saudi Arabia,Middle East and North Africa,1631810.2000000002
2010-02-28,Saudi Arabia,Middle East and North Africa,8562787.95
2010-03-31,Saudi Arabia,Middle East and North Africa,2892338.74
2010-04-30,Saudi Arabia,Middle East and North Africa,256713.6
2010-05-31,Saudi Arabia,Middle East and North Africa,11223610.16
2010-06-30,Saudi Arabia,Middle East and North Africa,3501816.44
2010-07-31,Saudi Arabia,Middle East and North Africa,8911944.73
2010-08-31,Saudi Arabia,Middle East and North Africa,3776440.7199999997
2010-09-30,Saudi Arabia,Middle East and North Africa,5528996.640000001
2010-10-31,Saudi Arabia,Middle East and North Africa,2267737.9
2010-11-30,Saudi Arabia,Middle East and North Africa,3755513.25
2010-12-31,Saudi Arabia,Middle East and North Africa,1683434.72
2011-01-31,Saudi Arabia,Middle East and North Africa,6213845.82
2011-02-28,Saudi Arabia,Middle East and North Africa,735883.28
2011-03-31,Saudi Arabia,Middle East and North Africa,0.0
2011-04-30,Saudi Arabia,Middle East and North Africa,6445966.3100000005
2011-05-31,Saudi Arabia,Middle East and North Africa,271318.3
2011-06-30,Saudi Arabia,Middle East and North Africa,655310.23
2011-07-31,Saudi Arabia,Middle East and North Africa,3788572.2
2011-08-31,Saudi Arabia,Middle East and North Africa,0.0
2011-09-30,Saudi Arabia,Middle East and North Africa,4884059.55
2011-10-31,Saudi Arabia,Middle East and North Africa,45755.82
2011-11-30,Saudi Arabia,Middle East and North Africa,4875609.27
2011-12-31,Saudi Arabia,Middle East and North Africa,13508996.290000001
2012-01-31,Saudi Arabia,Middle East and North Africa,178884.09
2012-02-29,Saudi Arabia,Middle East and North Africa,7314043.16
2012-03-31,Saudi Arabia,Middle East and North Africa,7933619.85
2012-04-30,Saudi Arabia,Middle East and North Africa,5148926.0600000005
2012-05-31,Saudi Arabia,Middle East and North Africa,6743619.100000001
2012-06-30,Saudi Arabia,Middle East and North Africa,3742848.81
2012-07-31,Saudi Arabia,Middle East and North Africa,5124023.79
2012-08-31,Saudi Arabia,Middle East and North Africa,9088284.81
2012-09-30,Saudi Arabia,Middle East and North Africa,1386494.46
2012-10-31,Saudi Arabia,Middle East and North Africa,475039.33
2012-11-30,Saudi Arabia,Middle East and North Africa,2994398.0100000002
2012-12-31,Saudi Arabia,Middle East and North Africa,1555723.02
2013-01-31,Saudi Arabia,Middle East and North Africa,3331678.8600000003
2013-02-28,Saudi Arabia,Middle East and North Africa,2188073.6399999997
2013-03-31,Saudi Arabia,Middle East and North Africa,0.0
2013-04-30,Saudi Arabia,Middle East and North Africa,3024629.2199999997
2013-05-31,Saudi Arabia,Middle East and North Africa,6171637.86
2013-06-30,Saudi Arabia,Middle East and North Africa,452151.05
2013-07-31,Saudi Arabia,Middle East and North Africa,1047428.01
2013-08-31,Saudi Arabia,Middle East and North Africa,1734642.45
2013-09-30,Saudi Arabia,Middle East and North Africa,3754878.75
2013-10-31,Saudi Arabia,Middle East and North Africa,7563131.46
2013-11-30,Saudi Arabia,Middle East and North Africa,177128.64
2013-12-31,Saudi Arabia,Middle East and North Africa,3971049.1100000003
2014-01-31,Saudi Arabia,Middle East and North Africa,9996267.49
2014-02-28,Saudi Arabia,Middle East and North Africa,1405286.66
2014-03-31,Saudi Arabia,Middle East and North Africa,1500852.52
2014-04-30,Saudi Arabia,Middle East and North Africa,2055325.74
2014-05-31,Saudi Arabia,Middle East and North Africa,6027215.91
2014-06-30,Saudi Arabia,Middle East and North Africa,7035411.63
2014-07-31,Saudi Arabia,Middle East and North Africa,12483744.280000001
2014-08-31,Saudi Arabia,Middle East and North Africa,4617730.11
2014-09-30,Saudi Arabia,Middle East and North Africa,4172333.69
2014-10-31,Saudi Arabia,Middle East and North Africa,4751179.68
2014-11-30,Saudi Arabia,Middle East and North Africa,563243.36
2014-12-31,Saudi Arabia,Middle East and North Africa,853385.65
2015-01-31,Saudi Arabia,Middle East and North Africa,10613796.81
2015-02-28,Saudi Arabia,Middle East and North Africa,3896941.42
2015-03-31,Saudi Arabia,Middle East and North Africa,7924232.47
2015-04-30,Saudi Arabia,Middle East and North Africa,1909971.69
2015-05-31,Saudi Arabia,Middle East and North Africa,2598610.5
2015-06-30,Saudi Arabia,Middle East and North Africa,4369781.7
2015-07-31,Saudi Arabia,Middle East and North Africa,3079215.37
2015-08-31,Saudi Arabia,Middle East and North Africa,3666425.84
2015-09-30,Saudi Arabia,Middle East and North Africa,3473066.97
2015-10-31,Saudi Arabia,Middle East and North Africa,3140877.2399999998
2015-11-30,Saudi Arabia,Middle East and North Africa,1854774.98
2015-12-31,Saudi Arabia,Middle East and North Africa,8494203.18
2016-01-31,Saudi Arabia,Middle East and North Africa,4504923.25
2016-02-29,Saudi Arabia,Middle East and North Africa,9193035.34
2016-03-31,Saudi Arabia,Middle East and North Africa,126637.32
2016-04-30,Saudi Arabia,Middle East and North Africa,3530717.29
2016-05-31,Saudi Arabia,Middle East and North Africa,3091368.75
2016-06-30,Saudi Arabia,Middle East and North Africa,0.0
2016-07-31,Saudi Arabia,Middle East and North Africa,5248320.16
2016-08-31,Saudi Arabia,Middle East and North Africa,3605254.27
2016-09-30,Saudi Arabia,Middle East and North Africa,13175698.12
2016-10-31,Saudi Arabia,Middle East and North Africa,0.0
2016-11-30,Saudi Arabia,Middle East and North Africa,6679747.68
2016-12-31,Saudi Arabia,Middle East and North Africa,2339847.63
2017-01-31,Saudi Arabia,Middle East and North Africa,7069420.18
2017-02-28,Saudi Arabia,Middle East and North Africa,860922.45
2017-03-31,Saudi Arabia,Middle East and North Africa,5006898.2299999995
2017-04-30,Saudi Arabia,Middle East and North Africa,5051364.78
2017-05-31,Saudi Arabia,Middle East and North Africa,1009284.42
2017-06-30,Saudi Arabia,Middle East and North Africa,3877800.63
2010-01-31,Senegal,Sub-Saharan Africa,6068487.24
2010-02-28,Senegal,Sub-Saharan Africa,2595011.91
2010-03-31,Senegal,Sub-Saharan Africa,7034226.45
2010-04-30,Senegal,Sub-Saharan Africa,120380.65
2010-05-31,Senegal,Sub-Saharan Africa,4673677.1
2010-06-30,Senegal,Sub-Saharan Africa,2430144.43
2010-07-31,Senegal,Sub-Saharan Africa,2538503.5
2010-08-31,Senegal,Sub-Saharan Africa,534399.99
2010-09-30,Senegal,Sub-Saharan Africa,2482306.78
2010-10-31,Senegal,Sub-Saharan Africa,3553002.33
2010-11-30,Senegal,Sub-Saharan Africa,5065190.4
2010-12-31,Senegal,Sub-Saharan Africa,1159037.57
2011-01-31,Senegal,Sub-Saharan Africa,7322812.7299999995
2011-02-28,Senegal,Sub-Saharan Africa,805304.54
2011-03-31,Senegal,Sub-Saharan Africa,3469622.54
2011-04-30,Senegal,Sub-Saharan Africa,5779349.41
2011-05-31,Senegal,Sub-Saharan Africa,3390627.84
2011-06-30,Senegal,Sub-Saharan Africa,3298656.38
2011-07-31,Senegal,Sub-Saharan Africa,11410759.05
2011-08-31,Senegal,Sub-Saharan Africa,3292990.4
2011-09-30,Senegal,Sub-Saharan Africa,7683404.51
2011-10-31,Senegal,Sub-Saharan Africa,5722603.83
2011-11-30,Senegal,Sub-Saharan Africa,3676179.63
2011-12-31,Senegal,Sub-Saharan Africa,1096351.72
2012-01-31,Senegal,Sub-Saharan Africa,2003994.65
2012-02-29,Senegal,Sub-Saharan Africa,3484229.6
2012-03-31,Senegal,Sub-Saharan Africa,319173.05
2012-04-30,Senegal,Sub-Saharan Africa,7145940.37
2012-05-31,Senegal,Sub-Saharan Africa,0.0
2012-06-30,Senegal,Sub-Saharan Africa,718950.23
2012-07-31,Senegal,Sub-Saharan Africa,5993429.47
2012-08-31,Senegal,Sub-Saharan Africa,6724904.709999999
2012-09-30,Senegal,Sub-Saharan Africa,3524403.68
2012-10-31,Senegal,Sub-Saharan Africa,5173267.23
2012-11-30,Senegal,Sub-Saharan Africa,993070.76
2012-12-31,Senegal,Sub-Saharan Africa,8314863.1899999995
2013-01-31,Senegal,Sub-Saharan Africa,3446872.52
2013-02-28,Senegal,Sub-Saharan Africa,1538203.94
2013-03-31,Senegal,Sub-Saharan Africa,6361832.15
2013-04-30,Senegal,Sub-Saharan Africa,0.0
2013-05-31,Senegal,Sub-Saharan Africa,465784.19
2013-06-30,Senegal,Sub-Saharan Africa,0.0
2013-07-31,Senegal,Sub-Saharan Africa,4193354.02
2013-08-31,Senegal,Sub-Saharan Africa,4372327.05
2013-09-30,Senegal,Sub-Saharan Africa,8031727.49
2013-10-31,Senegal,Sub-Saharan Africa,3106743.2
2013-11-30,Senegal,Sub-Saharan Africa,5389461.28
2013-12-31,Senegal,Sub-Saharan Africa,0.0
2014-01-31,Senegal,Sub-Saharan Africa,2818259.7
2014-02-28,Senegal,Sub-Saharan Africa,0.0
2014-03-31,Senegal,Sub-Saharan Africa,0.0
2014-04-30,Senegal,Sub-Saharan Africa,2025117.51
2014-05-31,Senegal,Sub-Saharan Africa,510670.13
2014-06-30,Senegal,Sub-Saharan Africa,922679.26
2014-07-31,Senegal,Sub-Saharan Africa,1219971.9
2014-08-31,Senegal,Sub-Saharan Africa,6463861.8
2014-09-30,Senegal,Sub-Saharan Africa,6831721.9799999995
2014-10-31,Senegal,Sub-Saharan Africa,3412170.39
2014-11-30,Senegal,Sub-Saharan Africa,7488699.960000001
2014-12-31,Senegal,Sub-Saharan Africa,5360998.029999999
2015-01-31,Senegal,Sub-Saharan Africa,0.0
2015-02-28,Senegal,Sub-Saharan Africa,451179.06
2015-03-31,Senegal,Sub-Saharan Africa,4099993.02
2015-04-30,Senegal,Sub-Saharan Africa,5967230.76
2015-05-31,Senegal,Sub-Saharan Africa,2249903.04
2015-06-30,Senegal,Sub-Saharan Africa,7278723.140000001
2015-07-31,Senegal,Sub-Saharan Africa,500348.8
2015-08-31,Senegal,Sub-Saharan Africa,6376055.6
2015-09-30,Senegal,Sub-Saharan Africa,3239693.31
2015-10-31,Senegal,Sub-Saharan Africa,6019844.93
2015-11-30,Senegal,Sub-Saharan Africa,4350501.04
2015-12-31,Senegal,Sub-Saharan Africa,5369047.72
2016-01-31,Senegal,Sub-Saharan Africa,7455982.67
2016-02-29,Senegal,Sub-Saharan Africa,1339088.22
2016-03-31,Senegal,Sub-Saharan Africa,3740264.59
2016-04-30,Senegal,Sub-Saharan Africa,3047862.08
2016-05-31,Senegal,Sub-Saharan Africa,211253.9
2016-06-30,Senegal,Sub-Saharan Africa,5862649.55
2016-07-31,Senegal,Sub-Saharan Africa,5080424.5600000005
2016-08-31,Senegal,Sub-Saharan Africa,9622058.44
2016-09-30,Senegal,Sub-Saharan Africa,1065973.84
2016-10-31,Senegal,Sub-Saharan Africa,1340477.61
2016-11-30,Senegal,Sub-Saharan Africa,0.0
2016-12-31,Senegal,Sub-Saharan Africa,249138.82
2017-01-31,Senegal,Sub-Saharan Africa,1145942.96
2017-02-28,Senegal,Sub-Saharan Africa,7296776.65
2017-03-31,Senegal,Sub-Saharan Africa,734262.32
2017-04-30,Senegal,Sub-Saharan Africa,84259.23
2017-05-31,Senegal,Sub-Saharan Africa,1904125.9
2017-06-30,Senegal,Sub-Saharan Africa,0.0
2010-01-31,Serbia,Europe,7432740.2
2010-02-28,Serbia,Europe,3091210.27
2010-03-31,Serbia,Europe,908724.31
2010-04-30,Serbia,Europe,136996.2
2010-05-31,Serbia,Europe,1002514.3999999999
2010-06-30,Serbia,Europe,1403653.8199999998
2010-07-31,Serbia,Europe,9508431.43
2010-08-31,Serbia,Europe,2248620.09
2010-09-30,Serbia,Europe,4353637.6
2010-10-31,Serbia,Europe,6228209.1
2010-11-30,Serbia,Europe,4721327.55
2010-12-31,Serbia,Europe,10187040.18
2011-01-31,Serbia,Europe,4348646.05
2011-02-28,Serbia,Europe,5228130.0600000005
2011-03-31,Serbia,Europe,3307734.71
2011-04-30,Serbia,Europe,3975844.27
2011-05-31,Serbia,Europe,10925936.73
2011-06-30,Serbia,Europe,5396213.49
2011-07-31,Serbia,Europe,3582534.1500000004
2011-08-31,Serbia,Europe,1222604.14
2011-09-30,Serbia,Europe,7687.92
2011-10-31,Serbia,Europe,12678.8
2011-11-30,Serbia,Europe,4587374.35
2011-12-31,Serbia,Europe,4186431.3
2012-01-31,Serbia,Europe,104212.14
2012-02-29,Serbia,Europe,747340.8
2012-03-31,Serbia,Europe,3376098.3
2012-04-30,Serbia,Europe,3316843.69
2012-05-31,Serbia,Europe,1661393.22
2012-06-30,Serbia,Europe,1840358.52
2012-07-31,Serbia,Europe,3602766.6399999997
2012-08-31,Serbia,Europe,6531335.96
2012-09-30,Serbia,Europe,8314183.85
2012-10-31,Serbia,Europe,3924842.67
2012-11-30,Serbia,Europe,10038911.629999999
2012-12-31,Serbia,Europe,1417391.07
2013-01-31,Serbia,Europe,352475.95999999996
2013-02-28,Serbia,Europe,3376004.5999999996
2013-03-31,Serbia,Europe,5020753.16
2013-04-30,Serbia,Europe,619662.93
2013-05-31,Serbia,Europe,2189950.25
2013-06-30,Serbia,Europe,6767113.49
2013-07-31,Serbia,Europe,1141007.29
2013-08-31,Serbia,Europe,55421.6
2013-09-30,Serbia,Europe,4414177.8
2013-10-31,Serbia,Europe,1824538.67
2013-11-30,Serbia,Europe,4372469.0600000005
2013-12-31,Serbia,Europe,4868040.380000001
2014-01-31,Serbia,Europe,7744596.3
2014-02-28,Serbia,Europe,8071096.74
2014-03-31,Serbia,Europe,8277053.399999999
2014-04-30,Serbia,Europe,4045832.32
2014-05-31,Serbia,Europe,4135353.31
2014-06-30,Serbia,Europe,5523779.8100000005
2014-07-31,Serbia,Europe,6429425.67
2014-08-31,Serbia,Europe,4318058.699999999
2014-09-30,Serbia,Europe,12155692.280000001
2014-10-31,Serbia,Europe,7006173.68
2014-11-30,Serbia,Europe,2682084.98
2014-12-31,Serbia,Europe,215225.76
2015-01-31,Serbia,Europe,4522983.93
2015-02-28,Serbia,Europe,3556262.52
2015-03-31,Serbia,Europe,1269726.72
2015-04-30,Serbia,Europe,5760859.28
2015-05-31,Serbia,Europe,2898950.42
2015-06-30,Serbia,Europe,304107.05
2015-07-31,Serbia,Europe,219997.68
2015-08-31,Serbia,Europe,8174421.72
2015-09-30,Serbia,Europe,4788985.92
2015-10-31,Serbia,Europe,791322.37
2015-11-30,Serbia,Europe,6976328.49
2015-12-31,Serbia,Europe,979.65
2016-01-31,Serbia,Europe,10496120.24
2016-02-29,Serbia,Europe,550392.92
2016-03-31,Serbia,Europe,6553609.58
2016-04-30,Serbia,Europe,1488769.26
2016-05-31,Serbia,Europe,6203111.88
2016-06-30,Serbia,Europe,5238048.41
2016-07-31,Serbia,Europe,9076336.41
2016-08-31,Serbia,Europe,0.0
2016-09-30,Serbia,Europe,11694601.799999999
2016-10-31,Serbia,Europe,8437860.56
2016-11-30,Serbia,Europe,7450337.5
2016-12-31,Serbia,Europe,6968758.5
2017-01-31,Serbia,Europe,1413819.1600000001
2017-02-28,Serbia,Europe,3283977.64
2017-03-31,Serbia,Europe,1078224.34
2017-04-30,Serbia,Europe,3184984.84
2017-05-31,Serbia,Europe,3516780.8
2017-06-30,Serbia,Europe,0.0
2010-01-31,Seychelles,Sub-Saharan Africa,2138990.83
2010-02-28,Seychelles,Sub-Saharan Africa,2649152.36
2010-03-31,Seychelles,Sub-Saharan Africa,793747.73
2010-04-30,Seychelles,Sub-Saharan Africa,5913649.79
2010-05-31,Seychelles,Sub-Saharan Africa,829653.76
2010-06-30,Seychelles,Sub-Saharan Africa,4085777.14
2010-07-31,Seychelles,Sub-Saharan Africa,826904.4
2010-08-31,Seychelles,Sub-Saharan Africa,7278448.45
2010-09-30,Seychelles,Sub-Saharan Africa,617894.72
2010-10-31,Seychelles,Sub-Saharan Africa,7641869.16
2010-11-30,Seychelles,Sub-Saharan Africa,5079703.12
2010-12-31,Seychelles,Sub-Saharan Africa,0.0
2011-01-31,Seychelles,Sub-Saharan Africa,7587556.99
2011-02-28,Seychelles,Sub-Saharan Africa,1286554.56
2011-03-31,Seychelles,Sub-Saharan Africa,5831996.7
2011-04-30,Seychelles,Sub-Saharan Africa,7172042.1
2011-05-31,Seychelles,Sub-Saharan Africa,5350589.49
2011-06-30,Seychelles,Sub-Saharan Africa,1447890.03
2011-07-31,Seychelles,Sub-Saharan Africa,2275477.6799999997
2011-08-31,Seychelles,Sub-Saharan Africa,11840772.42
2011-09-30,Seychelles,Sub-Saharan Africa,1757363.3800000001
2011-10-31,Seychelles,Sub-Saharan Africa,1385800.9
2011-11-30,Seychelles,Sub-Saharan Africa,69908.59
2011-12-31,Seychelles,Sub-Saharan Africa,1136826.42
2012-01-31,Seychelles,Sub-Saharan Africa,13261796.83
2012-02-29,Seychelles,Sub-Saharan Africa,1786836.4
2012-03-31,Seychelles,Sub-Saharan Africa,4798115.28
2012-04-30,Seychelles,Sub-Saharan Africa,6997842.97
2012-05-31,Seychelles,Sub-Saharan Africa,9453626.1
2012-06-30,Seychelles,Sub-Saharan Africa,569.4
2012-07-31,Seychelles,Sub-Saharan Africa,10264668.31
2012-08-31,Seychelles,Sub-Saharan Africa,295811.86000000004
2012-09-30,Seychelles,Sub-Saharan Africa,1179207.13
2012-10-31,Seychelles,Sub-Saharan Africa,2418389.9000000004
2012-11-30,Seychelles,Sub-Saharan Africa,1347325.3
2012-12-31,Seychelles,Sub-Saharan Africa,160925.57
2013-01-31,Seychelles,Sub-Saharan Africa,7739151.75
2013-02-28,Seychelles,Sub-Saharan Africa,10941764.16
2013-03-31,Seychelles,Sub-Saharan Africa,2642948.66
2013-04-30,Seychelles,Sub-Saharan Africa,4063606.09
2013-05-31,Seychelles,Sub-Saharan Africa,7365778.9
2013-06-30,Seychelles,Sub-Saharan Africa,4451705.37
2013-07-31,Seychelles,Sub-Saharan Africa,16560.05
2013-08-31,Seychelles,Sub-Saharan Africa,5040816.79
2013-09-30,Seychelles,Sub-Saharan Africa,36247.05
2013-10-31,Seychelles,Sub-Saharan Africa,2353580.16
2013-11-30,Seychelles,Sub-Saharan Africa,4326136.109999999
2013-12-31,Seychelles,Sub-Saharan Africa,2152753.62
2014-01-31,Seychelles,Sub-Saharan Africa,3252357.58
2014-02-28,Seychelles,Sub-Saharan Africa,9875062.96
2014-03-31,Seychelles,Sub-Saharan Africa,1843844.32
2014-04-30,Seychelles,Sub-Saharan Africa,4952452.05
2014-05-31,Seychelles,Sub-Saharan Africa,274839.2
2014-06-30,Seychelles,Sub-Saharan Africa,5221628.3
2014-07-31,Seychelles,Sub-Saharan Africa,2354655.4
2014-08-31,Seychelles,Sub-Saharan Africa,654308.29
2014-09-30,Seychelles,Sub-Saharan Africa,3824488.88
2014-10-31,Seychelles,Sub-Saharan Africa,4588016.11
2014-11-30,Seychelles,Sub-Saharan Africa,5258903.54
2014-12-31,Seychelles,Sub-Saharan Africa,11844784.58
2015-01-31,Seychelles,Sub-Saharan Africa,2819268.4
2015-02-28,Seychelles,Sub-Saharan Africa,343639.2
2015-03-31,Seychelles,Sub-Saharan Africa,2575787.26
2015-04-30,Seychelles,Sub-Saharan Africa,11517595.92
2015-05-31,Seychelles,Sub-Saharan Africa,3260841.58
2015-06-30,Seychelles,Sub-Saharan Africa,2817410.82
2015-07-31,Seychelles,Sub-Saharan Africa,6378754.8100000005
2015-08-31,Seychelles,Sub-Saharan Africa,3358931.2800000003
2015-09-30,Seychelles,Sub-Saharan Africa,6529682.9399999995
2015-10-31,Seychelles,Sub-Saharan Africa,2582482.9299999997
2015-11-30,Seychelles,Sub-Saharan Africa,6545633.029999999
2015-12-31,Seychelles,Sub-Saharan Africa,7583030.51
2016-01-31,Seychelles,Sub-Saharan Africa,1085044.58
2016-02-29,Seychelles,Sub-Saharan Africa,3770247.3299999996
2016-03-31,Seychelles,Sub-Saharan Africa,0.0
2016-04-30,Seychelles,Sub-Saharan Africa,4113698.34
2016-05-31,Seychelles,Sub-Saharan Africa,1929574.55
2016-06-30,Seychelles,Sub-Saharan Africa,6879172.5
2016-07-31,Seychelles,Sub-Saharan Africa,3803513.22
2016-08-31,Seychelles,Sub-Saharan Africa,11985992.75
2016-09-30,Seychelles,Sub-Saharan Africa,6623351.63
2016-10-31,Seychelles,Sub-Saharan Africa,869699.6
2016-11-30,Seychelles,Sub-Saharan Africa,1488170.67
2016-12-31,Seychelles,Sub-Saharan Africa,5001689.08
2017-01-31,Seychelles,Sub-Saharan Africa,553255.08
2017-02-28,Seychelles,Sub-Saharan Africa,0.0
2017-03-31,Seychelles,Sub-Saharan Africa,5393134.66
2017-04-30,Seychelles,Sub-Saharan Africa,2366025.71
2017-05-31,Seychelles,Sub-Saharan Africa,6840681.470000001
2017-06-30,Seychelles,Sub-Saharan Africa,1877794.28
2010-01-31,Sierra Leone,Sub-Saharan Africa,3210595.8
2010-02-28,Sierra Leone,Sub-Saharan Africa,4597962.1
2010-03-31,Sierra Leone,Sub-Saharan Africa,4433944.27
2010-04-30,Sierra Leone,Sub-Saharan Africa,9105636.36
2010-05-31,Sierra Leone,Sub-Saharan Africa,3179459.0300000003
2010-06-30,Sierra Leone,Sub-Saharan Africa,1006198.6299999999
2010-07-31,Sierra Leone,Sub-Saharan Africa,361137.84
2010-08-31,Sierra Leone,Sub-Saharan Africa,8652968.36
2010-09-30,Sierra Leone,Sub-Saharan Africa,2416659.8
2010-10-31,Sierra Leone,Sub-Saharan Africa,2351717.91
2010-11-30,Sierra Leone,Sub-Saharan Africa,9422888.84
2010-12-31,Sierra Leone,Sub-Saharan Africa,1656095.0799999998
2011-01-31,Sierra Leone,Sub-Saharan Africa,115540.75
2011-02-28,Sierra Leone,Sub-Saharan Africa,5468497.6
2011-03-31,Sierra Leone,Sub-Saharan Africa,2020722.53
2011-04-30,Sierra Leone,Sub-Saharan Africa,135707.0
2011-05-31,Sierra Leone,Sub-Saharan Africa,0.0
2011-06-30,Sierra Leone,Sub-Saharan Africa,2841656.16
2011-07-31,Sierra Leone,Sub-Saharan Africa,2233873.75
2011-08-31,Sierra Leone,Sub-Saharan Africa,9335529.68
2011-09-30,Sierra Leone,Sub-Saharan Africa,13935923.030000001
2011-10-31,Sierra Leone,Sub-Saharan Africa,1065793.21
2011-11-30,Sierra Leone,Sub-Saharan Africa,295965.4
2011-12-31,Sierra Leone,Sub-Saharan Africa,15948743.04
2012-01-31,Sierra Leone,Sub-Saharan Africa,982662.18
2012-02-29,Sierra Leone,Sub-Saharan Africa,2802615.27
2012-03-31,Sierra Leone,Sub-Saharan Africa,5196342.4
2012-04-30,Sierra Leone,Sub-Saharan Africa,5592368.99
2012-05-31,Sierra Leone,Sub-Saharan Africa,12635896.34
2012-06-30,Sierra Leone,Sub-Saharan Africa,2897683.2800000003
2012-07-31,Sierra Leone,Sub-Saharan Africa,7302247.78
2012-08-31,Sierra Leone,Sub-Saharan Africa,139930.64
2012-09-30,Sierra Leone,Sub-Saharan Africa,471624.78
2012-10-31,Sierra Leone,Sub-Saharan Africa,2581625.23
2012-11-30,Sierra Leone,Sub-Saharan Africa,2156799.71
2012-12-31,Sierra Leone,Sub-Saharan Africa,7616216.59
2013-01-31,Sierra Leone,Sub-Saharan Africa,1348847.5099999998
2013-02-28,Sierra Leone,Sub-Saharan Africa,1399754.73
2013-03-31,Sierra Leone,Sub-Saharan Africa,1569696.7
2013-04-30,Sierra Leone,Sub-Saharan Africa,822973.8
2013-05-31,Sierra Leone,Sub-Saharan Africa,4554012.17
2013-06-30,Sierra Leone,Sub-Saharan Africa,1534675.63
2013-07-31,Sierra Leone,Sub-Saharan Africa,0.0
2013-08-31,Sierra Leone,Sub-Saharan Africa,6602092.22
2013-09-30,Sierra Leone,Sub-Saharan Africa,60775.62
2013-10-31,Sierra Leone,Sub-Saharan Africa,73725.66
2013-11-30,Sierra Leone,Sub-Saharan Africa,8314068.09
2013-12-31,Sierra Leone,Sub-Saharan Africa,1122025.33
2014-01-31,Sierra Leone,Sub-Saharan Africa,2523997.8500000006
2014-02-28,Sierra Leone,Sub-Saharan Africa,5471637.0600000005
2014-03-31,Sierra Leone,Sub-Saharan Africa,4017778.6799999997
2014-04-30,Sierra Leone,Sub-Saharan Africa,0.0
2014-05-31,Sierra Leone,Sub-Saharan Africa,6698.94
2014-06-30,Sierra Leone,Sub-Saharan Africa,0.0
2014-07-31,Sierra Leone,Sub-Saharan Africa,3472456.68
2014-08-31,Sierra Leone,Sub-Saharan Africa,7122492.38
2014-09-30,Sierra Leone,Sub-Saharan Africa,8573114.66
2014-10-31,Sierra Leone,Sub-Saharan Africa,6915074.220000001
2014-11-30,Sierra Leone,Sub-Saharan Africa,2994948.85
2014-12-31,Sierra Leone,Sub-Saharan Africa,11473041.6
2015-01-31,Sierra Leone,Sub-Saharan Africa,0.0
2015-02-28,Sierra Leone,Sub-Saharan Africa,4944966.14
2015-03-31,Sierra Leone,Sub-Saharan Africa,3418884.52
2015-04-30,Sierra Leone,Sub-Saharan Africa,3703411.75
2015-05-31,Sierra Leone,Sub-Saharan Africa,8882865.84
2015-06-30,Sierra Leone,Sub-Saharan Africa,7978245.39
2015-07-31,Sierra Leone,Sub-Saharan Africa,2406372.99
2015-08-31,Sierra Leone,Sub-Saharan Africa,4580394.3100000005
2015-09-30,Sierra Leone,Sub-Saharan Africa,348950.46
2015-10-31,Sierra Leone,Sub-Saharan Africa,3595053.71
2015-11-30,Sierra Leone,Sub-Saharan Africa,11320228.38
2015-12-31,Sierra Leone,Sub-Saharan Africa,3172467.64
2016-01-31,Sierra Leone,Sub-Saharan Africa,4398138.88
2016-02-29,Sierra Leone,Sub-Saharan Africa,7688652.08
2016-03-31,Sierra Leone,Sub-Saharan Africa,7290647.9399999995
2016-04-30,Sierra Leone,Sub-Saharan Africa,47722.95
2016-05-31,Sierra Leone,Sub-Saharan Africa,2219712.84
2016-06-30,Sierra Leone,Sub-Saharan Africa,0.0
2016-07-31,Sierra Leone,Sub-Saharan Africa,12968.7
2016-08-31,Sierra Leone,Sub-Saharan Africa,0.0
2016-09-30,Sierra Leone,Sub-Saharan Africa,8145725.749999999
2016-10-31,Sierra Leone,Sub-Saharan Africa,811994.56
2016-11-30,Sierra Leone,Sub-Saharan Africa,2937399.0
2016-12-31,Sierra Leone,Sub-Saharan Africa,3066379.92
2017-01-31,Sierra Leone,Sub-Saharan Africa,754858.28
2017-02-28,Sierra Leone,Sub-Saharan Africa,4526684.359999999
2017-03-31,Sierra Leone,Sub-Saharan Africa,813590.86
2017-04-30,Sierra Leone,Sub-Saharan Africa,9732771.8
2017-05-31,Sierra Leone,Sub-Saharan Africa,5056612.390000001
2017-06-30,Sierra Leone,Sub-Saharan Africa,8234429.960000001
2010-01-31,Singapore,Asia,12647696.36
2010-02-28,Singapore,Asia,11801835.89
2010-03-31,Singapore,Asia,9898694.95
2010-04-30,Singapore,Asia,4127903.79
2010-05-31,Singapore,Asia,1211265.37
2010-06-30,Singapore,Asia,5705143.88
2010-07-31,Singapore,Asia,2401102.4
2010-08-31,Singapore,Asia,3360853.03
2010-09-30,Singapore,Asia,10557659.59
2010-10-31,Singapore,Asia,5539704.55
2010-11-30,Singapore,Asia,4087179.6799999997
2010-12-31,Singapore,Asia,783568.52
2011-01-31,Singapore,Asia,476735.7
2011-02-28,Singapore,Asia,2052777.4
2011-03-31,Singapore,Asia,2346427.23
2011-04-30,Singapore,Asia,2069307.21
2011-05-31,Singapore,Asia,1934784.98
2011-06-30,Singapore,Asia,6606448.46
2011-07-31,Singapore,Asia,3264322.7800000003
2011-08-31,Singapore,Asia,4889666.98
2011-09-30,Singapore,Asia,0.0
2011-10-31,Singapore,Asia,12939527.71
2011-11-30,Singapore,Asia,5816542.18
2011-12-31,Singapore,Asia,2942142.49
2012-01-31,Singapore,Asia,4060772.45
2012-02-29,Singapore,Asia,618490.74
2012-03-31,Singapore,Asia,1241721.53
2012-04-30,Singapore,Asia,7501732.390000001
2012-05-31,Singapore,Asia,1438371.66
2012-06-30,Singapore,Asia,6250454.2299999995
2012-07-31,Singapore,Asia,541934.04
2012-08-31,Singapore,Asia,399724.4
2012-09-30,Singapore,Asia,6399632.2
2012-10-31,Singapore,Asia,3454932.6
2012-11-30,Singapore,Asia,1660370.5
2012-12-31,Singapore,Asia,7106054.19
2013-01-31,Singapore,Asia,8349115.7
2013-02-28,Singapore,Asia,9524754.54
2013-03-31,Singapore,Asia,1691794.59
2013-04-30,Singapore,Asia,813422.8200000001
2013-05-31,Singapore,Asia,3091648.16
2013-06-30,Singapore,Asia,3368572.48
2013-07-31,Singapore,Asia,8467864.34
2013-08-31,Singapore,Asia,384948.3
2013-09-30,Singapore,Asia,0.0
2013-10-31,Singapore,Asia,1002170.4
2013-11-30,Singapore,Asia,7944127.34
2013-12-31,Singapore,Asia,256102.57
2014-01-31,Singapore,Asia,12397584.95
2014-02-28,Singapore,Asia,5114447.33
2014-03-31,Singapore,Asia,7231867.23
2014-04-30,Singapore,Asia,6202090.26
2014-05-31,Singapore,Asia,4934282.84
2014-06-30,Singapore,Asia,4379342.2
2014-07-31,Singapore,Asia,1816464.9
2014-08-31,Singapore,Asia,7921374.91
2014-09-30,Singapore,Asia,3184881.82
2014-10-31,Singapore,Asia,1170991.92
2014-11-30,Singapore,Asia,789430.07
2014-12-31,Singapore,Asia,8489448.99
2015-01-31,Singapore,Asia,570999.61
2015-02-28,Singapore,Asia,1470863.86
2015-03-31,Singapore,Asia,5712054.32
2015-04-30,Singapore,Asia,0.0
2015-05-31,Singapore,Asia,4132756.67
2015-06-30,Singapore,Asia,13388006.66
2015-07-31,Singapore,Asia,0.0
2015-08-31,Singapore,Asia,3982429.58
2015-09-30,Singapore,Asia,5165648.27
2015-10-31,Singapore,Asia,11090115.24
2015-11-30,Singapore,Asia,3541190.65
2015-12-31,Singapore,Asia,3925933.94
2016-01-31,Singapore,Asia,10132112.31
2016-02-29,Singapore,Asia,7414571.76
2016-03-31,Singapore,Asia,7256656.91
2016-04-30,Singapore,Asia,4131174.27
2016-05-31,Singapore,Asia,252229.63
2016-06-30,Singapore,Asia,2272503.44
2016-07-31,Singapore,Asia,2297968.22
2016-08-31,Singapore,Asia,1098173.51
2016-09-30,Singapore,Asia,1411569.75
2016-10-31,Singapore,Asia,12326248.11
2016-11-30,Singapore,Asia,7770094.35
2016-12-31,Singapore,Asia,7460758.26
2017-01-31,Singapore,Asia,42703.41
2017-02-28,Singapore,Asia,3433132.1
2017-03-31,Singapore,Asia,6672542.33
2017-04-30,Singapore,Asia,0.0
2017-05-31,Singapore,Asia,95347.14
2017-06-30,Singapore,Asia,7071401.4399999995
2010-01-31,Slovakia,Europe,4827523.71
2010-02-28,Slovakia,Europe,5234762.46
2010-03-31,Slovakia,Europe,5337472.49
2010-04-30,Slovakia,Europe,174240.57
2010-05-31,Slovakia,Europe,4407271.59
2010-06-30,Slovakia,Europe,4590831.59
2010-07-31,Slovakia,Europe,13278497.26
2010-08-31,Slovakia,Europe,490443.2
2010-09-30,Slovakia,Europe,5747368.6899999995
2010-10-31,Slovakia,Europe,1215841.1400000001
2010-11-30,Slovakia,Europe,1388428.06
2010-12-31,Slovakia,Europe,4555135.53
2011-01-31,Slovakia,Europe,5277996.46
2011-02-28,Slovakia,Europe,840104.97
2011-03-31,Slovakia,Europe,10381.6
2011-04-30,Slovakia,Europe,7311160.82
2011-05-31,Slovakia,Europe,11839415.93
2011-06-30,Slovakia,Europe,3346027.89
2011-07-31,Slovakia,Europe,5179973.239999999
2011-08-31,Slovakia,Europe,351017.88
2011-09-30,Slovakia,Europe,11477379.530000001
2011-10-31,Slovakia,Europe,349145.37
2011-11-30,Slovakia,Europe,9618984.33
2011-12-31,Slovakia,Europe,4121512.98
2012-01-31,Slovakia,Europe,4918987.43
2012-02-29,Slovakia,Europe,1547762.64
2012-03-31,Slovakia,Europe,7899160.99
2012-04-30,Slovakia,Europe,2435944.52
2012-05-31,Slovakia,Europe,698574.9299999999
2012-06-30,Slovakia,Europe,1518917.73
2012-07-31,Slovakia,Europe,4134725.96
2012-08-31,Slovakia,Europe,6027610.63
2012-09-30,Slovakia,Europe,2837533.2800000003
2012-10-31,Slovakia,Europe,3957996.64
2012-11-30,Slovakia,Europe,2899168.6
2012-12-31,Slovakia,Europe,7035524.74
2013-01-31,Slovakia,Europe,1720672.12
2013-02-28,Slovakia,Europe,0.0
2013-03-31,Slovakia,Europe,0.0
2013-04-30,Slovakia,Europe,10281836.08
2013-05-31,Slovakia,Europe,249031.31
2013-06-30,Slovakia,Europe,1623868.62
2013-07-31,Slovakia,Europe,200351.8
2013-08-31,Slovakia,Europe,11074232.28
2013-09-30,Slovakia,Europe,2830003.0500000003
2013-10-31,Slovakia,Europe,919815.65
2013-11-30,Slovakia,Europe,1026313.7999999999
2013-12-31,Slovakia,Europe,6696765.27
2014-01-31,Slovakia,Europe,2643125.54
2014-02-28,Slovakia,Europe,2990082.9299999997
2014-03-31,Slovakia,Europe,1910180.7599999998
2014-04-30,Slovakia,Europe,5824282.4
2014-05-31,Slovakia,Europe,6040983.59
2014-06-30,Slovakia,Europe,183808.96
2014-07-31,Slovakia,Europe,11958263.31
2014-08-31,Slovakia,Europe,2701207.98
2014-09-30,Slovakia,Europe,0.0
2014-10-31,Slovakia,Europe,105718.23000000001
2014-11-30,Slovakia,Europe,24845.79
2014-12-31,Slovakia,Europe,7022482.14
2015-01-31,Slovakia,Europe,2258303.58
2015-02-28,Slovakia,Europe,7891764.09
2015-03-31,Slovakia,Europe,4092333.0
2015-04-30,Slovakia,Europe,2305635.14
2015-05-31,Slovakia,Europe,455187.85
2015-06-30,Slovakia,Europe,6908947.4399999995
2015-07-31,Slovakia,Europe,219715.2
2015-08-31,Slovakia,Europe,3838954.3699999996
2015-09-30,Slovakia,Europe,7270289.239999999
2015-10-31,Slovakia,Europe,2806130.9499999997
2015-11-30,Slovakia,Europe,2078933.23
2015-12-31,Slovakia,Europe,10817186.83
2016-01-31,Slovakia,Europe,12918395.03
2016-02-29,Slovakia,Europe,942120.92
2016-03-31,Slovakia,Europe,174521.1
2016-04-30,Slovakia,Europe,1495850.4000000001
2016-05-31,Slovakia,Europe,6389168.46
2016-06-30,Slovakia,Europe,535698.74
2016-07-31,Slovakia,Europe,6779890.720000001
2016-08-31,Slovakia,Europe,386019.80000000005
2016-09-30,Slovakia,Europe,5198340.29
2016-10-31,Slovakia,Europe,5483164.1
2016-11-30,Slovakia,Europe,3003848.36
2016-12-31,Slovakia,Europe,242103.31
2017-01-31,Slovakia,Europe,3051264.16
2017-02-28,Slovakia,Europe,3088910.0
2017-03-31,Slovakia,Europe,2648109.82
2017-04-30,Slovakia,Europe,3728663.82
2017-05-31,Slovakia,Europe,5221941.97
2017-06-30,Slovakia,Europe,1346512.2
2010-02-28,Slovenia,Europe,3259027.31
2010-03-31,Slovenia,Europe,7033719.73
2010-04-30,Slovenia,Europe,6101846.78
2010-05-31,Slovenia,Europe,3370559.95
2010-06-30,Slovenia,Europe,5803004.4
2010-07-31,Slovenia,Europe,2649516.38
2010-08-31,Slovenia,Europe,2835394.96
2010-09-30,Slovenia,Europe,4482971.4399999995
2010-10-31,Slovenia,Europe,3135379.89
2010-11-30,Slovenia,Europe,5876695.19
2010-12-31,Slovenia,Europe,9251655.209999999
2011-01-31,Slovenia,Europe,3390650.91
2011-02-28,Slovenia,Europe,787482.63
2011-03-31,Slovenia,Europe,1389840.7599999998
2011-04-30,Slovenia,Europe,3123977.5300000003
2011-05-31,Slovenia,Europe,3775263.45
2011-06-30,Slovenia,Europe,332577.05
2011-07-31,Slovenia,Europe,3093829.68
2011-08-31,Slovenia,Europe,1611327.36
2011-09-30,Slovenia,Europe,90012.65
2011-10-31,Slovenia,Europe,8218618.6899999995
2011-11-30,Slovenia,Europe,9508858.950000001
2011-12-31,Slovenia,Europe,3558952.86
2012-01-31,Slovenia,Europe,2245387.2
2012-02-29,Slovenia,Europe,7105037.75
2012-03-31,Slovenia,Europe,2285699.85
2012-04-30,Slovenia,Europe,5748970.68
2012-05-31,Slovenia,Europe,3665704.4
2012-06-30,Slovenia,Europe,6684729.960000001
2012-07-31,Slovenia,Europe,3241926.0100000002
2012-08-31,Slovenia,Europe,5318865.11
2012-09-30,Slovenia,Europe,4534442.78
2012-10-31,Slovenia,Europe,4369252.52
2012-11-30,Slovenia,Europe,10472967.360000001
2012-12-31,Slovenia,Europe,6759940.279999999
2013-01-31,Slovenia,Europe,166169.9
2013-02-28,Slovenia,Europe,0.0
2013-03-31,Slovenia,Europe,0.0
2013-04-30,Slovenia,Europe,42152.94
2013-05-31,Slovenia,Europe,9918369.21
2013-06-30,Slovenia,Europe,0.0
2013-07-31,Slovenia,Europe,3163585.28
2013-08-31,Slovenia,Europe,56388.48
2013-09-30,Slovenia,Europe,5272985.3
2013-10-31,Slovenia,Europe,116662.96
2013-11-30,Slovenia,Europe,602350.1
2013-12-31,Slovenia,Europe,8349713.279999999
2014-01-31,Slovenia,Europe,12178509.57
2014-02-28,Slovenia,Europe,3519507.92
2014-03-31,Slovenia,Europe,2646172.8600000003
2014-04-30,Slovenia,Europe,636493.9
2014-05-31,Slovenia,Europe,740800.72
2014-06-30,Slovenia,Europe,2843181.62
2014-07-31,Slovenia,Europe,6689373.77
2014-08-31,Slovenia,Europe,7855551.15
2014-09-30,Slovenia,Europe,2262334.93
2014-10-31,Slovenia,Europe,298568.28
2014-11-30,Slovenia,Europe,1714694.56
2014-12-31,Slovenia,Europe,0.0
2015-01-31,Slovenia,Europe,0.0
2015-02-28,Slovenia,Europe,2300523.5700000003
2015-03-31,Slovenia,Europe,8411855.27
2015-04-30,Slovenia,Europe,7991698.74
2015-05-31,Slovenia,Europe,1700420.08
2015-06-30,Slovenia,Europe,4094743.9299999997
2015-07-31,Slovenia,Europe,9699072.11
2015-08-31,Slovenia,Europe,6761554.86
2015-09-30,Slovenia,Europe,0.0
2015-10-31,Slovenia,Europe,4915812.03
2015-11-30,Slovenia,Europe,941571.18
2015-12-31,Slovenia,Europe,686420.9
2016-01-31,Slovenia,Europe,7203089.12
2016-02-29,Slovenia,Europe,12866123.47
2016-03-31,Slovenia,Europe,147767.84
2016-04-30,Slovenia,Europe,7928338.13
2016-05-31,Slovenia,Europe,16654.05
2016-06-30,Slovenia,Europe,1371236.46
2016-07-31,Slovenia,Europe,649838.22
2016-08-31,Slovenia,Europe,2864691.57
2016-09-30,Slovenia,Europe,1235345.37
2016-10-31,Slovenia,Europe,1997003.1600000001
2016-11-30,Slovenia,Europe,7374828.8
2016-12-31,Slovenia,Europe,2155839.02
2017-01-31,Slovenia,Europe,9277934.91
2017-02-28,Slovenia,Europe,58126.25
2017-03-31,Slovenia,Europe,1914251.0999999999
2017-04-30,Slovenia,Europe,6343205.96
2017-05-31,Slovenia,Europe,5672062.050000001
2017-06-30,Slovenia,Europe,5898559.21
2010-01-31,Solomon Islands,Australia and Oceania,1393573.52
2010-02-28,Solomon Islands,Australia and Oceania,4452674.98
2010-03-31,Solomon Islands,Australia and Oceania,867441.44
2010-04-30,Solomon Islands,Australia and Oceania,54440.55
2010-05-31,Solomon Islands,Australia and Oceania,1425037.86
2010-06-30,Solomon Islands,Australia and Oceania,3054145.55
2010-07-31,Solomon Islands,Australia and Oceania,674304.03
2010-08-31,Solomon Islands,Australia and Oceania,4856623.390000001
2010-09-30,Solomon Islands,Australia and Oceania,0.0
2010-10-31,Solomon Islands,Australia and Oceania,964224.99
2010-11-30,Solomon Islands,Australia and Oceania,4151333.38
2010-12-31,Solomon Islands,Australia and Oceania,2259410.76
2011-01-31,Solomon Islands,Australia and Oceania,2830970.74
2011-02-28,Solomon Islands,Australia and Oceania,25955.15
2011-03-31,Solomon Islands,Australia and Oceania,0.0
2011-04-30,Solomon Islands,Australia and Oceania,10311476.049999999
2011-05-31,Solomon Islands,Australia and Oceania,4834817.970000001
2011-06-30,Solomon Islands,Australia and Oceania,472664.22
2011-07-31,Solomon Islands,Australia and Oceania,1568792.22
2011-08-31,Solomon Islands,Australia and Oceania,2131010.04
2011-09-30,Solomon Islands,Australia and Oceania,53875.04
2011-10-31,Solomon Islands,Australia and Oceania,3208158.8899999997
2011-11-30,Solomon Islands,Australia and Oceania,12527220.46
2011-12-31,Solomon Islands,Australia and Oceania,0.0
2012-01-31,Solomon Islands,Australia and Oceania,942433.66
2012-02-29,Solomon Islands,Australia and Oceania,10199251.02
2012-03-31,Solomon Islands,Australia and Oceania,5977915.66
2012-04-30,Solomon Islands,Australia and Oceania,5486218.03
2012-05-31,Solomon Islands,Australia and Oceania,6334074.08
2012-06-30,Solomon Islands,Australia and Oceania,75825.1
2012-07-31,Solomon Islands,Australia and Oceania,1583799.9
2012-08-31,Solomon Islands,Australia and Oceania,4929586.9
2012-09-30,Solomon Islands,Australia and Oceania,6629747.59
2012-10-31,Solomon Islands,Australia and Oceania,5050068.15
2012-11-30,Solomon Islands,Australia and Oceania,1496097.52
2012-12-31,Solomon Islands,Australia and Oceania,8393261.27
2013-01-31,Solomon Islands,Australia and Oceania,2544213.1999999997
2013-02-28,Solomon Islands,Australia and Oceania,4473123.98
2013-03-31,Solomon Islands,Australia and Oceania,2178605.68
2013-04-30,Solomon Islands,Australia and Oceania,2032692.9
2013-05-31,Solomon Islands,Australia and Oceania,5690947.55
2013-06-30,Solomon Islands,Australia and Oceania,4264395.19
2013-07-31,Solomon Islands,Australia and Oceania,10014935.06
2013-08-31,Solomon Islands,Australia and Oceania,11161114.08
2013-09-30,Solomon Islands,Australia and Oceania,3931216.6
2013-10-31,Solomon Islands,Australia and Oceania,4001887.77
2013-11-30,Solomon Islands,Australia and Oceania,3449836.33
2013-12-31,Solomon Islands,Australia and Oceania,3924800.22
2014-01-31,Solomon Islands,Australia and Oceania,6983222.0
2014-02-28,Solomon Islands,Australia and Oceania,1032818.24
2014-03-31,Solomon Islands,Australia and Oceania,505607.83
2014-04-30,Solomon Islands,Australia and Oceania,4628385.16
2014-05-31,Solomon Islands,Australia and Oceania,16720645.68
2014-06-30,Solomon Islands,Australia and Oceania,3540656.93
2014-07-31,Solomon Islands,Australia and Oceania,1795019.42
2014-08-31,Solomon Islands,Australia and Oceania,921667.52
2014-09-30,Solomon Islands,Australia and Oceania,1219847.08
2014-10-31,Solomon Islands,Australia and Oceania,939502.92
2014-11-30,Solomon Islands,Australia and Oceania,11557123.77
2014-12-31,Solomon Islands,Australia and Oceania,5795988.85
2015-01-31,Solomon Islands,Australia and Oceania,8614286.85
2015-02-28,Solomon Islands,Australia and Oceania,2072383.31
2015-03-31,Solomon Islands,Australia and Oceania,6246208.57
2015-04-30,Solomon Islands,Australia and Oceania,661195.7
2015-05-31,Solomon Islands,Australia and Oceania,5744277.4
2015-06-30,Solomon Islands,Australia and Oceania,607552.75
2015-07-31,Solomon Islands,Australia and Oceania,1155266.74
2015-08-31,Solomon Islands,Australia and Oceania,1144587.57
2015-09-30,Solomon Islands,Australia and Oceania,2034845.76
2015-10-31,Solomon Islands,Australia and Oceania,7230699.850000001
2015-11-30,Solomon Islands,Australia and Oceania,6976993.1
2015-12-31,Solomon Islands,Australia and Oceania,0.0
2016-01-31,Solomon Islands,Australia and Oceania,1859269.23
2016-02-29,Solomon Islands,Australia and Oceania,15440810.26
2016-03-31,Solomon Islands,Australia and Oceania,4031603.8
2016-04-30,Solomon Islands,Australia and Oceania,12038059.63
2016-05-31,Solomon Islands,Australia and Oceania,0.0
2016-06-30,Solomon Islands,Australia and Oceania,8004855.92
2016-07-31,Solomon Islands,Australia and Oceania,6747723.56
2016-08-31,Solomon Islands,Australia and Oceania,1191148.55
2016-09-30,Solomon Islands,Australia and Oceania,2963547.14
2016-10-31,Solomon Islands,Australia and Oceania,4362027.58
2016-11-30,Solomon Islands,Australia and Oceania,395614.07999999996
2016-12-31,Solomon Islands,Australia and Oceania,0.0
2017-01-31,Solomon Islands,Australia and Oceania,1965182.78
2017-02-28,Solomon Islands,Australia and Oceania,4519846.77
2017-03-31,Solomon Islands,Australia and Oceania,1366048.74
2017-04-30,Solomon Islands,Australia and Oceania,3733308.9000000004
2017-05-31,Solomon Islands,Australia and Oceania,1910491.67
2017-06-30,Solomon Islands,Australia and Oceania,1853686.67
2010-01-31,Somalia,Middle East and North Africa,287396.50999999995
2010-02-28,Somalia,Middle East and North Africa,3784355.4000000004
2010-03-31,Somalia,Middle East and North Africa,0.0
2010-04-30,Somalia,Middle East and North Africa,3772569.44
2010-05-31,Somalia,Middle East and North Africa,2735938.2199999997
2010-06-30,Somalia,Middle East and North Africa,1478724.45
2010-07-31,Somalia,Middle East and North Africa,3116218.02
2010-08-31,Somalia,Middle East and North Africa,1455155.46
2010-09-30,Somalia,Middle East and North Africa,1502067.52
2010-10-31,Somalia,Middle East and North Africa,8801572.84
2010-11-30,Somalia,Middle East and North Africa,6762852.12
2010-12-31,Somalia,Middle East and North Africa,6245506.93
2011-01-31,Somalia,Middle East and North Africa,3457349.04
2011-02-28,Somalia,Middle East and North Africa,10212370.29
2011-03-31,Somalia,Middle East and North Africa,0.0
2011-04-30,Somalia,Middle East and North Africa,3166126.92
2011-05-31,Somalia,Middle East and North Africa,2820492.2600000002
2011-06-30,Somalia,Middle East and North Africa,1888760.41
2011-07-31,Somalia,Middle East and North Africa,4252269.4
2011-08-31,Somalia,Middle East and North Africa,2706430.66
2011-09-30,Somalia,Middle East and North Africa,4172584.97
2011-10-31,Somalia,Middle East and North Africa,1102398.57
2011-11-30,Somalia,Middle East and North Africa,13658379.82
2011-12-31,Somalia,Middle East and North Africa,12685512.91
2012-01-31,Somalia,Middle East and North Africa,675398.52
2012-02-29,Somalia,Middle East and North Africa,3777774.4899999998
2012-03-31,Somalia,Middle East and North Africa,3696538.51
2012-04-30,Somalia,Middle East and North Africa,7260243.699999999
2012-05-31,Somalia,Middle East and North Africa,1385661.42
2012-06-30,Somalia,Middle East and North Africa,1264697.61
2012-07-31,Somalia,Middle East and North Africa,18397388.33
2012-08-31,Somalia,Middle East and North Africa,2199253.6799999997
2012-09-30,Somalia,Middle East and North Africa,9343258.7
2012-10-31,Somalia,Middle East and North Africa,6154379.45
2012-11-30,Somalia,Middle East and North Africa,1909477.29
2012-12-31,Somalia,Middle East and North Africa,13110368.23
2013-01-31,Somalia,Middle East and North Africa,654351.39
2013-02-28,Somalia,Middle East and North Africa,11612325.870000001
2013-03-31,Somalia,Middle East and North Africa,10675796.82
2013-04-30,Somalia,Middle East and North Africa,8900076.23
2013-05-31,Somalia,Middle East and North Africa,2233183.87
2013-06-30,Somalia,Middle East and North Africa,532768.09
2013-07-31,Somalia,Middle East and North Africa,288717.76
2013-08-31,Somalia,Middle East and North Africa,6602507.6
2013-09-30,Somalia,Middle East and North Africa,0.0
2013-10-31,Somalia,Middle East and North Africa,5165253.2
2013-11-30,Somalia,Middle East and North Africa,1822387.38
2013-12-31,Somalia,Middle East and North Africa,1011326.28
2014-01-31,Somalia,Middle East and North Africa,841085.04
2014-02-28,Somalia,Middle East and North Africa,4874725.7
2014-03-31,Somalia,Middle East and North Africa,0.0
2014-04-30,Somalia,Middle East and North Africa,1046190.2
2014-05-31,Somalia,Middle East and North Africa,5221475.92
2014-06-30,Somalia,Middle East and North Africa,0.0
2014-07-31,Somalia,Middle East and North Africa,9811587.55
2014-08-31,Somalia,Middle East and North Africa,5283596.01
2014-09-30,Somalia,Middle East and North Africa,237487.25
2014-10-31,Somalia,Middle East and North Africa,5293247.01
2014-11-30,Somalia,Middle East and North Africa,3636054.5
2014-12-31,Somalia,Middle East and North Africa,4959032.22
2015-01-31,Somalia,Middle East and North Africa,4397739.77
2015-02-28,Somalia,Middle East and North Africa,8030314.89
2015-03-31,Somalia,Middle East and North Africa,3730465.83
2015-04-30,Somalia,Middle East and North Africa,989765.94
2015-05-31,Somalia,Middle East and North Africa,903728.4400000001
2015-06-30,Somalia,Middle East and North Africa,4948881.73
2015-07-31,Somalia,Middle East and North Africa,690204.4400000001
2015-08-31,Somalia,Middle East and North Africa,1365754.26
2015-09-30,Somalia,Middle East and North Africa,1194282.06
2015-10-31,Somalia,Middle East and North Africa,229497.84
2015-11-30,Somalia,Middle East and North Africa,61303.66
2015-12-31,Somalia,Middle East and North Africa,6214331.4799999995
2016-01-31,Somalia,Middle East and North Africa,6373642.819999999
2016-02-29,Somalia,Middle East and North Africa,2268359.26
2016-03-31,Somalia,Middle East and North Africa,3992909.28
2016-04-30,Somalia,Middle East and North Africa,4406218.6
2016-05-31,Somalia,Middle East and North Africa,618369.18
2016-06-30,Somalia,Middle East and North Africa,2970704.6799999997
2016-07-31,Somalia,Middle East and North Africa,1381267.86
2016-08-31,Somalia,Middle East and North Africa,952716.1100000001
2016-09-30,Somalia,Middle East and North Africa,5181319.55
2016-10-31,Somalia,Middle East and North Africa,2893518.83
2016-11-30,Somalia,Middle East and North Africa,2120557.02
2016-12-31,Somalia,Middle East and North Africa,10115490.7
2017-01-31,Somalia,Middle East and North Africa,7071738.71
2017-02-28,Somalia,Middle East and North Africa,2281281.18
2017-03-31,Somalia,Middle East and North Africa,5372685.93
2017-04-30,Somalia,Middle East and North Africa,0.0
2017-05-31,Somalia,Middle East and North Africa,363467.0
2017-06-30,Somalia,Middle East and North Africa,533024.64
2010-01-31,South Africa,Sub-Saharan Africa,117945.98
2010-02-28,South Africa,Sub-Saharan Africa,6254220.84
2010-03-31,South Africa,Sub-Saharan Africa,2915614.15
2010-04-30,South Africa,Sub-Saharan Africa,2670498.8600000003
2010-05-31,South Africa,Sub-Saharan Africa,6615774.71
2010-06-30,South Africa,Sub-Saharan Africa,737845.9
2010-07-31,South Africa,Sub-Saharan Africa,628520.47
2010-08-31,South Africa,Sub-Saharan Africa,351177.45
2010-09-30,South Africa,Sub-Saharan Africa,5004875.47
2010-10-31,South Africa,Sub-Saharan Africa,4946039.1
2010-11-30,South Africa,Sub-Saharan Africa,7436081.05
2010-12-31,South Africa,Sub-Saharan Africa,4916861.31
2011-01-31,South Africa,Sub-Saharan Africa,183238.66
2011-02-28,South Africa,Sub-Saharan Africa,1617318.08
2011-03-31,South Africa,Sub-Saharan Africa,10187848.71
2011-04-30,South Africa,Sub-Saharan Africa,3843251.48
2011-05-31,South Africa,Sub-Saharan Africa,1840476.96
2011-06-30,South Africa,Sub-Saharan Africa,4669498.17
2011-07-31,South Africa,Sub-Saharan Africa,785469.39
2011-08-31,South Africa,Sub-Saharan Africa,5943585.62
2011-09-30,South Africa,Sub-Saharan Africa,3897005.01
2011-10-31,South Africa,Sub-Saharan Africa,7179449.91
2011-11-30,South Africa,Sub-Saharan Africa,5646861.27
2011-12-31,South Africa,Sub-Saharan Africa,237109.53
2012-01-31,South Africa,Sub-Saharan Africa,11787632.96
2012-02-29,South Africa,Sub-Saharan Africa,6140428.38
2012-03-31,South Africa,Sub-Saharan Africa,7331536.81
2012-04-30,South Africa,Sub-Saharan Africa,6878222.61
2012-05-31,South Africa,Sub-Saharan Africa,7169906.74
2012-06-30,South Africa,Sub-Saharan Africa,2009685.2
2012-07-31,South Africa,Sub-Saharan Africa,3028296.2199999997
2012-08-31,South Africa,Sub-Saharan Africa,929622.8400000001
2012-09-30,South Africa,Sub-Saharan Africa,4912173.96
2012-10-31,South Africa,Sub-Saharan Africa,1337244.0699999998
2012-11-30,South Africa,Sub-Saharan Africa,4145947.08
2012-12-31,South Africa,Sub-Saharan Africa,0.0
2013-01-31,South Africa,Sub-Saharan Africa,4075983.85
2013-02-28,South Africa,Sub-Saharan Africa,1831055.56
2013-03-31,South Africa,Sub-Saharan Africa,2484211.35
2013-04-30,South Africa,Sub-Saharan Africa,3478722.21
2013-05-31,South Africa,Sub-Saharan Africa,10814777.83
2013-06-30,South Africa,Sub-Saharan Africa,2096546.25
2013-07-31,South Africa,Sub-Saharan Africa,8670911.39
2013-08-31,South Africa,Sub-Saharan Africa,9857303.75
2013-09-30,South Africa,Sub-Saharan Africa,3750376.9200000004
2013-10-31,South Africa,Sub-Saharan Africa,91947.9
2013-11-30,South Africa,Sub-Saharan Africa,6347658.48
2013-12-31,South Africa,Sub-Saharan Africa,41453.19
2014-01-31,South Africa,Sub-Saharan Africa,1202386.5
2014-02-28,South Africa,Sub-Saharan Africa,7544574.58
2014-03-31,South Africa,Sub-Saharan Africa,5699849.85
2014-04-30,South Africa,Sub-Saharan Africa,4630917.45
2014-05-31,South Africa,Sub-Saharan Africa,7506409.039999999
2014-06-30,South Africa,Sub-Saharan Africa,1223825.8199999998
2014-07-31,South Africa,Sub-Saharan Africa,4750438.74
2014-08-31,South Africa,Sub-Saharan Africa,1489729.4600000002
2014-09-30,South Africa,Sub-Saharan Africa,6172805.06
2014-10-31,South Africa,Sub-Saharan Africa,5971812.85
2014-11-30,South Africa,Sub-Saharan Africa,2293400.03
2014-12-31,South Africa,Sub-Saharan Africa,17638887.25
2015-01-31,South Africa,Sub-Saharan Africa,721706.46
2015-02-28,South Africa,Sub-Saharan Africa,977230.92
2015-03-31,South Africa,Sub-Saharan Africa,5111947.71
2015-04-30,South Africa,Sub-Saharan Africa,4295150.069999999
2015-05-31,South Africa,Sub-Saharan Africa,78474.63
2015-06-30,South Africa,Sub-Saharan Africa,6813932.11
2015-07-31,South Africa,Sub-Saharan Africa,3353677.69
2015-08-31,South Africa,Sub-Saharan Africa,1585459.32
2015-09-30,South Africa,Sub-Saharan Africa,4333228.149999999
2015-10-31,South Africa,Sub-Saharan Africa,8092786.61
2015-11-30,South Africa,Sub-Saharan Africa,2391836.6100000003
2015-12-31,South Africa,Sub-Saharan Africa,1936167.63
2016-01-31,South Africa,Sub-Saharan Africa,9773918.620000001
2016-02-29,South Africa,Sub-Saharan Africa,2653112.5
2016-03-31,South Africa,Sub-Saharan Africa,5246388.8
2016-04-30,South Africa,Sub-Saharan Africa,3222510.77
2016-05-31,South Africa,Sub-Saharan Africa,5116506.6
2016-06-30,South Africa,Sub-Saharan Africa,548996.11
2016-07-31,South Africa,Sub-Saharan Africa,1157833.0
2016-08-31,South Africa,Sub-Saharan Africa,7965134.19
2016-09-30,South Africa,Sub-Saharan Africa,8285702.57
2016-10-31,South Africa,Sub-Saharan Africa,3108759.9
2016-11-30,South Africa,Sub-Saharan Africa,2884567.65
2016-12-31,South Africa,Sub-Saharan Africa,5249518.16
2017-01-31,South Africa,Sub-Saharan Africa,1025366.56
2017-02-28,South Africa,Sub-Saharan Africa,4495012.9799999995
2017-03-31,South Africa,Sub-Saharan Africa,741107.64
2017-04-30,South Africa,Sub-Saharan Africa,2931876.92
2017-05-31,South Africa,Sub-Saharan Africa,15851.67
2017-06-30,South Africa,Sub-Saharan Africa,1563799.49
2010-01-31,South Korea,Asia,2226964.16
2010-02-28,South Korea,Asia,407967.63
2010-03-31,South Korea,Asia,7095028.86
2010-04-30,South Korea,Asia,346445.82999999996
2010-05-31,South Korea,Asia,5877351.38
2010-06-30,South Korea,Asia,1051225.42
2010-07-31,South Korea,Asia,1373662.1099999999
2010-08-31,South Korea,Asia,4359643.399999999
2010-09-30,South Korea,Asia,4718822.23
2010-10-31,South Korea,Asia,1650456.29
2010-11-30,South Korea,Asia,7024537.21
2010-12-31,South Korea,Asia,3526561.04
2011-01-31,South Korea,Asia,2553732.84
2011-02-28,South Korea,Asia,9258386.49
2011-03-31,South Korea,Asia,3871512.88
2011-04-30,South Korea,Asia,6019205.65
2011-05-31,South Korea,Asia,1836031.92
2011-06-30,South Korea,Asia,8118894.7
2011-07-31,South Korea,Asia,1278248.1600000001
2011-08-31,South Korea,Asia,512009.79
2011-09-30,South Korea,Asia,9038812.54
2011-10-31,South Korea,Asia,4703170.29
2011-11-30,South Korea,Asia,3073586.9
2011-12-31,South Korea,Asia,2427306.68
2012-01-31,South Korea,Asia,6054299.37
2012-02-29,South Korea,Asia,421640.69999999995
2012-03-31,South Korea,Asia,1934679.0599999998
2012-04-30,South Korea,Asia,14214771.52
2012-05-31,South Korea,Asia,14958779.51
2012-06-30,South Korea,Asia,0.0
2012-07-31,South Korea,Asia,7122233.33
2012-08-31,South Korea,Asia,1521724.08
2012-09-30,South Korea,Asia,1962941.7
2012-10-31,South Korea,Asia,724945.1
2012-11-30,South Korea,Asia,6769372.99
2012-12-31,South Korea,Asia,11445357.33
2013-01-31,South Korea,Asia,3194205.8600000003
2013-02-28,South Korea,Asia,6273105.93
2013-03-31,South Korea,Asia,3672261.44
2013-04-30,South Korea,Asia,163045.76
2013-05-31,South Korea,Asia,6103567.12
2013-06-30,South Korea,Asia,5242813.18
2013-07-31,South Korea,Asia,1321064.5
2013-08-31,South Korea,Asia,4248278.899999999
2013-09-30,South Korea,Asia,5782112.15
2013-10-31,South Korea,Asia,1685103.12
2013-11-30,South Korea,Asia,5070992.33
2013-12-31,South Korea,Asia,4331797.74
2014-01-31,South Korea,Asia,3375839.05
2014-02-28,South Korea,Asia,2363272.08
2014-03-31,South Korea,Asia,3647417.66
2014-04-30,South Korea,Asia,7513193.960000001
2014-05-31,South Korea,Asia,9741801.82
2014-06-30,South Korea,Asia,4030693.64
2014-07-31,South Korea,Asia,1877484.59
2014-08-31,South Korea,Asia,1713134.53
2014-09-30,South Korea,Asia,7056979.97
2014-10-31,South Korea,Asia,4751059.15
2014-11-30,South Korea,Asia,3864009.47
2014-12-31,South Korea,Asia,2223997.46
2015-01-31,South Korea,Asia,11614243.33
2015-02-28,South Korea,Asia,6390738.41
2015-03-31,South Korea,Asia,2326999.12
2015-04-30,South Korea,Asia,763354.1699999999
2015-05-31,South Korea,Asia,4195132.16
2015-06-30,South Korea,Asia,622237.63
2015-07-31,South Korea,Asia,3490638.7
2015-08-31,South Korea,Asia,6733133.39
2015-09-30,South Korea,Asia,2644629.29
2015-10-31,South Korea,Asia,5038583.9
2015-11-30,South Korea,Asia,3890024.75
2015-12-31,South Korea,Asia,2473920.42
2016-01-31,South Korea,Asia,72497.44
2016-02-29,South Korea,Asia,3578125.09
2016-03-31,South Korea,Asia,2256318.9299999997
2016-04-30,South Korea,Asia,2746432.21
2016-05-31,South Korea,Asia,9950499.83
2016-06-30,South Korea,Asia,1323842.87
2016-07-31,South Korea,Asia,3948559.71
2016-08-31,South Korea,Asia,6268048.62
2016-09-30,South Korea,Asia,3388891.32
2016-10-31,South Korea,Asia,4593530.39
2016-11-30,South Korea,Asia,3244685.27
2016-12-31,South Korea,Asia,92245.71
2017-01-31,South Korea,Asia,3561166.49
2017-02-28,South Korea,Asia,3895899.67
2017-03-31,South Korea,Asia,10559737.219999999
2017-04-30,South Korea,Asia,5938287.680000001
2017-05-31,South Korea,Asia,9754539.54
2017-06-30,South Korea,Asia,7158508.24
2010-01-31,South Sudan,Sub-Saharan Africa,4660309.109999999
2010-02-28,South Sudan,Sub-Saharan Africa,1596653.43
2010-03-31,South Sudan,Sub-Saharan Africa,2712449.78
2010-04-30,South Sudan,Sub-Saharan Africa,6247604.25
2010-05-31,South Sudan,Sub-Saharan Africa,2406149.67
2010-06-30,South Sudan,Sub-Saharan Africa,3504493.15
2010-07-31,South Sudan,Sub-Saharan Africa,3965656.0
2010-08-31,South Sudan,Sub-Saharan Africa,1237728.96
2010-09-30,South Sudan,Sub-Saharan Africa,2773061.94
2010-10-31,South Sudan,Sub-Saharan Africa,1836229.38
2010-11-30,South Sudan,Sub-Saharan Africa,1507561.02
2010-12-31,South Sudan,Sub-Saharan Africa,4710020.15
2011-01-31,South Sudan,Sub-Saharan Africa,4424547.14
2011-02-28,South Sudan,Sub-Saharan Africa,2778343.33
2011-03-31,South Sudan,Sub-Saharan Africa,1837248.37
2011-04-30,South Sudan,Sub-Saharan Africa,461590.8
2011-05-31,South Sudan,Sub-Saharan Africa,785708.1000000001
2011-06-30,South Sudan,Sub-Saharan Africa,150955.31
2011-07-31,South Sudan,Sub-Saharan Africa,1441556.56
2011-08-31,South Sudan,Sub-Saharan Africa,0.0
2011-09-30,South Sudan,Sub-Saharan Africa,5616784.9799999995
2011-10-31,South Sudan,Sub-Saharan Africa,7455060.27
2011-11-30,South Sudan,Sub-Saharan Africa,3305546.3
2011-12-31,South Sudan,Sub-Saharan Africa,6892501.67
2012-01-31,South Sudan,Sub-Saharan Africa,4480813.53
2012-02-29,South Sudan,Sub-Saharan Africa,9090423.59
2012-03-31,South Sudan,Sub-Saharan Africa,6770530.09
2012-04-30,South Sudan,Sub-Saharan Africa,2722279.2199999997
2012-05-31,South Sudan,Sub-Saharan Africa,14263345.57
2012-06-30,South Sudan,Sub-Saharan Africa,0.0
2012-07-31,South Sudan,Sub-Saharan Africa,9915500.7
2012-08-31,South Sudan,Sub-Saharan Africa,2110165.3600000003
2012-09-30,South Sudan,Sub-Saharan Africa,363561.9
2012-10-31,South Sudan,Sub-Saharan Africa,3660059.38
2012-11-30,South Sudan,Sub-Saharan Africa,1809848.1400000001
2012-12-31,South Sudan,Sub-Saharan Africa,1117552.23
2013-01-31,South Sudan,Sub-Saharan Africa,1983533.0
2013-02-28,South Sudan,Sub-Saharan Africa,8404857.59
2013-03-31,South Sudan,Sub-Saharan Africa,2249324.9699999997
2013-04-30,South Sudan,Sub-Saharan Africa,5819322.07
2013-05-31,South Sudan,Sub-Saharan Africa,8420269.26
2013-06-30,South Sudan,Sub-Saharan Africa,3746542.5799999996
2013-07-31,South Sudan,Sub-Saharan Africa,5625874.01
2013-08-31,South Sudan,Sub-Saharan Africa,15519970.41
2013-09-30,South Sudan,Sub-Saharan Africa,749320.79
2013-10-31,South Sudan,Sub-Saharan Africa,5707072.04
2013-11-30,South Sudan,Sub-Saharan Africa,1579259.0300000003
2013-12-31,South Sudan,Sub-Saharan Africa,5084880.779999999
2014-01-31,South Sudan,Sub-Saharan Africa,4061203.8200000003
2014-02-28,South Sudan,Sub-Saharan Africa,3788032.66
2014-03-31,South Sudan,Sub-Saharan Africa,35034.15
2014-04-30,South Sudan,Sub-Saharan Africa,1638823.54
2014-05-31,South Sudan,Sub-Saharan Africa,4022719.65
2014-06-30,South Sudan,Sub-Saharan Africa,1368669.04
2014-07-31,South Sudan,Sub-Saharan Africa,2340799.26
2014-08-31,South Sudan,Sub-Saharan Africa,10211932.870000001
2014-09-30,South Sudan,Sub-Saharan Africa,6676917.13
2014-10-31,South Sudan,Sub-Saharan Africa,4624790.4399999995
2014-11-30,South Sudan,Sub-Saharan Africa,0.0
2014-12-31,South Sudan,Sub-Saharan Africa,3956297.45
2015-01-31,South Sudan,Sub-Saharan Africa,8263923.59
2015-02-28,South Sudan,Sub-Saharan Africa,2822992.98
2015-03-31,South Sudan,Sub-Saharan Africa,4194062.52
2015-04-30,South Sudan,Sub-Saharan Africa,874588.56
2015-05-31,South Sudan,Sub-Saharan Africa,9170340.05
2015-06-30,South Sudan,Sub-Saharan Africa,9174328.25
2015-07-31,South Sudan,Sub-Saharan Africa,5901452.98
2015-08-31,South Sudan,Sub-Saharan Africa,10312657.02
2015-09-30,South Sudan,Sub-Saharan Africa,1858221.42
2015-10-31,South Sudan,Sub-Saharan Africa,2750189.75
2015-11-30,South Sudan,Sub-Saharan Africa,3246542.13
2015-12-31,South Sudan,Sub-Saharan Africa,11774359.23
2016-01-31,South Sudan,Sub-Saharan Africa,5559451.64
2016-02-29,South Sudan,Sub-Saharan Africa,8461598.28
2016-03-31,South Sudan,Sub-Saharan Africa,7124182.73
2016-04-30,South Sudan,Sub-Saharan Africa,7461941.92
2016-05-31,South Sudan,Sub-Saharan Africa,7446674.74
2016-06-30,South Sudan,Sub-Saharan Africa,5038896.34
2016-07-31,South Sudan,Sub-Saharan Africa,1539434.32
2016-08-31,South Sudan,Sub-Saharan Africa,7960130.12
2016-09-30,South Sudan,Sub-Saharan Africa,27159.63
2016-10-31,South Sudan,Sub-Saharan Africa,9364871.92
2016-11-30,South Sudan,Sub-Saharan Africa,5685385.36
2016-12-31,South Sudan,Sub-Saharan Africa,578091.2
2017-01-31,South Sudan,Sub-Saharan Africa,1254921.23
2017-02-28,South Sudan,Sub-Saharan Africa,6006173.11
2017-03-31,South Sudan,Sub-Saharan Africa,0.0
2017-04-30,South Sudan,Sub-Saharan Africa,6390801.68
2017-05-31,South Sudan,Sub-Saharan Africa,6169987.82
2017-06-30,South Sudan,Sub-Saharan Africa,211657.16
2010-01-31,Spain,Europe,684308.48
2010-02-28,Spain,Europe,1194484.9100000001
2010-03-31,Spain,Europe,11140060.95
2010-04-30,Spain,Europe,22908611.07
2010-05-31,Spain,Europe,66223.68
2010-06-30,Spain,Europe,7170233.890000001
2010-07-31,Spain,Europe,2562621.84
2010-08-31,Spain,Europe,6486672.8
2010-09-30,Spain,Europe,9177553.15
2010-10-31,Spain,Europe,12853098.92
2010-11-30,Spain,Europe,21561.63
2010-12-31,Spain,Europe,3001993.91
2011-01-31,Spain,Europe,886316.92
2011-02-28,Spain,Europe,3715332.1700000004
2011-03-31,Spain,Europe,2296536.19
2011-04-30,Spain,Europe,858180.4
2011-05-31,Spain,Europe,3096552.2
2011-06-30,Spain,Europe,1180419.97
2011-07-31,Spain,Europe,2498138.2399999998
2011-08-31,Spain,Europe,11778291.04
2011-09-30,Spain,Europe,8971744.95
2011-10-31,Spain,Europe,7326978.6
2011-11-30,Spain,Europe,549362.56
2011-12-31,Spain,Europe,5211812.86
2012-01-31,Spain,Europe,4371925.52
2012-02-29,Spain,Europe,2057750.24
2012-03-31,Spain,Europe,1990081.6400000001
2012-04-30,Spain,Europe,374751.04
2012-05-31,Spain,Europe,2339146.32
2012-06-30,Spain,Europe,7512428.11
2012-07-31,Spain,Europe,0.0
2012-08-31,Spain,Europe,4780135.31
2012-09-30,Spain,Europe,5226603.57
2012-10-31,Spain,Europe,4365727.5600000005
2012-11-30,Spain,Europe,0.0
2012-12-31,Spain,Europe,5505789.75
2013-01-31,Spain,Europe,5938263.45
2013-02-28,Spain,Europe,2719943.92
2013-03-31,Spain,Europe,5901409.32
2013-04-30,Spain,Europe,4542862.5200000005
2013-05-31,Spain,Europe,6408477.6
2013-06-30,Spain,Europe,12085403.91
2013-07-31,Spain,Europe,2422508.31
2013-08-31,Spain,Europe,1212580.0
2013-09-30,Spain,Europe,603553.44
2013-10-31,Spain,Europe,6545862.300000001
2013-11-30,Spain,Europe,4381182.34
2013-12-31,Spain,Europe,467789.0
2014-01-31,Spain,Europe,4163240.6999999997
2014-02-28,Spain,Europe,5716561.109999999
2014-03-31,Spain,Europe,2224469.36
2014-04-30,Spain,Europe,5361652.44
2014-05-31,Spain,Europe,1699710.33
2014-06-30,Spain,Europe,4455666.75
2014-07-31,Spain,Europe,0.0
2014-08-31,Spain,Europe,7014785.01
2014-09-30,Spain,Europe,0.0
2014-10-31,Spain,Europe,5644811.119999999
2014-11-30,Spain,Europe,2335866.29
2014-12-31,Spain,Europe,3976473.09
2015-01-31,Spain,Europe,3251491.53
2015-02-28,Spain,Europe,5196317.76
2015-03-31,Spain,Europe,1010038.87
2015-04-30,Spain,Europe,3852296.7800000003
2015-05-31,Spain,Europe,3564438.67
2015-06-30,Spain,Europe,0.0
2015-07-31,Spain,Europe,5637620.65
2015-08-31,Spain,Europe,0.0
2015-09-30,Spain,Europe,5069505.34
2015-10-31,Spain,Europe,1167962.46
2015-11-30,Spain,Europe,3121870.06
2015-12-31,Spain,Europe,914020.64
2016-01-31,Spain,Europe,578616.57
2016-02-29,Spain,Europe,4066219.6799999997
2016-03-31,Spain,Europe,182257.9
2016-04-30,Spain,Europe,1449755.2
2016-05-31,Spain,Europe,9407362.7
2016-06-30,Spain,Europe,3494503.8200000003
2016-07-31,Spain,Europe,106385.32999999999
2016-08-31,Spain,Europe,2460625.53
2016-09-30,Spain,Europe,6685575.0
2016-10-31,Spain,Europe,3234448.78
2016-11-30,Spain,Europe,3250783.57
2016-12-31,Spain,Europe,2514003.79
2017-01-31,Spain,Europe,1120776.3599999999
2017-02-28,Spain,Europe,11765.13
2017-03-31,Spain,Europe,2274454.63
2017-04-30,Spain,Europe,442895.67000000004
2017-05-31,Spain,Europe,0.0
2017-06-30,Spain,Europe,492242.0
2010-01-31,Sri Lanka,Asia,5587792.09
2010-02-28,Sri Lanka,Asia,4769913.85
2010-03-31,Sri Lanka,Asia,5187584.79
2010-04-30,Sri Lanka,Asia,1144467.66
2010-05-31,Sri Lanka,Asia,2698981.51
2010-06-30,Sri Lanka,Asia,4201929.609999999
2010-07-31,Sri Lanka,Asia,221538.9
2010-08-31,Sri Lanka,Asia,3624825.2
2010-09-30,Sri Lanka,Asia,8101632.82
2010-10-31,Sri Lanka,Asia,1972951.37
2010-11-30,Sri Lanka,Asia,5924833.390000001
2010-12-31,Sri Lanka,Asia,4147071.27
2011-01-31,Sri Lanka,Asia,3777730.31
2011-02-28,Sri Lanka,Asia,6480405.53
2011-03-31,Sri Lanka,Asia,926155.84
2011-04-30,Sri Lanka,Asia,5938419.1
2011-05-31,Sri Lanka,Asia,3929746.24
2011-06-30,Sri Lanka,Asia,578264.39
2011-07-31,Sri Lanka,Asia,7916927.24
2011-08-31,Sri Lanka,Asia,954560.8
2011-09-30,Sri Lanka,Asia,3176379.43
2011-10-31,Sri Lanka,Asia,1351056.9
2011-11-30,Sri Lanka,Asia,2028114.33
2011-12-31,Sri Lanka,Asia,3719737.85
2012-01-31,Sri Lanka,Asia,875226.24
2012-02-29,Sri Lanka,Asia,308373.54
2012-03-31,Sri Lanka,Asia,1851983.51
2012-04-30,Sri Lanka,Asia,0.0
2012-05-31,Sri Lanka,Asia,4832710.41
2012-06-30,Sri Lanka,Asia,5315193.300000001
2012-07-31,Sri Lanka,Asia,10798769.94
2012-08-31,Sri Lanka,Asia,210583.1
2012-09-30,Sri Lanka,Asia,801018.22
2012-10-31,Sri Lanka,Asia,3158697.4
2012-11-30,Sri Lanka,Asia,1126498.14
2012-12-31,Sri Lanka,Asia,1993040.86
2013-01-31,Sri Lanka,Asia,4371778.220000001
2013-02-28,Sri Lanka,Asia,13742163.97
2013-03-31,Sri Lanka,Asia,8776821.41
2013-04-30,Sri Lanka,Asia,807346.1
2013-05-31,Sri Lanka,Asia,3462361.5500000003
2013-06-30,Sri Lanka,Asia,8728862.07
2013-07-31,Sri Lanka,Asia,16266926.82
2013-08-31,Sri Lanka,Asia,263983.93
2013-09-30,Sri Lanka,Asia,630798.28
2013-10-31,Sri Lanka,Asia,9033012.01
2013-11-30,Sri Lanka,Asia,56717.07
2013-12-31,Sri Lanka,Asia,456182.31
2014-01-31,Sri Lanka,Asia,3902204.8899999997
2014-02-28,Sri Lanka,Asia,9940845.02
2014-03-31,Sri Lanka,Asia,4410343.71
2014-04-30,Sri Lanka,Asia,0.0
2014-05-31,Sri Lanka,Asia,373142.65
2014-06-30,Sri Lanka,Asia,7514024.57
2014-07-31,Sri Lanka,Asia,2365053.56
2014-08-31,Sri Lanka,Asia,2312800.98
2014-09-30,Sri Lanka,Asia,2618159.54
2014-10-31,Sri Lanka,Asia,617998.29
2014-11-30,Sri Lanka,Asia,8404016.21
2014-12-31,Sri Lanka,Asia,274403.35
2015-01-31,Sri Lanka,Asia,3968719.23
2015-02-28,Sri Lanka,Asia,3728087.3
2015-03-31,Sri Lanka,Asia,3097567.52
2015-04-30,Sri Lanka,Asia,2460893.61
2015-05-31,Sri Lanka,Asia,76767.24
2015-06-30,Sri Lanka,Asia,2659267.76
2015-07-31,Sri Lanka,Asia,8544666.870000001
2015-08-31,Sri Lanka,Asia,8884497.2
2015-09-30,Sri Lanka,Asia,8630018.14
2015-10-31,Sri Lanka,Asia,10932134.05
2015-11-30,Sri Lanka,Asia,1075914.7
2015-12-31,Sri Lanka,Asia,2724059.4
2016-01-31,Sri Lanka,Asia,1043408.91
2016-02-29,Sri Lanka,Asia,4768950.0
2016-03-31,Sri Lanka,Asia,1853631.5
2016-04-30,Sri Lanka,Asia,1691544.4700000002
2016-05-31,Sri Lanka,Asia,8816445.64
2016-06-30,Sri Lanka,Asia,1365188.6099999999
2016-07-31,Sri Lanka,Asia,3385640.79
2016-08-31,Sri Lanka,Asia,3468283.24
2016-09-30,Sri Lanka,Asia,1219983.12
2016-10-31,Sri Lanka,Asia,9840704.79
2016-11-30,Sri Lanka,Asia,15281168.940000001
2016-12-31,Sri Lanka,Asia,426135.27999999997
2017-01-31,Sri Lanka,Asia,766448.5
2017-02-28,Sri Lanka,Asia,945971.21
2017-03-31,Sri Lanka,Asia,2771387.91
2017-04-30,Sri Lanka,Asia,674527.5
2017-05-31,Sri Lanka,Asia,5956916.24
2017-06-30,Sri Lanka,Asia,5454717.959999999
2010-01-31,Sudan,Sub-Saharan Africa,3216489.36
2010-02-28,Sudan,Sub-Saharan Africa,1477906.1099999999
2010-03-31,Sudan,Sub-Saharan Africa,4449673.83
2010-04-30,Sudan,Sub-Saharan Africa,3189411.98
2010-05-31,Sudan,Sub-Saharan Africa,5780125.66
2010-06-30,Sudan,Sub-Saharan Africa,1571480.55
2010-07-31,Sudan,Sub-Saharan Africa,13091663.24
2010-08-31,Sudan,Sub-Saharan Africa,2379361.2199999997
2010-09-30,Sudan,Sub-Saharan Africa,4122804.1000000006
2010-10-31,Sudan,Sub-Saharan Africa,1947786.24
2010-11-30,Sudan,Sub-Saharan Africa,8544058.67
2010-12-31,Sudan,Sub-Saharan Africa,5151368.49
2011-01-31,Sudan,Sub-Saharan Africa,3838205.5
2011-02-28,Sudan,Sub-Saharan Africa,86599.7
2011-03-31,Sudan,Sub-Saharan Africa,6238487.43
2011-04-30,Sudan,Sub-Saharan Africa,6638352.27
2011-05-31,Sudan,Sub-Saharan Africa,2215416.42
2011-06-30,Sudan,Sub-Saharan Africa,1682075.43
2011-07-31,Sudan,Sub-Saharan Africa,4437836.5200000005
2011-08-31,Sudan,Sub-Saharan Africa,0.0
2011-09-30,Sudan,Sub-Saharan Africa,3838777.11
2011-10-31,Sudan,Sub-Saharan Africa,2398020.21
2011-11-30,Sudan,Sub-Saharan Africa,6279277.399999999
2011-12-31,Sudan,Sub-Saharan Africa,12624749.030000001
2012-01-31,Sudan,Sub-Saharan Africa,3330856.62
2012-02-29,Sudan,Sub-Saharan Africa,7051523.569999999
2012-03-31,Sudan,Sub-Saharan Africa,2478770.0
2012-04-30,Sudan,Sub-Saharan Africa,12647879.6
2012-05-31,Sudan,Sub-Saharan Africa,1041511.08
2012-06-30,Sudan,Sub-Saharan Africa,2828990.83
2012-07-31,Sudan,Sub-Saharan Africa,6931218.7299999995
2012-08-31,Sudan,Sub-Saharan Africa,11985365.65
2012-09-30,Sudan,Sub-Saharan Africa,66114.4
2012-10-31,Sudan,Sub-Saharan Africa,0.0
2012-11-30,Sudan,Sub-Saharan Africa,6801917.29
2012-12-31,Sudan,Sub-Saharan Africa,2406786.0
2013-01-31,Sudan,Sub-Saharan Africa,0.0
2013-02-28,Sudan,Sub-Saharan Africa,2798408.29
2013-03-31,Sudan,Sub-Saharan Africa,419191.54
2013-04-30,Sudan,Sub-Saharan Africa,5087733.37
2013-05-31,Sudan,Sub-Saharan Africa,5644663.46
2013-06-30,Sudan,Sub-Saharan Africa,3226800.37
2013-07-31,Sudan,Sub-Saharan Africa,2143994.2
2013-08-31,Sudan,Sub-Saharan Africa,5436529.970000001
2013-09-30,Sudan,Sub-Saharan Africa,1182201.68
2013-10-31,Sudan,Sub-Saharan Africa,4571494.2
2013-11-30,Sudan,Sub-Saharan Africa,2711841.62
2013-12-31,Sudan,Sub-Saharan Africa,359093.98000000004
2014-01-31,Sudan,Sub-Saharan Africa,1522443.24
2014-02-28,Sudan,Sub-Saharan Africa,3531474.69
2014-03-31,Sudan,Sub-Saharan Africa,2895066.35
2014-04-30,Sudan,Sub-Saharan Africa,0.0
2014-05-31,Sudan,Sub-Saharan Africa,7269242.3100000005
2014-06-30,Sudan,Sub-Saharan Africa,12398205.67
2014-07-31,Sudan,Sub-Saharan Africa,6180909.76
2014-08-31,Sudan,Sub-Saharan Africa,2226162.32
2014-09-30,Sudan,Sub-Saharan Africa,5659605.24
2014-10-31,Sudan,Sub-Saharan Africa,2090464.95
2014-11-30,Sudan,Sub-Saharan Africa,6877736.66
2014-12-31,Sudan,Sub-Saharan Africa,3930376.21
2015-01-31,Sudan,Sub-Saharan Africa,8551242.469999999
2015-02-28,Sudan,Sub-Saharan Africa,5814965.17
2015-03-31,Sudan,Sub-Saharan Africa,7754117.5600000005
2015-04-30,Sudan,Sub-Saharan Africa,1582706.99
2015-05-31,Sudan,Sub-Saharan Africa,2405911.6
2015-06-30,Sudan,Sub-Saharan Africa,2000312.9200000002
2015-07-31,Sudan,Sub-Saharan Africa,12014011.83
2015-08-31,Sudan,Sub-Saharan Africa,3042633.31
2015-09-30,Sudan,Sub-Saharan Africa,392620.64
2015-10-31,Sudan,Sub-Saharan Africa,961226.88
2015-11-30,Sudan,Sub-Saharan Africa,227504.2
2015-12-31,Sudan,Sub-Saharan Africa,4058603.33
2016-01-31,Sudan,Sub-Saharan Africa,7204146.300000001
2016-02-29,Sudan,Sub-Saharan Africa,710734.96
2016-03-31,Sudan,Sub-Saharan Africa,1766799.72
2016-04-30,Sudan,Sub-Saharan Africa,1560406.9
2016-05-31,Sudan,Sub-Saharan Africa,11489201.83
2016-06-30,Sudan,Sub-Saharan Africa,7025379.12
2016-07-31,Sudan,Sub-Saharan Africa,992416.07
2016-08-31,Sudan,Sub-Saharan Africa,7554592.359999999
2016-09-30,Sudan,Sub-Saharan Africa,3621925.51
2016-10-31,Sudan,Sub-Saharan Africa,4084039.86
2016-11-30,Sudan,Sub-Saharan Africa,13915811.149999999
2016-12-31,Sudan,Sub-Saharan Africa,4255645.8
2017-01-31,Sudan,Sub-Saharan Africa,6570820.36
2017-02-28,Sudan,Sub-Saharan Africa,3406491.82
2017-03-31,Sudan,Sub-Saharan Africa,12207140.73
2017-04-30,Sudan,Sub-Saharan Africa,3450364.48
2017-05-31,Sudan,Sub-Saharan Africa,4777353.83
2017-06-30,Sudan,Sub-Saharan Africa,3328625.07
2010-01-31,Swaziland,Sub-Saharan Africa,8859153.719999999
2010-02-28,Swaziland,Sub-Saharan Africa,584866.24
2010-03-31,Swaziland,Sub-Saharan Africa,3161322.33
2010-04-30,Swaziland,Sub-Saharan Africa,117875.22
2010-05-31,Swaziland,Sub-Saharan Africa,2836015.3800000004
2010-06-30,Swaziland,Sub-Saharan Africa,4015142.46
2010-07-31,Swaziland,Sub-Saharan Africa,8340836.25
2010-08-31,Swaziland,Sub-Saharan Africa,3844557.3099999996
2010-09-30,Swaziland,Sub-Saharan Africa,5747814.83
2010-10-31,Swaziland,Sub-Saharan Africa,3071392.37
2010-11-30,Swaziland,Sub-Saharan Africa,4416102.92
2010-12-31,Swaziland,Sub-Saharan Africa,4390349.76
2011-01-31,Swaziland,Sub-Saharan Africa,2298360.4
2011-02-28,Swaziland,Sub-Saharan Africa,2861458.04
2011-03-31,Swaziland,Sub-Saharan Africa,2217295.38
2011-04-30,Swaziland,Sub-Saharan Africa,48954.51
2011-05-31,Swaziland,Sub-Saharan Africa,8860384.5
2011-06-30,Swaziland,Sub-Saharan Africa,4296908.54
2011-07-31,Swaziland,Sub-Saharan Africa,1236262.24
2011-08-31,Swaziland,Sub-Saharan Africa,814069.72
2011-09-30,Swaziland,Sub-Saharan Africa,5960834.09
2011-10-31,Swaziland,Sub-Saharan Africa,3131195.18
2011-11-30,Swaziland,Sub-Saharan Africa,3478116.8699999996
2011-12-31,Swaziland,Sub-Saharan Africa,0.0
2012-01-31,Swaziland,Sub-Saharan Africa,2432975.25
2012-02-29,Swaziland,Sub-Saharan Africa,3349974.96
2012-03-31,Swaziland,Sub-Saharan Africa,1155416.9
2012-04-30,Swaziland,Sub-Saharan Africa,1515004.77
2012-05-31,Swaziland,Sub-Saharan Africa,5576119.91
2012-06-30,Swaziland,Sub-Saharan Africa,653594.81
2012-07-31,Swaziland,Sub-Saharan Africa,5128991.84
2012-08-31,Swaziland,Sub-Saharan Africa,274810.62
2012-09-30,Swaziland,Sub-Saharan Africa,7676797.5200000005
2012-10-31,Swaziland,Sub-Saharan Africa,1974050.66
2012-11-30,Swaziland,Sub-Saharan Africa,2773010.73
2012-12-31,Swaziland,Sub-Saharan Africa,6206767.59
2013-01-31,Swaziland,Sub-Saharan Africa,3954956.71
2013-02-28,Swaziland,Sub-Saharan Africa,4012753.38
2013-03-31,Swaziland,Sub-Saharan Africa,2262760.4099999997
2013-04-30,Swaziland,Sub-Saharan Africa,5610068.300000001
2013-05-31,Swaziland,Sub-Saharan Africa,1205139.84
2013-06-30,Swaziland,Sub-Saharan Africa,4078390.12
2013-07-31,Swaziland,Sub-Saharan Africa,1750889.89
2013-08-31,Swaziland,Sub-Saharan Africa,7880897.54
2013-09-30,Swaziland,Sub-Saharan Africa,1751763.82
2013-10-31,Swaziland,Sub-Saharan Africa,1795616.9100000001
2013-11-30,Swaziland,Sub-Saharan Africa,239550.63
2013-12-31,Swaziland,Sub-Saharan Africa,11213169.98
2014-01-31,Swaziland,Sub-Saharan Africa,0.0
2014-02-28,Swaziland,Sub-Saharan Africa,10512147.8
2014-03-31,Swaziland,Sub-Saharan Africa,1263820.8
2014-04-30,Swaziland,Sub-Saharan Africa,1276448.54
2014-05-31,Swaziland,Sub-Saharan Africa,1619195.48
2014-06-30,Swaziland,Sub-Saharan Africa,337224.88
2014-07-31,Swaziland,Sub-Saharan Africa,7474448.959999999
2014-08-31,Swaziland,Sub-Saharan Africa,440525.8
2014-09-30,Swaziland,Sub-Saharan Africa,977264.01
2014-10-31,Swaziland,Sub-Saharan Africa,4069021.8799999994
2014-11-30,Swaziland,Sub-Saharan Africa,6826262.130000001
2014-12-31,Swaziland,Sub-Saharan Africa,9477983.61
2015-01-31,Swaziland,Sub-Saharan Africa,863479.6
2015-02-28,Swaziland,Sub-Saharan Africa,5902510.32
2015-03-31,Swaziland,Sub-Saharan Africa,3966582.21
2015-04-30,Swaziland,Sub-Saharan Africa,491978.56
2015-05-31,Swaziland,Sub-Saharan Africa,0.0
2015-06-30,Swaziland,Sub-Saharan Africa,0.0
2015-07-31,Swaziland,Sub-Saharan Africa,3239706.15
2015-08-31,Swaziland,Sub-Saharan Africa,4475374.43
2015-09-30,Swaziland,Sub-Saharan Africa,6987789.3100000005
2015-10-31,Swaziland,Sub-Saharan Africa,153690.55
2015-11-30,Swaziland,Sub-Saharan Africa,5797971.640000001
2015-12-31,Swaziland,Sub-Saharan Africa,7757278.16
2016-01-31,Swaziland,Sub-Saharan Africa,4108582.24
2016-02-29,Swaziland,Sub-Saharan Africa,7374193.78
2016-03-31,Swaziland,Sub-Saharan Africa,4353852.15
2016-04-30,Swaziland,Sub-Saharan Africa,1578533.04
2016-05-31,Swaziland,Sub-Saharan Africa,5349689.39
2016-06-30,Swaziland,Sub-Saharan Africa,5729957.98
2016-07-31,Swaziland,Sub-Saharan Africa,2514417.13
2016-08-31,Swaziland,Sub-Saharan Africa,479346.45
2016-09-30,Swaziland,Sub-Saharan Africa,6593131.949999999
2016-10-31,Swaziland,Sub-Saharan Africa,4878695.99
2016-11-30,Swaziland,Sub-Saharan Africa,2238443.49
2016-12-31,Swaziland,Sub-Saharan Africa,1977550.99
2017-01-31,Swaziland,Sub-Saharan Africa,1527322.5
2017-02-28,Swaziland,Sub-Saharan Africa,793882.03
2017-03-31,Swaziland,Sub-Saharan Africa,1418383.68
2017-04-30,Swaziland,Sub-Saharan Africa,469300.74
2017-05-31,Swaziland,Sub-Saharan Africa,2645045.15
2017-06-30,Swaziland,Sub-Saharan Africa,1591792.5
2010-01-31,Sweden,Europe,14429886.430000002
2010-02-28,Sweden,Europe,8713457.08
2010-03-31,Sweden,Europe,970107.96
2010-04-30,Sweden,Europe,983629.28
2010-05-31,Sweden,Europe,789906.66
2010-06-30,Sweden,Europe,7271449.55
2010-07-31,Sweden,Europe,3903361.31
2010-08-31,Sweden,Europe,3314113.8200000003
2010-09-30,Sweden,Europe,0.0
2010-10-31,Sweden,Europe,3391569.9699999997
2010-11-30,Sweden,Europe,0.0
2010-12-31,Sweden,Europe,28963.28
2011-01-31,Sweden,Europe,1780985.23
2011-02-28,Sweden,Europe,2232468.46
2011-03-31,Sweden,Europe,11174610.84
2011-04-30,Sweden,Europe,2186026.4
2011-05-31,Sweden,Europe,9951029.75
2011-06-30,Sweden,Europe,461590.8
2011-07-31,Sweden,Europe,4243852.640000001
2011-08-31,Sweden,Europe,4169555.04
2011-09-30,Sweden,Europe,1071318.02
2011-10-31,Sweden,Europe,1020479.22
2011-11-30,Sweden,Europe,4081667.4299999997
2011-12-31,Sweden,Europe,8958400.83
2012-01-31,Sweden,Europe,820517.34
2012-02-29,Sweden,Europe,3543092.65
2012-03-31,Sweden,Europe,7908077.82
2012-04-30,Sweden,Europe,7461588.569999999
2012-05-31,Sweden,Europe,4264180.38
2012-06-30,Sweden,Europe,2620607.98
2012-07-31,Sweden,Europe,777959.53
2012-08-31,Sweden,Europe,397997.76
2012-09-30,Sweden,Europe,3984332.88
2012-10-31,Sweden,Europe,2370353.69
2012-11-30,Sweden,Europe,9739967.5
2012-12-31,Sweden,Europe,3036709.51
2013-01-31,Sweden,Europe,0.0
2013-02-28,Sweden,Europe,643625.9199999999
2013-03-31,Sweden,Europe,2569580.04
2013-04-30,Sweden,Europe,1989474.8599999999
2013-05-31,Sweden,Europe,53862.09
2013-06-30,Sweden,Europe,1090641.84
2013-07-31,Sweden,Europe,2767833.35
2013-08-31,Sweden,Europe,9073101.79
2013-09-30,Sweden,Europe,5466607.61
2013-10-31,Sweden,Europe,3017663.89
2013-11-30,Sweden,Europe,2952258.3000000003
2013-12-31,Sweden,Europe,11747853.3
2014-01-31,Sweden,Europe,965337.6
2014-02-28,Sweden,Europe,0.0
2014-03-31,Sweden,Europe,7946397.53
2014-04-30,Sweden,Europe,4741807.79
2014-05-31,Sweden,Europe,10827482.87
2014-06-30,Sweden,Europe,2017477.98
2014-07-31,Sweden,Europe,2151503.08
2014-08-31,Sweden,Europe,4407374.01
2014-09-30,Sweden,Europe,2944063.2199999997
2014-10-31,Sweden,Europe,3455838.63
2014-11-30,Sweden,Europe,4675710.9399999995
2014-12-31,Sweden,Europe,1926083.24
2015-01-31,Sweden,Europe,1493202.25
2015-02-28,Sweden,Europe,8648981.74
2015-03-31,Sweden,Europe,3155315.31
2015-04-30,Sweden,Europe,4790607.52
2015-05-31,Sweden,Europe,7048376.08
2015-06-30,Sweden,Europe,2836948.5900000003
2015-07-31,Sweden,Europe,3208851.76
2015-08-31,Sweden,Europe,5124627.75
2015-09-30,Sweden,Europe,0.0
2015-10-31,Sweden,Europe,3871695.6399999997
2015-11-30,Sweden,Europe,5912852.96
2015-12-31,Sweden,Europe,2676004.82
2016-01-31,Sweden,Europe,7702026.609999999
2016-02-29,Sweden,Europe,6467388.8100000005
2016-03-31,Sweden,Europe,677080.48
2016-04-30,Sweden,Europe,5559401.1899999995
2016-05-31,Sweden,Europe,11864275.27
2016-06-30,Sweden,Europe,6889574.41
2016-07-31,Sweden,Europe,5459490.7299999995
2016-08-31,Sweden,Europe,3091342.17
2016-09-30,Sweden,Europe,0.0
2016-10-31,Sweden,Europe,3181754.54
2016-11-30,Sweden,Europe,2468724.76
2016-12-31,Sweden,Europe,163051.35
2017-01-31,Sweden,Europe,1140928.8399999999
2017-02-28,Sweden,Europe,8498218.91
2017-03-31,Sweden,Europe,5364137.609999999
2017-04-30,Sweden,Europe,583307.01
2017-05-31,Sweden,Europe,5834070.5
2017-06-30,Sweden,Europe,12577747.21
2010-01-31,Switzerland,Europe,10164635.27
2010-02-28,Switzerland,Europe,10319743.43
2010-03-31,Switzerland,Europe,6543751.94
2010-04-30,Switzerland,Europe,0.0
2010-05-31,Switzerland,Europe,3901309.2700000005
2010-06-30,Switzerland,Europe,5015699.42
2010-07-31,Switzerland,Europe,142719.68
2010-08-31,Switzerland,Europe,5576237.779999999
2010-09-30,Switzerland,Europe,3717227.96
2010-10-31,Switzerland,Europe,1805850.72
2010-11-30,Switzerland,Europe,4129799.83
2010-12-31,Switzerland,Europe,133144.7
2011-01-31,Switzerland,Europe,1340492.1
2011-02-28,Switzerland,Europe,12175758.489999998
2011-03-31,Switzerland,Europe,8267322.54
2011-04-30,Switzerland,Europe,2878160.0300000003
2011-05-31,Switzerland,Europe,2557602.29
2011-06-30,Switzerland,Europe,6917394.25
2011-07-31,Switzerland,Europe,5666090.49
2011-08-31,Switzerland,Europe,890466.8
2011-09-30,Switzerland,Europe,6511661.2
2011-10-31,Switzerland,Europe,4070143.2600000002
2011-11-30,Switzerland,Europe,3835992.8
2011-12-31,Switzerland,Europe,1263965.96
2012-01-31,Switzerland,Europe,6547510.970000001
2012-02-29,Switzerland,Europe,4748378.1899999995
2012-03-31,Switzerland,Europe,884598.74
2012-04-30,Switzerland,Europe,1863387.8599999999
2012-05-31,Switzerland,Europe,854262.7
2012-06-30,Switzerland,Europe,1677527.8699999999
2012-07-31,Switzerland,Europe,1346843.56
2012-08-31,Switzerland,Europe,3526146.06
2012-09-30,Switzerland,Europe,2941109.0199999996
2012-10-31,Switzerland,Europe,9910318.0
2012-11-30,Switzerland,Europe,2268976.37
2012-12-31,Switzerland,Europe,0.0
2013-01-31,Switzerland,Europe,3195545.94
2013-02-28,Switzerland,Europe,7785157.69
2013-03-31,Switzerland,Europe,2413504.8800000004
2013-04-30,Switzerland,Europe,6845776.64
2013-05-31,Switzerland,Europe,491305.95
2013-06-30,Switzerland,Europe,0.0
2013-07-31,Switzerland,Europe,8249649.01
2013-08-31,Switzerland,Europe,5906830.3100000005
2013-09-30,Switzerland,Europe,59058.9
2013-10-31,Switzerland,Europe,867177.4500000001
2013-11-30,Switzerland,Europe,4547335.26
2013-12-31,Switzerland,Europe,3338064.71
2014-01-31,Switzerland,Europe,3385538.96
2014-02-28,Switzerland,Europe,2189497.6
2014-03-31,Switzerland,Europe,1437772.8
2014-04-30,Switzerland,Europe,1156773.07
2014-05-31,Switzerland,Europe,5689347.74
2014-06-30,Switzerland,Europe,849371.17
2014-07-31,Switzerland,Europe,1512951.3599999999
2014-08-31,Switzerland,Europe,41481.18
2014-09-30,Switzerland,Europe,214298.08
2014-10-31,Switzerland,Europe,14628380.3
2014-11-30,Switzerland,Europe,11747974.44
2014-12-31,Switzerland,Europe,0.0
2015-01-31,Switzerland,Europe,275712.06
2015-02-28,Switzerland,Europe,4876476.04
2015-03-31,Switzerland,Europe,1658257.35
2015-04-30,Switzerland,Europe,4595908.420000001
2015-05-31,Switzerland,Europe,9823808.97
2015-06-30,Switzerland,Europe,7044009.76
2015-07-31,Switzerland,Europe,1662294.6199999999
2015-08-31,Switzerland,Europe,4142028.2800000003
2015-09-30,Switzerland,Europe,2793322.21
2015-10-31,Switzerland,Europe,1891629.02
2015-11-30,Switzerland,Europe,3613772.1
2015-12-31,Switzerland,Europe,1785477.9
2016-01-31,Switzerland,Europe,9419938.05
2016-02-29,Switzerland,Europe,372979.26
2016-03-31,Switzerland,Europe,0.0
2016-04-30,Switzerland,Europe,2915304.23
2016-05-31,Switzerland,Europe,7898672.239999999
2016-06-30,Switzerland,Europe,5385318.71
2016-07-31,Switzerland,Europe,266862.42
2016-08-31,Switzerland,Europe,2199060.0
2016-09-30,Switzerland,Europe,646216.61
2016-10-31,Switzerland,Europe,6258474.6899999995
2016-11-30,Switzerland,Europe,8873731.93
2016-12-31,Switzerland,Europe,195611.2
2017-01-31,Switzerland,Europe,11595308.09
2017-02-28,Switzerland,Europe,2143676.03
2017-03-31,Switzerland,Europe,691511.27
2017-04-30,Switzerland,Europe,1591364.7000000002
2017-05-31,Switzerland,Europe,5734582.15
2017-06-30,Switzerland,Europe,0.0
2010-01-31,Syria,Middle East and North Africa,604247.76
2010-02-28,Syria,Middle East and North Africa,7152036.38
2010-03-31,Syria,Middle East and North Africa,1681590.78
2010-04-30,Syria,Middle East and North Africa,1070944.0
2010-05-31,Syria,Middle East and North Africa,2222846.92
2010-06-30,Syria,Middle East and North Africa,764738.39
2010-07-31,Syria,Middle East and North Africa,2421416.18
2010-08-31,Syria,Middle East and North Africa,2452822.24
2010-09-30,Syria,Middle East and North Africa,0.0
2010-10-31,Syria,Middle East and North Africa,588042.63
2010-11-30,Syria,Middle East and North Africa,4165357.21
2010-12-31,Syria,Middle East and North Africa,1541586.06
2011-01-31,Syria,Middle East and North Africa,3860645.58
2011-02-28,Syria,Middle East and North Africa,5524716.73
2011-03-31,Syria,Middle East and North Africa,2591119.08
2011-04-30,Syria,Middle East and North Africa,5860888.82
2011-05-31,Syria,Middle East and North Africa,215897.5
2011-06-30,Syria,Middle East and North Africa,697940.1
2011-07-31,Syria,Middle East and North Africa,4182838.7299999995
2011-08-31,Syria,Middle East and North Africa,10513051.99
2011-09-30,Syria,Middle East and North Africa,7194832.720000001
2011-10-31,Syria,Middle East and North Africa,4220666.8
2011-11-30,Syria,Middle East and North Africa,2864473.8600000003
2011-12-31,Syria,Middle East and North Africa,7290207.050000001
2012-01-31,Syria,Middle East and North Africa,401664.25
2012-02-29,Syria,Middle East and North Africa,97368.48
2012-03-31,Syria,Middle East and North Africa,4103650.71
2012-04-30,Syria,Middle East and North Africa,783166.96
2012-05-31,Syria,Middle East and North Africa,6612348.75
2012-06-30,Syria,Middle East and North Africa,7115033.26
2012-07-31,Syria,Middle East and North Africa,1447264.2
2012-08-31,Syria,Middle East and North Africa,2258856.84
2012-09-30,Syria,Middle East and North Africa,929713.96
2012-10-31,Syria,Middle East and North Africa,1940306.9400000002
2012-11-30,Syria,Middle East and North Africa,4372133.279999999
2012-12-31,Syria,Middle East and North Africa,6917191.36
2013-01-31,Syria,Middle East and North Africa,4716970.99
2013-02-28,Syria,Middle East and North Africa,512283.64
2013-03-31,Syria,Middle East and North Africa,4166142.6199999996
2013-04-30,Syria,Middle East and North Africa,1885030.3
2013-05-31,Syria,Middle East and North Africa,758808.69
2013-06-30,Syria,Middle East and North Africa,0.0
2013-07-31,Syria,Middle East and North Africa,215617.14
2013-08-31,Syria,Middle East and North Africa,6309292.56
2013-09-30,Syria,Middle East and North Africa,2633572.3600000003
2013-10-31,Syria,Middle East and North Africa,197586.72
2013-11-30,Syria,Middle East and North Africa,4059210.54
2013-12-31,Syria,Middle East and North Africa,4816248.63
2014-01-31,Syria,Middle East and North Africa,7467118.96
2014-02-28,Syria,Middle East and North Africa,3001868.84
2014-03-31,Syria,Middle East and North Africa,1849296.9300000002
2014-04-30,Syria,Middle East and North Africa,10515849.74
2014-05-31,Syria,Middle East and North Africa,2216141.04
2014-06-30,Syria,Middle East and North Africa,49613.12
2014-07-31,Syria,Middle East and North Africa,3602480.9699999997
2014-08-31,Syria,Middle East and North Africa,7650149.550000001
2014-09-30,Syria,Middle East and North Africa,12601551.46
2014-10-31,Syria,Middle East and North Africa,2540149.41
2014-11-30,Syria,Middle East and North Africa,4793014.65
2014-12-31,Syria,Middle East and North Africa,8360229.890000001
2015-01-31,Syria,Middle East and North Africa,1875891.8499999999
2015-02-28,Syria,Middle East and North Africa,3868389.7399999998
2015-03-31,Syria,Middle East and North Africa,2300922.18
2015-04-30,Syria,Middle East and North Africa,2783294.0
2015-05-31,Syria,Middle East and North Africa,4997034.199999999
2015-06-30,Syria,Middle East and North Africa,6804327.79
2015-07-31,Syria,Middle East and North Africa,439387.8
2015-08-31,Syria,Middle East and North Africa,10143123.08
2015-09-30,Syria,Middle East and North Africa,1093346.16
2015-10-31,Syria,Middle East and North Africa,7141734.0
2015-11-30,Syria,Middle East and North Africa,2982541.8
2015-12-31,Syria,Middle East and North Africa,1340450.44
2016-01-31,Syria,Middle East and North Africa,5835492.81
2016-02-29,Syria,Middle East and North Africa,7718502.04
2016-03-31,Syria,Middle East and North Africa,2560419.3
2016-04-30,Syria,Middle East and North Africa,1154064.31
2016-05-31,Syria,Middle East and North Africa,220017.16
2016-06-30,Syria,Middle East and North Africa,1223557.04
2016-07-31,Syria,Middle East and North Africa,3833042.58
2016-08-31,Syria,Middle East and North Africa,5034299.24
2016-09-30,Syria,Middle East and North Africa,1203136.78
2016-10-31,Syria,Middle East and North Africa,15454542.83
2016-11-30,Syria,Middle East and North Africa,0.0
2016-12-31,Syria,Middle East and North Africa,886164.86
2017-01-31,Syria,Middle East and North Africa,3511548.94
2017-02-28,Syria,Middle East and North Africa,3732543.41
2017-03-31,Syria,Middle East and North Africa,3647563.7800000003
2017-04-30,Syria,Middle East and North Africa,1346721.56
2017-05-31,Syria,Middle East and North Africa,7450996.4399999995
2017-06-30,Syria,Middle East and North Africa,3088253.46
2010-01-31,Taiwan,Asia,735461.68
2010-02-28,Taiwan,Asia,5922443.57
2010-03-31,Taiwan,Asia,1099874.85
2010-04-30,Taiwan,Asia,4737017.71
2010-05-31,Taiwan,Asia,40641.48
2010-06-30,Taiwan,Asia,1757378.29
2010-07-31,Taiwan,Asia,2916245.69
2010-08-31,Taiwan,Asia,3560660.91
2010-09-30,Taiwan,Asia,307349.7
2010-10-31,Taiwan,Asia,5465501.76
2010-11-30,Taiwan,Asia,6421704.37
2010-12-31,Taiwan,Asia,1363038.1700000002
2011-01-31,Taiwan,Asia,13410889.04
2011-02-28,Taiwan,Asia,3395479.16
2011-03-31,Taiwan,Asia,2642476.37
2011-04-30,Taiwan,Asia,643050.32
2011-05-31,Taiwan,Asia,0.0
2011-06-30,Taiwan,Asia,1020756.61
2011-07-31,Taiwan,Asia,1058834.92
2011-08-31,Taiwan,Asia,75679.68
2011-09-30,Taiwan,Asia,1766191.75
2011-10-31,Taiwan,Asia,957719.13
2011-11-30,Taiwan,Asia,13598703.92
2011-12-31,Taiwan,Asia,7745852.21
2012-01-31,Taiwan,Asia,2082456.94
2012-02-29,Taiwan,Asia,5619770.32
2012-03-31,Taiwan,Asia,1204415.07
2012-04-30,Taiwan,Asia,7766045.65
2012-05-31,Taiwan,Asia,7677839.15
2012-06-30,Taiwan,Asia,2645259.63
2012-07-31,Taiwan,Asia,1569778.5
2012-08-31,Taiwan,Asia,912470.52
2012-09-30,Taiwan,Asia,761900.16
2012-10-31,Taiwan,Asia,5238425.79
2012-11-30,Taiwan,Asia,3354770.6199999996
2012-12-31,Taiwan,Asia,5465680.680000001
2013-01-31,Taiwan,Asia,10674419.15
2013-02-28,Taiwan,Asia,7820996.3100000005
2013-03-31,Taiwan,Asia,482275.54000000004
2013-04-30,Taiwan,Asia,6727026.67
2013-05-31,Taiwan,Asia,4433856.57
2013-06-30,Taiwan,Asia,2060100.04
2013-07-31,Taiwan,Asia,232172.85
2013-08-31,Taiwan,Asia,6885077.2700000005
2013-09-30,Taiwan,Asia,2497490.13
2013-10-31,Taiwan,Asia,2119711.54
2013-11-30,Taiwan,Asia,1992935.94
2013-12-31,Taiwan,Asia,1576543.2
2014-01-31,Taiwan,Asia,3706614.08
2014-02-28,Taiwan,Asia,3452728.77
2014-03-31,Taiwan,Asia,10366642.91
2014-04-30,Taiwan,Asia,32216.49
2014-05-31,Taiwan,Asia,1270223.3599999999
2014-06-30,Taiwan,Asia,1203407.98
2014-07-31,Taiwan,Asia,2797205.6
2014-08-31,Taiwan,Asia,2261147.61
2014-09-30,Taiwan,Asia,4813702.4399999995
2014-10-31,Taiwan,Asia,2315066.24
2014-11-30,Taiwan,Asia,280653.36
2014-12-31,Taiwan,Asia,4757062.970000001
2015-01-31,Taiwan,Asia,10129984.190000001
2015-02-28,Taiwan,Asia,3843252.5600000005
2015-03-31,Taiwan,Asia,1402390.24
2015-04-30,Taiwan,Asia,15870.33
2015-05-31,Taiwan,Asia,7204511.33
2015-06-30,Taiwan,Asia,1052075.74
2015-07-31,Taiwan,Asia,2417738.02
2015-08-31,Taiwan,Asia,2467508.39
2015-09-30,Taiwan,Asia,3736355.4299999997
2015-10-31,Taiwan,Asia,3855570.63
2015-11-30,Taiwan,Asia,0.0
2015-12-31,Taiwan,Asia,6355444.71
2016-01-31,Taiwan,Asia,1301845.68
2016-02-29,Taiwan,Asia,0.0
2016-03-31,Taiwan,Asia,6167608.43
2016-04-30,Taiwan,Asia,597558.5
2016-05-31,Taiwan,Asia,3812106.1899999995
2016-06-30,Taiwan,Asia,13384363.14
2016-07-31,Taiwan,Asia,7782483.32
2016-08-31,Taiwan,Asia,5719904.37
2016-09-30,Taiwan,Asia,784853.19
2016-10-31,Taiwan,Asia,7621512.48
2016-11-30,Taiwan,Asia,344802.01999999996
2016-12-31,Taiwan,Asia,1031288.22
2017-01-31,Taiwan,Asia,1549180.08
2017-02-28,Taiwan,Asia,5601860.04
2017-03-31,Taiwan,Asia,2424969.1500000004
2017-04-30,Taiwan,Asia,5236602.91
2017-05-31,Taiwan,Asia,13289450.33
2017-06-30,Taiwan,Asia,2988699.2
2010-01-31,Tajikistan,Asia,4495041.779999999
2010-02-28,Tajikistan,Asia,5451916.81
2010-03-31,Tajikistan,Asia,784689.73
2010-04-30,Tajikistan,Asia,6862466.86
2010-05-31,Tajikistan,Asia,7051924.49
2010-06-30,Tajikistan,Asia,3987414.1
2010-07-31,Tajikistan,Asia,1424270.5
2010-08-31,Tajikistan,Asia,7442571.09
2010-09-30,Tajikistan,Asia,1898871.3299999998
2010-10-31,Tajikistan,Asia,7046229.100000001
2010-11-30,Tajikistan,Asia,3982208.02
2010-12-31,Tajikistan,Asia,1165182.77
2011-01-31,Tajikistan,Asia,2326138.9899999998
2011-02-28,Tajikistan,Asia,2589910.27
2011-03-31,Tajikistan,Asia,3346647.43
2011-04-30,Tajikistan,Asia,3118610.88
2011-05-31,Tajikistan,Asia,3852409.84
2011-06-30,Tajikistan,Asia,0.0
2011-07-31,Tajikistan,Asia,7400039.78
2011-08-31,Tajikistan,Asia,18189303.94
2011-09-30,Tajikistan,Asia,543337.38
2011-10-31,Tajikistan,Asia,603990.56
2011-11-30,Tajikistan,Asia,8609415.379999999
2011-12-31,Tajikistan,Asia,1277935.6
2012-01-31,Tajikistan,Asia,2623603.81
2012-02-29,Tajikistan,Asia,2048339.43
2012-03-31,Tajikistan,Asia,5676591.38
2012-04-30,Tajikistan,Asia,0.0
2012-05-31,Tajikistan,Asia,11288476.07
2012-06-30,Tajikistan,Asia,9897833.61
2012-07-31,Tajikistan,Asia,2349165.48
2012-08-31,Tajikistan,Asia,4938549.76
2012-09-30,Tajikistan,Asia,1785130.88
2012-10-31,Tajikistan,Asia,526158.27
2012-11-30,Tajikistan,Asia,6811463.76
2012-12-31,Tajikistan,Asia,13000552.719999999
2013-01-31,Tajikistan,Asia,10598708.76
2013-02-28,Tajikistan,Asia,1340415.3
2013-03-31,Tajikistan,Asia,1451266.8
2013-04-30,Tajikistan,Asia,6951532.51
2013-05-31,Tajikistan,Asia,543339.52
2013-06-30,Tajikistan,Asia,3972640.17
2013-07-31,Tajikistan,Asia,5681609.52
2013-08-31,Tajikistan,Asia,4574514.14
2013-09-30,Tajikistan,Asia,1639130.89
2013-10-31,Tajikistan,Asia,4996165.45
2013-11-30,Tajikistan,Asia,2493145.7
2013-12-31,Tajikistan,Asia,4393561.56
2014-01-31,Tajikistan,Asia,134520.75
2014-02-28,Tajikistan,Asia,3396606.8
2014-03-31,Tajikistan,Asia,0.0
2014-04-30,Tajikistan,Asia,1364413.0599999998
2014-05-31,Tajikistan,Asia,4627636.79
2014-06-30,Tajikistan,Asia,490298.27
2014-07-31,Tajikistan,Asia,84221.91
2014-08-31,Tajikistan,Asia,4386404.17
2014-09-30,Tajikistan,Asia,4547719.63
2014-10-31,Tajikistan,Asia,7344694.49
2014-11-30,Tajikistan,Asia,681412.8400000001
2014-12-31,Tajikistan,Asia,1839910.95
2015-01-31,Tajikistan,Asia,7465220.18
2015-02-28,Tajikistan,Asia,5120285.85
2015-03-31,Tajikistan,Asia,2133271.85
2015-04-30,Tajikistan,Asia,568825.3200000001
2015-05-31,Tajikistan,Asia,1656683.26
2015-06-30,Tajikistan,Asia,2392429.6399999997
2015-07-31,Tajikistan,Asia,3721607.69
2015-08-31,Tajikistan,Asia,0.0
2015-09-30,Tajikistan,Asia,411186.14
2015-10-31,Tajikistan,Asia,7436818.199999999
2015-11-30,Tajikistan,Asia,4037377.4499999993
2015-12-31,Tajikistan,Asia,921835.6900000001
2016-01-31,Tajikistan,Asia,9645653.45
2016-02-29,Tajikistan,Asia,4139409.4699999997
2016-03-31,Tajikistan,Asia,7431030.47
2016-04-30,Tajikistan,Asia,1352579.34
2016-05-31,Tajikistan,Asia,1358038.9
2016-06-30,Tajikistan,Asia,2986691.96
2016-07-31,Tajikistan,Asia,5976832.43
2016-08-31,Tajikistan,Asia,2394846.56
2016-09-30,Tajikistan,Asia,1850960.46
2016-10-31,Tajikistan,Asia,4629758.0600000005
2016-11-30,Tajikistan,Asia,5430889.78
2016-12-31,Tajikistan,Asia,4122845.19
2017-01-31,Tajikistan,Asia,815568.74
2017-02-28,Tajikistan,Asia,10259718.44
2017-03-31,Tajikistan,Asia,15563.16
2017-04-30,Tajikistan,Asia,3450625.22
2017-05-31,Tajikistan,Asia,9818028.3
2017-06-30,Tajikistan,Asia,4412173.4399999995
2010-01-31,Tanzania,Sub-Saharan Africa,1097585.15
2010-02-28,Tanzania,Sub-Saharan Africa,7040075.74
2010-03-31,Tanzania,Sub-Saharan Africa,224445.48
2010-04-30,Tanzania,Sub-Saharan Africa,8320799.199999999
2010-05-31,Tanzania,Sub-Saharan Africa,2872209.1
2010-06-30,Tanzania,Sub-Saharan Africa,10346861.879999999
2010-07-31,Tanzania,Sub-Saharan Africa,1964797.85
2010-08-31,Tanzania,Sub-Saharan Africa,6453123.49
2010-09-30,Tanzania,Sub-Saharan Africa,0.0
2010-10-31,Tanzania,Sub-Saharan Africa,1630779.16
2010-11-30,Tanzania,Sub-Saharan Africa,5184008.73
2010-12-31,Tanzania,Sub-Saharan Africa,3194836.26
2011-01-31,Tanzania,Sub-Saharan Africa,6690567.83
2011-02-28,Tanzania,Sub-Saharan Africa,824511.2
2011-03-31,Tanzania,Sub-Saharan Africa,2062917.68
2011-04-30,Tanzania,Sub-Saharan Africa,568840.8
2011-05-31,Tanzania,Sub-Saharan Africa,6511051.7
2011-06-30,Tanzania,Sub-Saharan Africa,5620735.48
2011-07-31,Tanzania,Sub-Saharan Africa,286055.0
2011-08-31,Tanzania,Sub-Saharan Africa,218110.52000000002
2011-09-30,Tanzania,Sub-Saharan Africa,6388370.1
2011-10-31,Tanzania,Sub-Saharan Africa,4038299.1799999997
2011-11-30,Tanzania,Sub-Saharan Africa,7235081.73
2011-12-31,Tanzania,Sub-Saharan Africa,6445600.11
2012-01-31,Tanzania,Sub-Saharan Africa,2820762.29
2012-02-29,Tanzania,Sub-Saharan Africa,61706.15
2012-03-31,Tanzania,Sub-Saharan Africa,4450630.69
2012-04-30,Tanzania,Sub-Saharan Africa,10221687.91
2012-05-31,Tanzania,Sub-Saharan Africa,551029.84
2012-06-30,Tanzania,Sub-Saharan Africa,1232998.98
2012-07-31,Tanzania,Sub-Saharan Africa,5021173.26
2012-08-31,Tanzania,Sub-Saharan Africa,1005703.84
2012-09-30,Tanzania,Sub-Saharan Africa,2547445.24
2012-10-31,Tanzania,Sub-Saharan Africa,3660066.38
2012-11-30,Tanzania,Sub-Saharan Africa,3067836.79
2012-12-31,Tanzania,Sub-Saharan Africa,1408063.1700000002
2013-01-31,Tanzania,Sub-Saharan Africa,4496779.050000001
2013-02-28,Tanzania,Sub-Saharan Africa,2836639.5199999996
2013-03-31,Tanzania,Sub-Saharan Africa,462163.0
2013-04-30,Tanzania,Sub-Saharan Africa,2436553.43
2013-05-31,Tanzania,Sub-Saharan Africa,7275752.130000001
2013-06-30,Tanzania,Sub-Saharan Africa,5352049.82
2013-07-31,Tanzania,Sub-Saharan Africa,4049300.22
2013-08-31,Tanzania,Sub-Saharan Africa,2207234.6799999997
2013-09-30,Tanzania,Sub-Saharan Africa,2614536.9699999997
2013-10-31,Tanzania,Sub-Saharan Africa,5281603.7
2013-11-30,Tanzania,Sub-Saharan Africa,6401101.58
2013-12-31,Tanzania,Sub-Saharan Africa,1392117.92
2014-01-31,Tanzania,Sub-Saharan Africa,1861173.6
2014-02-28,Tanzania,Sub-Saharan Africa,3867758.1
2014-03-31,Tanzania,Sub-Saharan Africa,786978.17
2014-04-30,Tanzania,Sub-Saharan Africa,4847630.58
2014-05-31,Tanzania,Sub-Saharan Africa,7628000.27
2014-06-30,Tanzania,Sub-Saharan Africa,2071090.01
2014-07-31,Tanzania,Sub-Saharan Africa,9494850.91
2014-08-31,Tanzania,Sub-Saharan Africa,562239.2
2014-09-30,Tanzania,Sub-Saharan Africa,538927.62
2014-10-31,Tanzania,Sub-Saharan Africa,5143673.73
2014-11-30,Tanzania,Sub-Saharan Africa,5729942.91
2014-12-31,Tanzania,Sub-Saharan Africa,5470588.86
2015-01-31,Tanzania,Sub-Saharan Africa,2238661.92
2015-02-28,Tanzania,Sub-Saharan Africa,3724944.1300000004
2015-03-31,Tanzania,Sub-Saharan Africa,5569882.78
2015-04-30,Tanzania,Sub-Saharan Africa,575355.2
2015-05-31,Tanzania,Sub-Saharan Africa,3157865.02
2015-06-30,Tanzania,Sub-Saharan Africa,8890219.0
2015-07-31,Tanzania,Sub-Saharan Africa,12196276.030000001
2015-08-31,Tanzania,Sub-Saharan Africa,7234615.83
2015-09-30,Tanzania,Sub-Saharan Africa,4601247.92
2015-10-31,Tanzania,Sub-Saharan Africa,919155.22
2015-11-30,Tanzania,Sub-Saharan Africa,5359249.2
2015-12-31,Tanzania,Sub-Saharan Africa,9021032.43
2016-01-31,Tanzania,Sub-Saharan Africa,2884976.45
2016-02-29,Tanzania,Sub-Saharan Africa,5488677.800000001
2016-03-31,Tanzania,Sub-Saharan Africa,3945428.59
2016-04-30,Tanzania,Sub-Saharan Africa,0.0
2016-05-31,Tanzania,Sub-Saharan Africa,1532513.85
2016-06-30,Tanzania,Sub-Saharan Africa,6487862.66
2016-07-31,Tanzania,Sub-Saharan Africa,1226228.43
2016-08-31,Tanzania,Sub-Saharan Africa,1956001.3
2016-09-30,Tanzania,Sub-Saharan Africa,8238891.4399999995
2016-10-31,Tanzania,Sub-Saharan Africa,660107.1499999999
2016-11-30,Tanzania,Sub-Saharan Africa,5876006.64
2016-12-31,Tanzania,Sub-Saharan Africa,426438.08
2017-01-31,Tanzania,Sub-Saharan Africa,4099168.18
2017-02-28,Tanzania,Sub-Saharan Africa,7052389.38
2017-03-31,Tanzania,Sub-Saharan Africa,1394501.28
2017-04-30,Tanzania,Sub-Saharan Africa,773604.09
2017-05-31,Tanzania,Sub-Saharan Africa,1394616.48
2017-06-30,Tanzania,Sub-Saharan Africa,7597249.5
2010-01-31,Thailand,Asia,6544561.040000001
2010-02-28,Thailand,Asia,12494887.84
2010-03-31,Thailand,Asia,9760050.79
2010-04-30,Thailand,Asia,13212443.42
2010-05-31,Thailand,Asia,2274938.19
2010-06-30,Thailand,Asia,10479870.049999999
2010-07-31,Thailand,Asia,1821384.83
2010-08-31,Thailand,Asia,13494041.809999999
2010-09-30,Thailand,Asia,6964399.28
2010-10-31,Thailand,Asia,6241308.53
2010-11-30,Thailand,Asia,1491868.73
2010-12-31,Thailand,Asia,10405510.07
2011-01-31,Thailand,Asia,2353773.9
2011-02-28,Thailand,Asia,8079162.09
2011-03-31,Thailand,Asia,4438150.45
2011-04-30,Thailand,Asia,7645149.34
2011-05-31,Thailand,Asia,7924243.85
2011-06-30,Thailand,Asia,1707549.01
2011-07-31,Thailand,Asia,7904195.869999999
2011-08-31,Thailand,Asia,1642228.84
2011-09-30,Thailand,Asia,353137.73
2011-10-31,Thailand,Asia,7720359.57
2011-11-30,Thailand,Asia,10703063.1
2011-12-31,Thailand,Asia,6497619.08
2012-01-31,Thailand,Asia,1394490.73
2012-02-29,Thailand,Asia,9616082.03
2012-03-31,Thailand,Asia,4397568.619999999
2012-04-30,Thailand,Asia,5174105.03
2012-05-31,Thailand,Asia,3213701.19
2012-06-30,Thailand,Asia,1192879.1700000002
2012-07-31,Thailand,Asia,9769324.29
2012-08-31,Thailand,Asia,3913111.5300000003
2012-09-30,Thailand,Asia,2318779.51
2012-10-31,Thailand,Asia,2035604.7000000002
2012-11-30,Thailand,Asia,7057266.02
2012-12-31,Thailand,Asia,13203900.629999999
2013-01-31,Thailand,Asia,1730820.63
2013-02-28,Thailand,Asia,1768324.56
2013-03-31,Thailand,Asia,190804.53
2013-04-30,Thailand,Asia,324780.16
2013-05-31,Thailand,Asia,1537263.6400000001
2013-06-30,Thailand,Asia,2409016.96
2013-07-31,Thailand,Asia,2931363.47
2013-08-31,Thailand,Asia,353514.04000000004
2013-09-30,Thailand,Asia,2850326.69
2013-10-31,Thailand,Asia,9093330.7
2013-11-30,Thailand,Asia,0.0
2013-12-31,Thailand,Asia,5877038.07
2014-01-31,Thailand,Asia,2379019.2399999998
2014-02-28,Thailand,Asia,0.0
2014-03-31,Thailand,Asia,1423668.46
2014-04-30,Thailand,Asia,5679813.88
2014-05-31,Thailand,Asia,9768551.059999999
2014-06-30,Thailand,Asia,6135123.640000001
2014-07-31,Thailand,Asia,7055393.56
2014-08-31,Thailand,Asia,745401.25
2014-09-30,Thailand,Asia,5785580.12
2014-10-31,Thailand,Asia,874764.91
2014-11-30,Thailand,Asia,1827224.0799999998
2014-12-31,Thailand,Asia,361326.99000000005
2015-01-31,Thailand,Asia,8572681.9
2015-02-28,Thailand,Asia,1367000.47
2015-03-31,Thailand,Asia,2208172.26
2015-04-30,Thailand,Asia,1463242.2
2015-05-31,Thailand,Asia,6502562.779999999
2015-06-30,Thailand,Asia,55499.26
2015-07-31,Thailand,Asia,7621583.22
2015-08-31,Thailand,Asia,2254261.27
2015-09-30,Thailand,Asia,52811.85
2015-10-31,Thailand,Asia,3968218.13
2015-11-30,Thailand,Asia,15142889.739999998
2015-12-31,Thailand,Asia,520755.54000000004
2016-01-31,Thailand,Asia,1055352.67
2016-02-29,Thailand,Asia,2239343.02
2016-03-31,Thailand,Asia,4308872.71
2016-04-30,Thailand,Asia,2293114.0
2016-05-31,Thailand,Asia,0.0
2016-06-30,Thailand,Asia,4803368.5
2016-07-31,Thailand,Asia,2147323.52
2016-08-31,Thailand,Asia,405975.2
2016-09-30,Thailand,Asia,95089.8
2016-10-31,Thailand,Asia,1344049.85
2016-11-30,Thailand,Asia,3025937.46
2016-12-31,Thailand,Asia,5041295.6
2017-01-31,Thailand,Asia,286977.6
2017-02-28,Thailand,Asia,0.0
2017-03-31,Thailand,Asia,4862130.45
2017-04-30,Thailand,Asia,6550498.569999999
2017-05-31,Thailand,Asia,10561759.85
2017-06-30,Thailand,Asia,4561754.94
2010-01-31,The Bahamas,Central America and the Caribbean,1479361.96
2010-02-28,The Bahamas,Central America and the Caribbean,8223449.949999999
2010-03-31,The Bahamas,Central America and the Caribbean,3815397.73
2010-04-30,The Bahamas,Central America and the Caribbean,4009835.13
2010-05-31,The Bahamas,Central America and the Caribbean,469786.68
2010-06-30,The Bahamas,Central America and the Caribbean,4091432.34
2010-07-31,The Bahamas,Central America and the Caribbean,4470104.01
2010-08-31,The Bahamas,Central America and the Caribbean,8446924.98
2010-09-30,The Bahamas,Central America and the Caribbean,6286322.21
2010-10-31,The Bahamas,Central America and the Caribbean,2701458.8
2010-11-30,The Bahamas,Central America and the Caribbean,375044.8
2010-12-31,The Bahamas,Central America and the Caribbean,3836410.17
2011-01-31,The Bahamas,Central America and the Caribbean,2568711.62
2011-02-28,The Bahamas,Central America and the Caribbean,8966202.61
2011-03-31,The Bahamas,Central America and the Caribbean,14520297.74
2011-04-30,The Bahamas,Central America and the Caribbean,2281502.66
2011-05-31,The Bahamas,Central America and the Caribbean,4715907.3100000005
2011-06-30,The Bahamas,Central America and the Caribbean,6241933.99
2011-07-31,The Bahamas,Central America and the Caribbean,2851231.8
2011-08-31,The Bahamas,Central America and the Caribbean,7301492.59
2011-09-30,The Bahamas,Central America and the Caribbean,4240030.87
2011-10-31,The Bahamas,Central America and the Caribbean,3362560.2600000002
2011-11-30,The Bahamas,Central America and the Caribbean,5982008.000000001
2011-12-31,The Bahamas,Central America and the Caribbean,11063915.61
2012-01-31,The Bahamas,Central America and the Caribbean,5589030.02
2012-02-29,The Bahamas,Central America and the Caribbean,7146680.35
2012-03-31,The Bahamas,Central America and the Caribbean,148423.6
2012-04-30,The Bahamas,Central America and the Caribbean,1188332.6400000001
2012-05-31,The Bahamas,Central America and the Caribbean,6328478.76
2012-06-30,The Bahamas,Central America and the Caribbean,2128913.0100000002
2012-07-31,The Bahamas,Central America and the Caribbean,3426755.98
2012-08-31,The Bahamas,Central America and the Caribbean,15629931.98
2012-09-30,The Bahamas,Central America and the Caribbean,2111859.7800000003
2012-10-31,The Bahamas,Central America and the Caribbean,4381818.340000001
2012-11-30,The Bahamas,Central America and the Caribbean,0.0
2012-12-31,The Bahamas,Central America and the Caribbean,15236762.58
2013-01-31,The Bahamas,Central America and the Caribbean,3022320.84
2013-02-28,The Bahamas,Central America and the Caribbean,4816468.45
2013-03-31,The Bahamas,Central America and the Caribbean,13818776.84
2013-04-30,The Bahamas,Central America and the Caribbean,1770952.1
2013-05-31,The Bahamas,Central America and the Caribbean,2261322.47
2013-06-30,The Bahamas,Central America and the Caribbean,301694.32999999996
2013-07-31,The Bahamas,Central America and the Caribbean,0.0
2013-08-31,The Bahamas,Central America and the Caribbean,6923831.53
2013-09-30,The Bahamas,Central America and the Caribbean,2893688.96
2013-10-31,The Bahamas,Central America and the Caribbean,1495433.5699999998
2013-11-30,The Bahamas,Central America and the Caribbean,4470846.050000001
2013-12-31,The Bahamas,Central America and the Caribbean,5036322.1
2014-01-31,The Bahamas,Central America and the Caribbean,899611.68
2014-02-28,The Bahamas,Central America and the Caribbean,2843754.43
2014-03-31,The Bahamas,Central America and the Caribbean,0.0
2014-04-30,The Bahamas,Central America and the Caribbean,9144162.299999999
2014-05-31,The Bahamas,Central America and the Caribbean,61792.59
2014-06-30,The Bahamas,Central America and the Caribbean,0.0
2014-07-31,The Bahamas,Central America and the Caribbean,6208338.77
2014-08-31,The Bahamas,Central America and the Caribbean,2942520.2
2014-09-30,The Bahamas,Central America and the Caribbean,1598778.24
2014-10-31,The Bahamas,Central America and the Caribbean,69388.77
2014-11-30,The Bahamas,Central America and the Caribbean,2488479.22
2014-12-31,The Bahamas,Central America and the Caribbean,7805804.149999999
2015-01-31,The Bahamas,Central America and the Caribbean,3465219.13
2015-02-28,The Bahamas,Central America and the Caribbean,10359722.0
2015-03-31,The Bahamas,Central America and the Caribbean,7872055.5
2015-04-30,The Bahamas,Central America and the Caribbean,2213980.65
2015-05-31,The Bahamas,Central America and the Caribbean,819709.28
2015-06-30,The Bahamas,Central America and the Caribbean,2286200.64
2015-07-31,The Bahamas,Central America and the Caribbean,9793673.78
2015-08-31,The Bahamas,Central America and the Caribbean,2389931.3600000003
2015-09-30,The Bahamas,Central America and the Caribbean,1645681.29
2015-10-31,The Bahamas,Central America and the Caribbean,1923001.7599999998
2015-11-30,The Bahamas,Central America and the Caribbean,11568982.95
2015-12-31,The Bahamas,Central America and the Caribbean,1538347.34
2016-01-31,The Bahamas,Central America and the Caribbean,1437419.79
2016-02-29,The Bahamas,Central America and the Caribbean,359285.08
2016-03-31,The Bahamas,Central America and the Caribbean,0.0
2016-04-30,The Bahamas,Central America and the Caribbean,8246460.74
2016-05-31,The Bahamas,Central America and the Caribbean,9336004.07
2016-06-30,The Bahamas,Central America and the Caribbean,4975684.83
2016-07-31,The Bahamas,Central America and the Caribbean,0.0
2016-08-31,The Bahamas,Central America and the Caribbean,1546376.78
2016-09-30,The Bahamas,Central America and the Caribbean,1745518.63
2016-10-31,The Bahamas,Central America and the Caribbean,1789590.6
2016-11-30,The Bahamas,Central America and the Caribbean,9434665.4
2016-12-31,The Bahamas,Central America and the Caribbean,0.0
2017-01-31,The Bahamas,Central America and the Caribbean,0.0
2017-02-28,The Bahamas,Central America and the Caribbean,8552524.09
2017-03-31,The Bahamas,Central America and the Caribbean,8671351.6
2017-04-30,The Bahamas,Central America and the Caribbean,222713.82
2017-05-31,The Bahamas,Central America and the Caribbean,3058330.2
2017-06-30,The Bahamas,Central America and the Caribbean,4421663.08
2010-01-31,The Gambia,Sub-Saharan Africa,2889126.5
2010-02-28,The Gambia,Sub-Saharan Africa,1330484.29
2010-03-31,The Gambia,Sub-Saharan Africa,617385.51
2010-04-30,The Gambia,Sub-Saharan Africa,1297437.1400000001
2010-05-31,The Gambia,Sub-Saharan Africa,10148695.56
2010-06-30,The Gambia,Sub-Saharan Africa,7376584.12
2010-07-31,The Gambia,Sub-Saharan Africa,3167527.16
2010-08-31,The Gambia,Sub-Saharan Africa,2765630.7399999998
2010-09-30,The Gambia,Sub-Saharan Africa,4934546.76
2010-10-31,The Gambia,Sub-Saharan Africa,3470295.83
2010-11-30,The Gambia,Sub-Saharan Africa,793919.2
2010-12-31,The Gambia,Sub-Saharan Africa,3610464.18
2011-01-31,The Gambia,Sub-Saharan Africa,1192031.5
2011-02-28,The Gambia,Sub-Saharan Africa,670006.94
2011-03-31,The Gambia,Sub-Saharan Africa,4996590.9
2011-04-30,The Gambia,Sub-Saharan Africa,8550172.4
2011-05-31,The Gambia,Sub-Saharan Africa,3407508.73
2011-06-30,The Gambia,Sub-Saharan Africa,2101210.04
2011-07-31,The Gambia,Sub-Saharan Africa,6673149.369999999
2011-08-31,The Gambia,Sub-Saharan Africa,0.0
2011-09-30,The Gambia,Sub-Saharan Africa,1693429.25
2011-10-31,The Gambia,Sub-Saharan Africa,9127857.58
2011-11-30,The Gambia,Sub-Saharan Africa,6699765.619999999
2011-12-31,The Gambia,Sub-Saharan Africa,5643540.15
2012-01-31,The Gambia,Sub-Saharan Africa,7546987.52
2012-02-29,The Gambia,Sub-Saharan Africa,1839830.62
2012-03-31,The Gambia,Sub-Saharan Africa,5750463.35
2012-04-30,The Gambia,Sub-Saharan Africa,8908034.5
2012-05-31,The Gambia,Sub-Saharan Africa,1675297.69
2012-06-30,The Gambia,Sub-Saharan Africa,1327607.63
2012-07-31,The Gambia,Sub-Saharan Africa,3976329.3000000003
2012-08-31,The Gambia,Sub-Saharan Africa,2252892.6
2012-09-30,The Gambia,Sub-Saharan Africa,5731296.58
2012-10-31,The Gambia,Sub-Saharan Africa,1834523.48
2012-11-30,The Gambia,Sub-Saharan Africa,9122513.16
2012-12-31,The Gambia,Sub-Saharan Africa,0.0
2013-01-31,The Gambia,Sub-Saharan Africa,9620982.99
2013-02-28,The Gambia,Sub-Saharan Africa,7662269.1899999995
2013-03-31,The Gambia,Sub-Saharan Africa,5297513.619999999
2013-04-30,The Gambia,Sub-Saharan Africa,7535371.25
2013-05-31,The Gambia,Sub-Saharan Africa,4501972.03
2013-06-30,The Gambia,Sub-Saharan Africa,993370.78
2013-07-31,The Gambia,Sub-Saharan Africa,733144.86
2013-08-31,The Gambia,Sub-Saharan Africa,7349382.76
2013-09-30,The Gambia,Sub-Saharan Africa,67287.78
2013-10-31,The Gambia,Sub-Saharan Africa,11990006.32
2013-11-30,The Gambia,Sub-Saharan Africa,3814485.1599999997
2013-12-31,The Gambia,Sub-Saharan Africa,2014771.1600000001
2014-01-31,The Gambia,Sub-Saharan Africa,2462150.04
2014-02-28,The Gambia,Sub-Saharan Africa,1186770.95
2014-03-31,The Gambia,Sub-Saharan Africa,1903139.15
2014-04-30,The Gambia,Sub-Saharan Africa,3161710.1599999997
2014-05-31,The Gambia,Sub-Saharan Africa,466433.11
2014-06-30,The Gambia,Sub-Saharan Africa,5354940.41
2014-07-31,The Gambia,Sub-Saharan Africa,3754017.72
2014-08-31,The Gambia,Sub-Saharan Africa,4405707.09
2014-09-30,The Gambia,Sub-Saharan Africa,10694398.47
2014-10-31,The Gambia,Sub-Saharan Africa,7716649.960000001
2014-11-30,The Gambia,Sub-Saharan Africa,9017590.18
2014-12-31,The Gambia,Sub-Saharan Africa,2855417.88
2015-01-31,The Gambia,Sub-Saharan Africa,8246608.369999999
2015-02-28,The Gambia,Sub-Saharan Africa,3671049.06
2015-03-31,The Gambia,Sub-Saharan Africa,2440450.4
2015-04-30,The Gambia,Sub-Saharan Africa,5619422.08
2015-05-31,The Gambia,Sub-Saharan Africa,4096681.68
2015-06-30,The Gambia,Sub-Saharan Africa,6607746.449999999
2015-07-31,The Gambia,Sub-Saharan Africa,1168830.99
2015-08-31,The Gambia,Sub-Saharan Africa,382841.15
2015-09-30,The Gambia,Sub-Saharan Africa,6151026.62
2015-10-31,The Gambia,Sub-Saharan Africa,10583424.1
2015-11-30,The Gambia,Sub-Saharan Africa,1620764.47
2015-12-31,The Gambia,Sub-Saharan Africa,1556186.88
2016-01-31,The Gambia,Sub-Saharan Africa,1160410.4300000002
2016-02-29,The Gambia,Sub-Saharan Africa,1619744.8599999999
2016-03-31,The Gambia,Sub-Saharan Africa,4221603.2
2016-04-30,The Gambia,Sub-Saharan Africa,2925185.47
2016-05-31,The Gambia,Sub-Saharan Africa,7419263.91
2016-06-30,The Gambia,Sub-Saharan Africa,214889.6
2016-07-31,The Gambia,Sub-Saharan Africa,3313923.03
2016-08-31,The Gambia,Sub-Saharan Africa,2535586.7199999997
2016-09-30,The Gambia,Sub-Saharan Africa,1329140.7200000002
2016-10-31,The Gambia,Sub-Saharan Africa,464537.04000000004
2016-11-30,The Gambia,Sub-Saharan Africa,5582192.29
2016-12-31,The Gambia,Sub-Saharan Africa,4983957.66
2017-01-31,The Gambia,Sub-Saharan Africa,14376100.67
2017-02-28,The Gambia,Sub-Saharan Africa,10013600.08
2017-03-31,The Gambia,Sub-Saharan Africa,1523370.0999999999
2017-04-30,The Gambia,Sub-Saharan Africa,3382675.5999999996
2017-05-31,The Gambia,Sub-Saharan Africa,3494365.95
2017-06-30,The Gambia,Sub-Saharan Africa,1548865.23
2010-01-31,Togo,Sub-Saharan Africa,2178852.84
2010-02-28,Togo,Sub-Saharan Africa,8725874.11
2010-03-31,Togo,Sub-Saharan Africa,12548730.68
2010-04-30,Togo,Sub-Saharan Africa,0.0
2010-05-31,Togo,Sub-Saharan Africa,4784356.42
2010-06-30,Togo,Sub-Saharan Africa,626816.3
2010-07-31,Togo,Sub-Saharan Africa,9041682.969999999
2010-08-31,Togo,Sub-Saharan Africa,0.0
2010-09-30,Togo,Sub-Saharan Africa,2215526.48
2010-10-31,Togo,Sub-Saharan Africa,1778632.06
2010-11-30,Togo,Sub-Saharan Africa,6873671.49
2010-12-31,Togo,Sub-Saharan Africa,5522515.949999999
2011-01-31,Togo,Sub-Saharan Africa,1725011.27
2011-02-28,Togo,Sub-Saharan Africa,35873.85
2011-03-31,Togo,Sub-Saharan Africa,1635463.03
2011-04-30,Togo,Sub-Saharan Africa,4254357.76
2011-05-31,Togo,Sub-Saharan Africa,9211717.17
2011-06-30,Togo,Sub-Saharan Africa,464772.75
2011-07-31,Togo,Sub-Saharan Africa,3196226.38
2011-08-31,Togo,Sub-Saharan Africa,502751.1
2011-09-30,Togo,Sub-Saharan Africa,456355.37
2011-10-31,Togo,Sub-Saharan Africa,11209438.969999999
2011-11-30,Togo,Sub-Saharan Africa,3811565.9
2011-12-31,Togo,Sub-Saharan Africa,2736901.8400000003
2012-01-31,Togo,Sub-Saharan Africa,1411173.06
2012-02-29,Togo,Sub-Saharan Africa,1588673.4
2012-03-31,Togo,Sub-Saharan Africa,978232.96
2012-04-30,Togo,Sub-Saharan Africa,3000957.3
2012-05-31,Togo,Sub-Saharan Africa,474275.2
2012-06-30,Togo,Sub-Saharan Africa,14091681.76
2012-07-31,Togo,Sub-Saharan Africa,3016908.0700000003
2012-08-31,Togo,Sub-Saharan Africa,3779762.1999999997
2012-09-30,Togo,Sub-Saharan Africa,1759996.11
2012-10-31,Togo,Sub-Saharan Africa,2531732.4800000004
2012-11-30,Togo,Sub-Saharan Africa,4004489.34
2012-12-31,Togo,Sub-Saharan Africa,9813587.290000001
2013-01-31,Togo,Sub-Saharan Africa,5247994.22
2013-02-28,Togo,Sub-Saharan Africa,0.0
2013-03-31,Togo,Sub-Saharan Africa,4212993.54
2013-04-30,Togo,Sub-Saharan Africa,5627388.81
2013-05-31,Togo,Sub-Saharan Africa,1284837.33
2013-06-30,Togo,Sub-Saharan Africa,8254903.04
2013-07-31,Togo,Sub-Saharan Africa,4682121.3
2013-08-31,Togo,Sub-Saharan Africa,5179162.32
2013-09-30,Togo,Sub-Saharan Africa,7721127.5
2013-10-31,Togo,Sub-Saharan Africa,3659291.12
2013-11-30,Togo,Sub-Saharan Africa,11431293.02
2013-12-31,Togo,Sub-Saharan Africa,500841.44
2014-01-31,Togo,Sub-Saharan Africa,6582278.45
2014-02-28,Togo,Sub-Saharan Africa,3170137.04
2014-03-31,Togo,Sub-Saharan Africa,11373551.100000001
2014-04-30,Togo,Sub-Saharan Africa,5833949.89
2014-05-31,Togo,Sub-Saharan Africa,7920450.81
2014-06-30,Togo,Sub-Saharan Africa,4416753.890000001
2014-07-31,Togo,Sub-Saharan Africa,6491873.99
2014-08-31,Togo,Sub-Saharan Africa,8284892.13
2014-09-30,Togo,Sub-Saharan Africa,428594.92
2014-10-31,Togo,Sub-Saharan Africa,152913.34
2014-11-30,Togo,Sub-Saharan Africa,504545.76
2014-12-31,Togo,Sub-Saharan Africa,1477127.28
2015-01-31,Togo,Sub-Saharan Africa,1420672.38
2015-02-28,Togo,Sub-Saharan Africa,1917091.07
2015-03-31,Togo,Sub-Saharan Africa,5472318.74
2015-04-30,Togo,Sub-Saharan Africa,0.0
2015-05-31,Togo,Sub-Saharan Africa,1950932.0
2015-06-30,Togo,Sub-Saharan Africa,5974016.19
2015-07-31,Togo,Sub-Saharan Africa,703688.31
2015-08-31,Togo,Sub-Saharan Africa,883380.04
2015-09-30,Togo,Sub-Saharan Africa,4851159.22
2015-10-31,Togo,Sub-Saharan Africa,5310231.2
2015-11-30,Togo,Sub-Saharan Africa,1603865.08
2015-12-31,Togo,Sub-Saharan Africa,4412336.6
2016-01-31,Togo,Sub-Saharan Africa,1531121.92
2016-02-29,Togo,Sub-Saharan Africa,12706826.73
2016-03-31,Togo,Sub-Saharan Africa,4474885.8
2016-04-30,Togo,Sub-Saharan Africa,509642.73
2016-05-31,Togo,Sub-Saharan Africa,5504184.659999999
2016-06-30,Togo,Sub-Saharan Africa,11254451.55
2016-07-31,Togo,Sub-Saharan Africa,967096.79
2016-08-31,Togo,Sub-Saharan Africa,1259835.12
2016-09-30,Togo,Sub-Saharan Africa,0.0
2016-10-31,Togo,Sub-Saharan Africa,6789603.95
2016-11-30,Togo,Sub-Saharan Africa,3862.62
2016-12-31,Togo,Sub-Saharan Africa,1965545.54
2017-01-31,Togo,Sub-Saharan Africa,830226.8899999999
2017-02-28,Togo,Sub-Saharan Africa,7157727.220000001
2017-03-31,Togo,Sub-Saharan Africa,7307334.75
2017-04-30,Togo,Sub-Saharan Africa,4508110.06
2017-05-31,Togo,Sub-Saharan Africa,0.0
2017-06-30,Togo,Sub-Saharan Africa,2394074.9
2010-01-31,Tonga,Australia and Oceania,4248272.4
2010-02-28,Tonga,Australia and Oceania,5874723.51
2010-03-31,Tonga,Australia and Oceania,8126267.07
2010-04-30,Tonga,Australia and Oceania,1485619.04
2010-05-31,Tonga,Australia and Oceania,1184908.62
2010-06-30,Tonga,Australia and Oceania,9990768.63
2010-07-31,Tonga,Australia and Oceania,10398898.49
2010-08-31,Tonga,Australia and Oceania,6458025.18
2010-09-30,Tonga,Australia and Oceania,596520.32
2010-10-31,Tonga,Australia and Oceania,2869343.6
2010-11-30,Tonga,Australia and Oceania,2159107.36
2010-12-31,Tonga,Australia and Oceania,4583056.680000001
2011-01-31,Tonga,Australia and Oceania,84888.05
2011-02-28,Tonga,Australia and Oceania,2280481.38
2011-03-31,Tonga,Australia and Oceania,4489298.18
2011-04-30,Tonga,Australia and Oceania,0.0
2011-05-31,Tonga,Australia and Oceania,3622037.81
2011-06-30,Tonga,Australia and Oceania,4355473.91
2011-07-31,Tonga,Australia and Oceania,6420286.25
2011-08-31,Tonga,Australia and Oceania,1118861.79
2011-09-30,Tonga,Australia and Oceania,4744993.84
2011-10-31,Tonga,Australia and Oceania,98961.0
2011-11-30,Tonga,Australia and Oceania,11724945.39
2011-12-31,Tonga,Australia and Oceania,2227236.42
2012-01-31,Tonga,Australia and Oceania,1007334.8799999999
2012-02-29,Tonga,Australia and Oceania,1754147.99
2012-03-31,Tonga,Australia and Oceania,6859560.87
2012-04-30,Tonga,Australia and Oceania,1537432.9300000002
2012-05-31,Tonga,Australia and Oceania,3664453.9400000004
2012-06-30,Tonga,Australia and Oceania,4623887.29
2012-07-31,Tonga,Australia and Oceania,7915023.12
2012-08-31,Tonga,Australia and Oceania,2875019.2800000003
2012-09-30,Tonga,Australia and Oceania,2049723.25
2012-10-31,Tonga,Australia and Oceania,1770222.8
2012-11-30,Tonga,Australia and Oceania,12605644.36
2012-12-31,Tonga,Australia and Oceania,12306871.47
2013-01-31,Tonga,Australia and Oceania,2319036.72
2013-02-28,Tonga,Australia and Oceania,8203118.08
2013-03-31,Tonga,Australia and Oceania,3544187.29
2013-04-30,Tonga,Australia and Oceania,8833141.1
2013-05-31,Tonga,Australia and Oceania,1830094.6400000001
2013-06-30,Tonga,Australia and Oceania,7332576.21
2013-07-31,Tonga,Australia and Oceania,5817754.09
2013-08-31,Tonga,Australia and Oceania,6161449.4
2013-09-30,Tonga,Australia and Oceania,8995883.57
2013-10-31,Tonga,Australia and Oceania,2633228.54
2013-11-30,Tonga,Australia and Oceania,6624253.34
2013-12-31,Tonga,Australia and Oceania,155368.73
2014-01-31,Tonga,Australia and Oceania,8572068.65
2014-02-28,Tonga,Australia and Oceania,165837.75
2014-03-31,Tonga,Australia and Oceania,3580047.7
2014-04-30,Tonga,Australia and Oceania,5642114.53
2014-05-31,Tonga,Australia and Oceania,2625536.8099999996
2014-06-30,Tonga,Australia and Oceania,7439093.6
2014-07-31,Tonga,Australia and Oceania,13013762.14
2014-08-31,Tonga,Australia and Oceania,2061776.43
2014-09-30,Tonga,Australia and Oceania,6929783.62
2014-10-31,Tonga,Australia and Oceania,3418637.79
2014-11-30,Tonga,Australia and Oceania,5485261.38
2014-12-31,Tonga,Australia and Oceania,4185135.58
2015-01-31,Tonga,Australia and Oceania,7911480.31
2015-02-28,Tonga,Australia and Oceania,10764722.06
2015-03-31,Tonga,Australia and Oceania,1487507.1
2015-04-30,Tonga,Australia and Oceania,2381089.62
2015-05-31,Tonga,Australia and Oceania,0.0
2015-06-30,Tonga,Australia and Oceania,8156547.02
2015-07-31,Tonga,Australia and Oceania,1495850.4
2015-08-31,Tonga,Australia and Oceania,3140307.96
2015-09-30,Tonga,Australia and Oceania,170013.35
2015-10-31,Tonga,Australia and Oceania,37817.65
2015-11-30,Tonga,Australia and Oceania,3510584.33
2015-12-31,Tonga,Australia and Oceania,3460561.9499999997
2016-01-31,Tonga,Australia and Oceania,71696.95
2016-02-29,Tonga,Australia and Oceania,695938.7000000001
2016-03-31,Tonga,Australia and Oceania,3468408.27
2016-04-30,Tonga,Australia and Oceania,131523.96
2016-05-31,Tonga,Australia and Oceania,5166595.32
2016-06-30,Tonga,Australia and Oceania,7148082.7
2016-07-31,Tonga,Australia and Oceania,3340073.73
2016-08-31,Tonga,Australia and Oceania,4041459.1799999997
2016-09-30,Tonga,Australia and Oceania,1554182.73
2016-10-31,Tonga,Australia and Oceania,6353855.97
2016-11-30,Tonga,Australia and Oceania,491012.6
2016-12-31,Tonga,Australia and Oceania,2965377.12
2017-01-31,Tonga,Australia and Oceania,1718514.3
2017-02-28,Tonga,Australia and Oceania,9683749.459999999
2017-03-31,Tonga,Australia and Oceania,3248144.66
2017-04-30,Tonga,Australia and Oceania,5793521.74
2017-05-31,Tonga,Australia and Oceania,183597.21000000002
2017-06-30,Tonga,Australia and Oceania,4916572.45
2010-02-28,Trinidad and Tobago,Central America and the Caribbean,967728.94
2010-03-31,Trinidad and Tobago,Central America and the Caribbean,288936.54000000004
2010-04-30,Trinidad and Tobago,Central America and the Caribbean,1373294.85
2010-05-31,Trinidad and Tobago,Central America and the Caribbean,4456293.25
2010-06-30,Trinidad and Tobago,Central America and the Caribbean,4942507.72
2010-07-31,Trinidad and Tobago,Central America and the Caribbean,4114693.17
2010-08-31,Trinidad and Tobago,Central America and the Caribbean,7040571.58
2010-09-30,Trinidad and Tobago,Central America and the Caribbean,2240847.84
2010-10-31,Trinidad and Tobago,Central America and the Caribbean,3515302.29
2010-11-30,Trinidad and Tobago,Central America and the Caribbean,1989131.27
2010-12-31,Trinidad and Tobago,Central America and the Caribbean,2160664.2399999998
2011-01-31,Trinidad and Tobago,Central America and the Caribbean,2308609.58
2011-02-28,Trinidad and Tobago,Central America and the Caribbean,7552220.08
2011-03-31,Trinidad and Tobago,Central America and the Caribbean,12070157.89
2011-04-30,Trinidad and Tobago,Central America and the Caribbean,7396069.8100000005
2011-05-31,Trinidad and Tobago,Central America and the Caribbean,605537.57
2011-06-30,Trinidad and Tobago,Central America and the Caribbean,6349734.92
2011-07-31,Trinidad and Tobago,Central America and the Caribbean,2183638.56
2011-08-31,Trinidad and Tobago,Central America and the Caribbean,5488182.93
2011-09-30,Trinidad and Tobago,Central America and the Caribbean,1610649.26
2011-10-31,Trinidad and Tobago,Central America and the Caribbean,4861747.6
2011-11-30,Trinidad and Tobago,Central America and the Caribbean,1327997.2
2011-12-31,Trinidad and Tobago,Central America and the Caribbean,9855824.579999998
2012-01-31,Trinidad and Tobago,Central America and the Caribbean,4089172.62
2012-02-29,Trinidad and Tobago,Central America and the Caribbean,1310890.07
2012-03-31,Trinidad and Tobago,Central America and the Caribbean,2105289.44
2012-04-30,Trinidad and Tobago,Central America and the Caribbean,758979.2
2012-05-31,Trinidad and Tobago,Central America and the Caribbean,2395600.42
2012-06-30,Trinidad and Tobago,Central America and the Caribbean,4070806.97
2012-07-31,Trinidad and Tobago,Central America and the Caribbean,3828434.16
2012-08-31,Trinidad and Tobago,Central America and the Caribbean,13059451.969999999
2012-09-30,Trinidad and Tobago,Central America and the Caribbean,2828742.62
2012-10-31,Trinidad and Tobago,Central America and the Caribbean,2222689.68
2012-11-30,Trinidad and Tobago,Central America and the Caribbean,5054248.34
2012-12-31,Trinidad and Tobago,Central America and the Caribbean,1667292.5899999999
2013-01-31,Trinidad and Tobago,Central America and the Caribbean,1182328.94
2013-02-28,Trinidad and Tobago,Central America and the Caribbean,794170.41
2013-03-31,Trinidad and Tobago,Central America and the Caribbean,506648.74
2013-04-30,Trinidad and Tobago,Central America and the Caribbean,3006097.87
2013-05-31,Trinidad and Tobago,Central America and the Caribbean,1394231.3900000001
2013-06-30,Trinidad and Tobago,Central America and the Caribbean,4126122.69
2013-07-31,Trinidad and Tobago,Central America and the Caribbean,5741187.33
2013-08-31,Trinidad and Tobago,Central America and the Caribbean,5160839.25
2013-09-30,Trinidad and Tobago,Central America and the Caribbean,1931412.53
2013-10-31,Trinidad and Tobago,Central America and the Caribbean,5657049.0
2013-11-30,Trinidad and Tobago,Central America and the Caribbean,8575226.120000001
2013-12-31,Trinidad and Tobago,Central America and the Caribbean,6244482.79
2014-01-31,Trinidad and Tobago,Central America and the Caribbean,7560045.84
2014-02-28,Trinidad and Tobago,Central America and the Caribbean,8190049.670000001
2014-03-31,Trinidad and Tobago,Central America and the Caribbean,8712089.0
2014-04-30,Trinidad and Tobago,Central America and the Caribbean,923939.1
2014-05-31,Trinidad and Tobago,Central America and the Caribbean,5837776.08
2014-06-30,Trinidad and Tobago,Central America and the Caribbean,3829335.08
2014-07-31,Trinidad and Tobago,Central America and the Caribbean,8678745.7
2014-08-31,Trinidad and Tobago,Central America and the Caribbean,3524184.5
2014-09-30,Trinidad and Tobago,Central America and the Caribbean,11547385.030000001
2014-10-31,Trinidad and Tobago,Central America and the Caribbean,7368536.949999999
2014-11-30,Trinidad and Tobago,Central America and the Caribbean,1218155.4
2014-12-31,Trinidad and Tobago,Central America and the Caribbean,981089.4
2015-01-31,Trinidad and Tobago,Central America and the Caribbean,782589.28
2015-02-28,Trinidad and Tobago,Central America and the Caribbean,2861178.63
2015-03-31,Trinidad and Tobago,Central America and the Caribbean,1350048.0
2015-04-30,Trinidad and Tobago,Central America and the Caribbean,3505571.0700000003
2015-05-31,Trinidad and Tobago,Central America and the Caribbean,3087069.2
2015-06-30,Trinidad and Tobago,Central America and the Caribbean,2085645.62
2015-07-31,Trinidad and Tobago,Central America and the Caribbean,3095142.75
2015-08-31,Trinidad and Tobago,Central America and the Caribbean,3571587.71
2015-09-30,Trinidad and Tobago,Central America and the Caribbean,7604854.63
2015-10-31,Trinidad and Tobago,Central America and the Caribbean,1532588.88
2015-11-30,Trinidad and Tobago,Central America and the Caribbean,695914.75
2015-12-31,Trinidad and Tobago,Central America and the Caribbean,4821385.5200000005
2016-01-31,Trinidad and Tobago,Central America and the Caribbean,7798452.9
2016-02-29,Trinidad and Tobago,Central America and the Caribbean,1117339.63
2016-03-31,Trinidad and Tobago,Central America and the Caribbean,5491509.49
2016-04-30,Trinidad and Tobago,Central America and the Caribbean,182065.65
2016-05-31,Trinidad and Tobago,Central America and the Caribbean,0.0
2016-06-30,Trinidad and Tobago,Central America and the Caribbean,661266.89
2016-07-31,Trinidad and Tobago,Central America and the Caribbean,3571765.68
2016-08-31,Trinidad and Tobago,Central America and the Caribbean,6059143.48
2016-09-30,Trinidad and Tobago,Central America and the Caribbean,11693684.219999999
2016-10-31,Trinidad and Tobago,Central America and the Caribbean,1874069.2200000002
2016-11-30,Trinidad and Tobago,Central America and the Caribbean,6867916.93
2016-12-31,Trinidad and Tobago,Central America and the Caribbean,9291701.05
2017-01-31,Trinidad and Tobago,Central America and the Caribbean,2542123.9899999998
2017-02-28,Trinidad and Tobago,Central America and the Caribbean,1771281.9
2017-03-31,Trinidad and Tobago,Central America and the Caribbean,7892385.35
2017-04-30,Trinidad and Tobago,Central America and the Caribbean,5101059.84
2017-05-31,Trinidad and Tobago,Central America and the Caribbean,1544357.85
2017-06-30,Trinidad and Tobago,Central America and the Caribbean,3395659.06
2010-02-28,Tunisia,Middle East and North Africa,8442234.06
2010-03-31,Tunisia,Middle East and North Africa,7303230.54
2010-04-30,Tunisia,Middle East and North Africa,884304.3
2010-05-31,Tunisia,Middle East and North Africa,0.0
2010-06-30,Tunisia,Middle East and North Africa,7577637.71
2010-07-31,Tunisia,Middle East and North Africa,2119997.25
2010-08-31,Tunisia,Middle East and North Africa,4842646.12
2010-09-30,Tunisia,Middle East and North Africa,6542172.25
2010-10-31,Tunisia,Middle East and North Africa,2622350.27
2010-11-30,Tunisia,Middle East and North Africa,12941227.25
2010-12-31,Tunisia,Middle East and North Africa,6459971.01
2011-01-31,Tunisia,Middle East and North Africa,2948163.81
2011-02-28,Tunisia,Middle East and North Africa,12284032.07
2011-03-31,Tunisia,Middle East and North Africa,6392630.25
2011-04-30,Tunisia,Middle East and North Africa,4219318.73
2011-05-31,Tunisia,Middle East and North Africa,2671755.06
2011-06-30,Tunisia,Middle East and North Africa,3004111.9099999997
2011-07-31,Tunisia,Middle East and North Africa,2421571.94
2011-08-31,Tunisia,Middle East and North Africa,1881848.32
2011-09-30,Tunisia,Middle East and North Africa,1664591.94
2011-10-31,Tunisia,Middle East and North Africa,3934800.0
2011-11-30,Tunisia,Middle East and North Africa,7239116.26
2011-12-31,Tunisia,Middle East and North Africa,4178054.1500000004
2012-01-31,Tunisia,Middle East and North Africa,1421968.73
2012-02-29,Tunisia,Middle East and North Africa,349042.2
2012-03-31,Tunisia,Middle East and North Africa,5557641.71
2012-04-30,Tunisia,Middle East and North Africa,10804.14
2012-05-31,Tunisia,Middle East and North Africa,1479093.9
2012-06-30,Tunisia,Middle East and North Africa,8507621.02
2012-07-31,Tunisia,Middle East and North Africa,0.0
2012-08-31,Tunisia,Middle East and North Africa,8195710.9399999995
2012-09-30,Tunisia,Middle East and North Africa,1897685.6
2012-10-31,Tunisia,Middle East and North Africa,1350469.89
2012-11-30,Tunisia,Middle East and North Africa,1632067.6
2012-12-31,Tunisia,Middle East and North Africa,2530559.12
2013-01-31,Tunisia,Middle East and North Africa,6229916.18
2013-02-28,Tunisia,Middle East and North Africa,76595.16
2013-03-31,Tunisia,Middle East and North Africa,7520590.14
2013-04-30,Tunisia,Middle East and North Africa,5331247.24
2013-05-31,Tunisia,Middle East and North Africa,11610572.1
2013-06-30,Tunisia,Middle East and North Africa,1397040.8199999998
2013-07-31,Tunisia,Middle East and North Africa,5072674.68
2013-08-31,Tunisia,Middle East and North Africa,2237624.06
2013-09-30,Tunisia,Middle East and North Africa,5450094.47
2013-10-31,Tunisia,Middle East and North Africa,7962413.25
2013-11-30,Tunisia,Middle East and North Africa,1141450.98
2013-12-31,Tunisia,Middle East and North Africa,53932.700000000004
2014-01-31,Tunisia,Middle East and North Africa,12757661.69
2014-02-28,Tunisia,Middle East and North Africa,7357339.2
2014-03-31,Tunisia,Middle East and North Africa,7575045.07
2014-04-30,Tunisia,Middle East and North Africa,1525037.1
2014-05-31,Tunisia,Middle East and North Africa,1130700.4
2014-06-30,Tunisia,Middle East and North Africa,8120112.72
2014-07-31,Tunisia,Middle East and North Africa,6372767.16
2014-08-31,Tunisia,Middle East and North Africa,2703861.03
2014-09-30,Tunisia,Middle East and North Africa,1380238.68
2014-10-31,Tunisia,Middle East and North Africa,157829.2
2014-11-30,Tunisia,Middle East and North Africa,409825.65
2014-12-31,Tunisia,Middle East and North Africa,6661404.71
2015-01-31,Tunisia,Middle East and North Africa,6538799.49
2015-02-28,Tunisia,Middle East and North Africa,1581748.58
2015-03-31,Tunisia,Middle East and North Africa,1703865.15
2015-04-30,Tunisia,Middle East and North Africa,3671618.52
2015-05-31,Tunisia,Middle East and North Africa,6981876.96
2015-06-30,Tunisia,Middle East and North Africa,17030641.7
2015-07-31,Tunisia,Middle East and North Africa,9198220.0
2015-08-31,Tunisia,Middle East and North Africa,5038395.72
2015-09-30,Tunisia,Middle East and North Africa,11839251.98
2015-10-31,Tunisia,Middle East and North Africa,3288976.83
2015-11-30,Tunisia,Middle East and North Africa,2752355.12
2015-12-31,Tunisia,Middle East and North Africa,5296021.22
2016-01-31,Tunisia,Middle East and North Africa,6139304.4
2016-02-29,Tunisia,Middle East and North Africa,0.0
2016-03-31,Tunisia,Middle East and North Africa,2433694.11
2016-04-30,Tunisia,Middle East and North Africa,10292471.42
2016-05-31,Tunisia,Middle East and North Africa,1157442.16
2016-06-30,Tunisia,Middle East and North Africa,0.0
2016-07-31,Tunisia,Middle East and North Africa,0.0
2016-08-31,Tunisia,Middle East and North Africa,10951180.43
2016-09-30,Tunisia,Middle East and North Africa,1629892.93
2016-10-31,Tunisia,Middle East and North Africa,426155.94
2016-11-30,Tunisia,Middle East and North Africa,1434615.63
2016-12-31,Tunisia,Middle East and North Africa,12172065.540000001
2017-01-31,Tunisia,Middle East and North Africa,5289156.78
2017-02-28,Tunisia,Middle East and North Africa,538439.7
2017-03-31,Tunisia,Middle East and North Africa,718188.16
2017-04-30,Tunisia,Middle East and North Africa,10767924.2
2017-05-31,Tunisia,Middle East and North Africa,5852688.48
2017-06-30,Tunisia,Middle East and North Africa,1142844.1500000001
2010-01-31,Turkey,Middle East and North Africa,3276888.72
2010-02-28,Turkey,Middle East and North Africa,3637482.6199999996
2010-03-31,Turkey,Middle East and North Africa,4505595.54
2010-04-30,Turkey,Middle East and North Africa,1229090.68
2010-05-31,Turkey,Middle East and North Africa,2992962.0
2010-06-30,Turkey,Middle East and North Africa,1621603.76
2010-07-31,Turkey,Middle East and North Africa,2492303.8600000003
2010-08-31,Turkey,Middle East and North Africa,521859.42000000004
2010-09-30,Turkey,Middle East and North Africa,0.0
2010-10-31,Turkey,Middle East and North Africa,7266127.68
2010-11-30,Turkey,Middle East and North Africa,1817877.6
2010-12-31,Turkey,Middle East and North Africa,7158108.97
2011-01-31,Turkey,Middle East and North Africa,2197951.95
2011-02-28,Turkey,Middle East and North Africa,2651287.58
2011-03-31,Turkey,Middle East and North Africa,1795531.86
2011-04-30,Turkey,Middle East and North Africa,7891408.82
2011-05-31,Turkey,Middle East and North Africa,6261282.720000001
2011-06-30,Turkey,Middle East and North Africa,3228326.56
2011-07-31,Turkey,Middle East and North Africa,5716657.029999999
2011-08-31,Turkey,Middle East and North Africa,7769814.3100000005
2011-09-30,Turkey,Middle East and North Africa,5232151.1
2011-10-31,Turkey,Middle East and North Africa,4813809.68
2011-11-30,Turkey,Middle East and North Africa,4717186.220000001
2011-12-31,Turkey,Middle East and North Africa,6425099.9
2012-01-31,Turkey,Middle East and North Africa,763357.74
2012-02-29,Turkey,Middle East and North Africa,1393502.67
2012-03-31,Turkey,Middle East and North Africa,4514348.91
2012-04-30,Turkey,Middle East and North Africa,2944602.6799999997
2012-05-31,Turkey,Middle East and North Africa,5055995.050000001
2012-06-30,Turkey,Middle East and North Africa,2018885.49
2012-07-31,Turkey,Middle East and North Africa,835372.2
2012-08-31,Turkey,Middle East and North Africa,1073146.1400000001
2012-09-30,Turkey,Middle East and North Africa,225102.8
2012-10-31,Turkey,Middle East and North Africa,6141121.140000001
2012-11-30,Turkey,Middle East and North Africa,579850.21
2012-12-31,Turkey,Middle East and North Africa,6113965.13
2013-01-31,Turkey,Middle East and North Africa,829999.5
2013-02-28,Turkey,Middle East and North Africa,6866972.98
2013-03-31,Turkey,Middle East and North Africa,1620959.6300000001
2013-04-30,Turkey,Middle East and North Africa,9959680.75
2013-05-31,Turkey,Middle East and North Africa,4448005.12
2013-06-30,Turkey,Middle East and North Africa,6060532.35
2013-07-31,Turkey,Middle East and North Africa,6825279.449999999
2013-08-31,Turkey,Middle East and North Africa,311286.4
2013-09-30,Turkey,Middle East and North Africa,1226326.5
2013-10-31,Turkey,Middle East and North Africa,5662538.05
2013-11-30,Turkey,Middle East and North Africa,4563699.84
2013-12-31,Turkey,Middle East and North Africa,1931448.48
2014-01-31,Turkey,Middle East and North Africa,0.0
2014-02-28,Turkey,Middle East and North Africa,2437374.65
2014-03-31,Turkey,Middle East and North Africa,5544382.649999999
2014-04-30,Turkey,Middle East and North Africa,7877339.72
2014-05-31,Turkey,Middle East and North Africa,6695761.640000001
2014-06-30,Turkey,Middle East and North Africa,1674118.56
2014-07-31,Turkey,Middle East and North Africa,7413765.88
2014-08-31,Turkey,Middle East and North Africa,4528703.78
2014-09-30,Turkey,Middle East and North Africa,4885643.08
2014-10-31,Turkey,Middle East and North Africa,0.0
2014-11-30,Turkey,Middle East and North Africa,518924.7
2014-12-31,Turkey,Middle East and North Africa,242582.01
2015-01-31,Turkey,Middle East and North Africa,766906.0
2015-02-28,Turkey,Middle East and North Africa,5752408.82
2015-03-31,Turkey,Middle East and North Africa,8526292.53
2015-04-30,Turkey,Middle East and North Africa,2654678.4
2015-05-31,Turkey,Middle East and North Africa,7079227.300000001
2015-06-30,Turkey,Middle East and North Africa,2044237.5
2015-07-31,Turkey,Middle East and North Africa,14484358.74
2015-08-31,Turkey,Middle East and North Africa,1753540.48
2015-09-30,Turkey,Middle East and North Africa,4344013.93
2015-10-31,Turkey,Middle East and North Africa,2000397.7000000002
2015-11-30,Turkey,Middle East and North Africa,3706225.42
2015-12-31,Turkey,Middle East and North Africa,2060960.8
2016-01-31,Turkey,Middle East and North Africa,12301215.530000001
2016-02-29,Turkey,Middle East and North Africa,1082851.09
2016-03-31,Turkey,Middle East and North Africa,2963465.18
2016-04-30,Turkey,Middle East and North Africa,1215533.4
2016-05-31,Turkey,Middle East and North Africa,826382.3700000001
2016-06-30,Turkey,Middle East and North Africa,2395252.7199999997
2016-07-31,Turkey,Middle East and North Africa,4710272.22
2016-08-31,Turkey,Middle East and North Africa,3814943.19
2016-09-30,Turkey,Middle East and North Africa,4072787.66
2016-10-31,Turkey,Middle East and North Africa,4103466.07
2016-11-30,Turkey,Middle East and North Africa,6244275.83
2016-12-31,Turkey,Middle East and North Africa,4032372.6599999997
2017-01-31,Turkey,Middle East and North Africa,3998091.48
2017-02-28,Turkey,Middle East and North Africa,2471876.24
2017-03-31,Turkey,Middle East and North Africa,5924003.62
2017-04-30,Turkey,Middle East and North Africa,4137829.9299999997
2017-05-31,Turkey,Middle East and North Africa,3769333.92
2017-06-30,Turkey,Middle East and North Africa,0.0
2010-01-31,Turkmenistan,Asia,2203488.0
2010-02-28,Turkmenistan,Asia,2262490.26
2010-03-31,Turkmenistan,Asia,509617.2
2010-04-30,Turkmenistan,Asia,0.0
2010-05-31,Turkmenistan,Asia,1020347.36
2010-06-30,Turkmenistan,Asia,1698.06
2010-07-31,Turkmenistan,Asia,4026089.7600000002
2010-08-31,Turkmenistan,Asia,6143719.71
2010-09-30,Turkmenistan,Asia,7254318.83
2010-10-31,Turkmenistan,Asia,704418.88
2010-11-30,Turkmenistan,Asia,7014323.5600000005
2010-12-31,Turkmenistan,Asia,2267907.52
2011-01-31,Turkmenistan,Asia,4993081.92
2011-02-28,Turkmenistan,Asia,1526319.12
2011-03-31,Turkmenistan,Asia,7192521.91
2011-04-30,Turkmenistan,Asia,5632275.96
2011-05-31,Turkmenistan,Asia,4915984.29
2011-06-30,Turkmenistan,Asia,4274140.56
2011-07-31,Turkmenistan,Asia,2949601.6399999997
2011-08-31,Turkmenistan,Asia,5947977.5600000005
2011-09-30,Turkmenistan,Asia,10429502.51
2011-10-31,Turkmenistan,Asia,8931837.0
2011-11-30,Turkmenistan,Asia,1078833.75
2011-12-31,Turkmenistan,Asia,3210938.33
2012-01-31,Turkmenistan,Asia,12100821.18
2012-02-29,Turkmenistan,Asia,2211345.33
2012-03-31,Turkmenistan,Asia,1473174.0
2012-04-30,Turkmenistan,Asia,8149467.869999999
2012-05-31,Turkmenistan,Asia,1723718.8699999999
2012-06-30,Turkmenistan,Asia,7114938.5
2012-07-31,Turkmenistan,Asia,0.0
2012-08-31,Turkmenistan,Asia,3212379.06
2012-09-30,Turkmenistan,Asia,2474262.77
2012-10-31,Turkmenistan,Asia,1631541.07
2012-11-30,Turkmenistan,Asia,4348031.51
2012-12-31,Turkmenistan,Asia,2097399.03
2013-01-31,Turkmenistan,Asia,2786537.3
2013-02-28,Turkmenistan,Asia,665624.8999999999
2013-03-31,Turkmenistan,Asia,42769.28
2013-04-30,Turkmenistan,Asia,2037712.7
2013-05-31,Turkmenistan,Asia,11362105.879999999
2013-06-30,Turkmenistan,Asia,4053661.55
2013-07-31,Turkmenistan,Asia,0.0
2013-08-31,Turkmenistan,Asia,2557713.02
2013-09-30,Turkmenistan,Asia,4491196.25
2013-10-31,Turkmenistan,Asia,94284.72
2013-11-30,Turkmenistan,Asia,1114220.31
2013-12-31,Turkmenistan,Asia,950936.78
2014-01-31,Turkmenistan,Asia,5868485.0600000005
2014-02-28,Turkmenistan,Asia,3749427.2
2014-03-31,Turkmenistan,Asia,937294.56
2014-04-30,Turkmenistan,Asia,3707756.5300000003
2014-05-31,Turkmenistan,Asia,1064683.3399999999
2014-06-30,Turkmenistan,Asia,2911923.48
2014-07-31,Turkmenistan,Asia,11618102.15
2014-08-31,Turkmenistan,Asia,7795138.69
2014-09-30,Turkmenistan,Asia,6143210.33
2014-10-31,Turkmenistan,Asia,162227.72
2014-11-30,Turkmenistan,Asia,1942279.3800000001
2014-12-31,Turkmenistan,Asia,3902718.06
2015-01-31,Turkmenistan,Asia,4086441.0
2015-02-28,Turkmenistan,Asia,10277463.43
2015-03-31,Turkmenistan,Asia,1497617.26
2015-04-30,Turkmenistan,Asia,7402134.65
2015-05-31,Turkmenistan,Asia,7202024.149999999
2015-06-30,Turkmenistan,Asia,1169289.6099999999
2015-07-31,Turkmenistan,Asia,1294712.72
2015-08-31,Turkmenistan,Asia,6317647.93
2015-09-30,Turkmenistan,Asia,1421276.6400000001
2015-10-31,Turkmenistan,Asia,0.0
2015-11-30,Turkmenistan,Asia,556459.26
2015-12-31,Turkmenistan,Asia,385539.84
2016-01-31,Turkmenistan,Asia,550101.45
2016-02-29,Turkmenistan,Asia,2687315.82
2016-03-31,Turkmenistan,Asia,3099774.8
2016-04-30,Turkmenistan,Asia,597224.01
2016-05-31,Turkmenistan,Asia,1473725.3399999999
2016-06-30,Turkmenistan,Asia,10243294.96
2016-07-31,Turkmenistan,Asia,8141526.4399999995
2016-08-31,Turkmenistan,Asia,5372870.619999999
2016-09-30,Turkmenistan,Asia,4779090.97
2016-10-31,Turkmenistan,Asia,572855.36
2016-11-30,Turkmenistan,Asia,5509474.65
2016-12-31,Turkmenistan,Asia,8632723.16
2017-01-31,Turkmenistan,Asia,12884381.93
2017-02-28,Turkmenistan,Asia,2086958.6300000001
2017-03-31,Turkmenistan,Asia,3631297.38
2017-04-30,Turkmenistan,Asia,2997072.25
2017-05-31,Turkmenistan,Asia,192805.2
2017-06-30,Turkmenistan,Asia,0.0
2010-01-31,Tuvalu,Australia and Oceania,756428.7899999999
2010-02-28,Tuvalu,Australia and Oceania,14271489.85
2010-03-31,Tuvalu,Australia and Oceania,1353331.23
2010-04-30,Tuvalu,Australia and Oceania,7075753.68
2010-05-31,Tuvalu,Australia and Oceania,513725.28
2010-06-30,Tuvalu,Australia and Oceania,3868564.85
2010-07-31,Tuvalu,Australia and Oceania,3544952.84
2010-08-31,Tuvalu,Australia and Oceania,3586789.86
2010-09-30,Tuvalu,Australia and Oceania,33877.23
2010-10-31,Tuvalu,Australia and Oceania,4910708.04
2010-11-30,Tuvalu,Australia and Oceania,2545912.92
2010-12-31,Tuvalu,Australia and Oceania,2781697.79
2011-01-31,Tuvalu,Australia and Oceania,3390246.9
2011-02-28,Tuvalu,Australia and Oceania,928333.7
2011-03-31,Tuvalu,Australia and Oceania,2054386.1400000001
2011-04-30,Tuvalu,Australia and Oceania,1215264.74
2011-05-31,Tuvalu,Australia and Oceania,8387560.6
2011-06-30,Tuvalu,Australia and Oceania,1210301.66
2011-07-31,Tuvalu,Australia and Oceania,6428568.050000001
2011-08-31,Tuvalu,Australia and Oceania,4288706.64
2011-09-30,Tuvalu,Australia and Oceania,1382085.92
2011-10-31,Tuvalu,Australia and Oceania,9467122.18
2011-11-30,Tuvalu,Australia and Oceania,3698760.4000000004
2011-12-31,Tuvalu,Australia and Oceania,98789.12
2012-01-31,Tuvalu,Australia and Oceania,4138586.5100000002
2012-02-29,Tuvalu,Australia and Oceania,2910115.95
2012-03-31,Tuvalu,Australia and Oceania,3727266.4400000004
2012-04-30,Tuvalu,Australia and Oceania,886812.78
2012-05-31,Tuvalu,Australia and Oceania,9143233.530000001
2012-06-30,Tuvalu,Australia and Oceania,1520825.28
2012-07-31,Tuvalu,Australia and Oceania,9966042.200000001
2012-08-31,Tuvalu,Australia and Oceania,0.0
2012-09-30,Tuvalu,Australia and Oceania,3938693.96
2012-10-31,Tuvalu,Australia and Oceania,0.0
2012-11-30,Tuvalu,Australia and Oceania,1575143.7
2012-12-31,Tuvalu,Australia and Oceania,526095.84
2013-01-31,Tuvalu,Australia and Oceania,2819352.96
2013-02-28,Tuvalu,Australia and Oceania,908999.5599999999
2013-03-31,Tuvalu,Australia and Oceania,6982232.789999999
2013-04-30,Tuvalu,Australia and Oceania,12742835.469999999
2013-05-31,Tuvalu,Australia and Oceania,14298568.17
2013-06-30,Tuvalu,Australia and Oceania,1869945.44
2013-07-31,Tuvalu,Australia and Oceania,7250220.569999999
2013-08-31,Tuvalu,Australia and Oceania,7853717.91
2013-09-30,Tuvalu,Australia and Oceania,843177.28
2013-10-31,Tuvalu,Australia and Oceania,3343314.5999999996
2013-11-30,Tuvalu,Australia and Oceania,303680.0
2013-12-31,Tuvalu,Australia and Oceania,423591.23
2014-01-31,Tuvalu,Australia and Oceania,4872289.62
2014-02-28,Tuvalu,Australia and Oceania,5148199.03
2014-03-31,Tuvalu,Australia and Oceania,7692120.33
2014-04-30,Tuvalu,Australia and Oceania,10272999.61
2014-05-31,Tuvalu,Australia and Oceania,2352996.47
2014-06-30,Tuvalu,Australia and Oceania,813556.56
2014-07-31,Tuvalu,Australia and Oceania,3638801.25
2014-08-31,Tuvalu,Australia and Oceania,8548287.45
2014-09-30,Tuvalu,Australia and Oceania,2445362.62
2014-10-31,Tuvalu,Australia and Oceania,7594777.27
2014-11-30,Tuvalu,Australia and Oceania,100926.15
2014-12-31,Tuvalu,Australia and Oceania,2308204.58
2015-01-31,Tuvalu,Australia and Oceania,17129464.87
2015-02-28,Tuvalu,Australia and Oceania,1144208.99
2015-03-31,Tuvalu,Australia and Oceania,0.0
2015-04-30,Tuvalu,Australia and Oceania,2622223.38
2015-05-31,Tuvalu,Australia and Oceania,2979378.3000000003
2015-06-30,Tuvalu,Australia and Oceania,9652181.7
2015-07-31,Tuvalu,Australia and Oceania,8637577.31
2015-08-31,Tuvalu,Australia and Oceania,551195.56
2015-09-30,Tuvalu,Australia and Oceania,1919714.2
2015-10-31,Tuvalu,Australia and Oceania,0.0
2015-11-30,Tuvalu,Australia and Oceania,0.0
2015-12-31,Tuvalu,Australia and Oceania,1556229.31
2016-01-31,Tuvalu,Australia and Oceania,0.0
2016-02-29,Tuvalu,Australia and Oceania,2545043.94
2016-03-31,Tuvalu,Australia and Oceania,2587647.06
2016-04-30,Tuvalu,Australia and Oceania,988594.2
2016-05-31,Tuvalu,Australia and Oceania,4429036.64
2016-06-30,Tuvalu,Australia and Oceania,470251.56
2016-07-31,Tuvalu,Australia and Oceania,4540412.3100000005
2016-08-31,Tuvalu,Australia and Oceania,3230737.9299999997
2016-09-30,Tuvalu,Australia and Oceania,9152660.86
2016-10-31,Tuvalu,Australia and Oceania,3126974.24
2016-11-30,Tuvalu,Australia and Oceania,8497662.68
2016-12-31,Tuvalu,Australia and Oceania,9726427.09
2017-01-31,Tuvalu,Australia and Oceania,13733.76
2017-02-28,Tuvalu,Australia and Oceania,2099289.7800000003
2017-03-31,Tuvalu,Australia and Oceania,2543748.8000000003
2017-04-30,Tuvalu,Australia and Oceania,6702435.61
2017-05-31,Tuvalu,Australia and Oceania,5942652.27
2017-06-30,Tuvalu,Australia and Oceania,4337232.04
2010-01-31,Uganda,Sub-Saharan Africa,2873161.18
2010-02-28,Uganda,Sub-Saharan Africa,7401512.61
2010-03-31,Uganda,Sub-Saharan Africa,280006.98
2010-04-30,Uganda,Sub-Saharan Africa,1303230.6
2010-05-31,Uganda,Sub-Saharan Africa,8136762.66
2010-06-30,Uganda,Sub-Saharan Africa,150289.86000000002
2010-07-31,Uganda,Sub-Saharan Africa,1838607.92
2010-08-31,Uganda,Sub-Saharan Africa,5662675.22
2010-09-30,Uganda,Sub-Saharan Africa,4755693.11
2010-10-31,Uganda,Sub-Saharan Africa,2666503.59
2010-11-30,Uganda,Sub-Saharan Africa,2309504.76
2010-12-31,Uganda,Sub-Saharan Africa,2031474.81
2011-01-31,Uganda,Sub-Saharan Africa,7291078.14
2011-02-28,Uganda,Sub-Saharan Africa,5205416.97
2011-03-31,Uganda,Sub-Saharan Africa,4148089.23
2011-04-30,Uganda,Sub-Saharan Africa,5225364.6
2011-05-31,Uganda,Sub-Saharan Africa,8971499.32
2011-06-30,Uganda,Sub-Saharan Africa,0.0
2011-07-31,Uganda,Sub-Saharan Africa,2397173.7
2011-08-31,Uganda,Sub-Saharan Africa,8692585.71
2011-09-30,Uganda,Sub-Saharan Africa,3223990.5700000003
2011-10-31,Uganda,Sub-Saharan Africa,7793218.7
2011-11-30,Uganda,Sub-Saharan Africa,4655820.82
2011-12-31,Uganda,Sub-Saharan Africa,2882439.32
2012-01-31,Uganda,Sub-Saharan Africa,4786647.04
2012-02-29,Uganda,Sub-Saharan Africa,542753.7
2012-03-31,Uganda,Sub-Saharan Africa,1124992.04
2012-04-30,Uganda,Sub-Saharan Africa,7038866.32
2012-05-31,Uganda,Sub-Saharan Africa,6886144.6
2012-06-30,Uganda,Sub-Saharan Africa,10061804.27
2012-07-31,Uganda,Sub-Saharan Africa,7796547.82
2012-08-31,Uganda,Sub-Saharan Africa,453398.58
2012-09-30,Uganda,Sub-Saharan Africa,2904090.67
2012-10-31,Uganda,Sub-Saharan Africa,2977699.62
2012-11-30,Uganda,Sub-Saharan Africa,5153843.88
2012-12-31,Uganda,Sub-Saharan Africa,1155584.31
2013-01-31,Uganda,Sub-Saharan Africa,3860779.54
2013-02-28,Uganda,Sub-Saharan Africa,0.0
2013-03-31,Uganda,Sub-Saharan Africa,3890122.69
2013-04-30,Uganda,Sub-Saharan Africa,269039.64
2013-05-31,Uganda,Sub-Saharan Africa,0.0
2013-06-30,Uganda,Sub-Saharan Africa,3229748.91
2013-07-31,Uganda,Sub-Saharan Africa,950751.5900000001
2013-08-31,Uganda,Sub-Saharan Africa,1426118.1
2013-09-30,Uganda,Sub-Saharan Africa,90351.72
2013-10-31,Uganda,Sub-Saharan Africa,7014227.33
2013-11-30,Uganda,Sub-Saharan Africa,3168204.29
2013-12-31,Uganda,Sub-Saharan Africa,3077216.95
2014-01-31,Uganda,Sub-Saharan Africa,267333.3
2014-02-28,Uganda,Sub-Saharan Africa,336520.01999999996
2014-03-31,Uganda,Sub-Saharan Africa,8718561.91
2014-04-30,Uganda,Sub-Saharan Africa,2796938.88
2014-05-31,Uganda,Sub-Saharan Africa,6661992.149999999
2014-06-30,Uganda,Sub-Saharan Africa,439258.43999999994
2014-07-31,Uganda,Sub-Saharan Africa,1083375.81
2014-08-31,Uganda,Sub-Saharan Africa,8133245.369999999
2014-09-30,Uganda,Sub-Saharan Africa,9853558.96
2014-10-31,Uganda,Sub-Saharan Africa,5949982.459999999
2014-11-30,Uganda,Sub-Saharan Africa,4221405.149999999
2014-12-31,Uganda,Sub-Saharan Africa,1369131.22
2015-01-31,Uganda,Sub-Saharan Africa,3241800.72
2015-02-28,Uganda,Sub-Saharan Africa,4335363.21
2015-03-31,Uganda,Sub-Saharan Africa,71691.72
2015-04-30,Uganda,Sub-Saharan Africa,1353318.97
2015-05-31,Uganda,Sub-Saharan Africa,13243782.34
2015-06-30,Uganda,Sub-Saharan Africa,9606093.68
2015-07-31,Uganda,Sub-Saharan Africa,3294166.83
2015-08-31,Uganda,Sub-Saharan Africa,3613564.5999999996
2015-09-30,Uganda,Sub-Saharan Africa,0.0
2015-10-31,Uganda,Sub-Saharan Africa,622537.41
2015-11-30,Uganda,Sub-Saharan Africa,311344.08999999997
2015-12-31,Uganda,Sub-Saharan Africa,4140531.29
2016-01-31,Uganda,Sub-Saharan Africa,2543407.46
2016-02-29,Uganda,Sub-Saharan Africa,2800878.76
2016-03-31,Uganda,Sub-Saharan Africa,8295451.8100000005
2016-04-30,Uganda,Sub-Saharan Africa,0.0
2016-05-31,Uganda,Sub-Saharan Africa,2961036.77
2016-06-30,Uganda,Sub-Saharan Africa,7205015.390000001
2016-07-31,Uganda,Sub-Saharan Africa,5943018.82
2016-08-31,Uganda,Sub-Saharan Africa,4619344.569999999
2016-09-30,Uganda,Sub-Saharan Africa,3511908.81
2016-10-31,Uganda,Sub-Saharan Africa,3533143.49
2016-11-30,Uganda,Sub-Saharan Africa,9393593.93
2016-12-31,Uganda,Sub-Saharan Africa,2186352.81
2017-01-31,Uganda,Sub-Saharan Africa,3617940.5599999996
2017-02-28,Uganda,Sub-Saharan Africa,348712.48
2017-03-31,Uganda,Sub-Saharan Africa,1034747.5
2017-04-30,Uganda,Sub-Saharan Africa,878086.52
2017-05-31,Uganda,Sub-Saharan Africa,2157451.65
2017-06-30,Uganda,Sub-Saharan Africa,3085996.92
2010-01-31,Ukraine,Europe,5921346.18
2010-02-28,Ukraine,Europe,3644755.66
2010-03-31,Ukraine,Europe,321212.33999999997
2010-04-30,Ukraine,Europe,5099941.0
2010-05-31,Ukraine,Europe,2192377.78
2010-06-30,Ukraine,Europe,1804853.6300000001
2010-07-31,Ukraine,Europe,6029384.22
2010-08-31,Ukraine,Europe,1499868.8
2010-09-30,Ukraine,Europe,4182687.56
2010-10-31,Ukraine,Europe,1936602.52
2010-11-30,Ukraine,Europe,4023204.4899999998
2010-12-31,Ukraine,Europe,42162.27
2011-01-31,Ukraine,Europe,2087.8
2011-02-28,Ukraine,Europe,889305.78
2011-03-31,Ukraine,Europe,2069612.48
2011-04-30,Ukraine,Europe,2342198.81
2011-05-31,Ukraine,Europe,741624.1799999999
2011-06-30,Ukraine,Europe,5730978.16
2011-07-31,Ukraine,Europe,4241902.79
2011-08-31,Ukraine,Europe,0.0
2011-09-30,Ukraine,Europe,3126052.04
2011-10-31,Ukraine,Europe,1883751.82
2011-11-30,Ukraine,Europe,480452.23
2011-12-31,Ukraine,Europe,5993618.85
2012-01-31,Ukraine,Europe,4813744.32
2012-02-29,Ukraine,Europe,7919281.09
2012-03-31,Ukraine,Europe,1457284.6099999999
2012-04-30,Ukraine,Europe,1055575.16
2012-05-31,Ukraine,Europe,3618151.5199999996
2012-06-30,Ukraine,Europe,32674.72
2012-07-31,Ukraine,Europe,7807955.84
2012-08-31,Ukraine,Europe,7458674.4799999995
2012-09-30,Ukraine,Europe,3034769.3
2012-10-31,Ukraine,Europe,741041.04
2012-11-30,Ukraine,Europe,6776011.41
2012-12-31,Ukraine,Europe,1002936.8
2013-01-31,Ukraine,Europe,1272570.8
2013-02-28,Ukraine,Europe,2583700.8
2013-03-31,Ukraine,Europe,4967226.0200000005
2013-04-30,Ukraine,Europe,8970090.21
2013-05-31,Ukraine,Europe,5607330.71
2013-06-30,Ukraine,Europe,10445512.71
2013-07-31,Ukraine,Europe,1762466.04
2013-08-31,Ukraine,Europe,1626268.96
2013-09-30,Ukraine,Europe,5080466.0
2013-10-31,Ukraine,Europe,6147084.37
2013-11-30,Ukraine,Europe,2823206.69
2013-12-31,Ukraine,Europe,0.0
2014-01-31,Ukraine,Europe,7026650.07
2014-02-28,Ukraine,Europe,2971342.25
2014-03-31,Ukraine,Europe,333193.9
2014-04-30,Ukraine,Europe,15682075.69
2014-05-31,Ukraine,Europe,3272763.83
2014-06-30,Ukraine,Europe,258555.05
2014-07-31,Ukraine,Europe,352159.45999999996
2014-08-31,Ukraine,Europe,5104347.550000001
2014-09-30,Ukraine,Europe,505624.92
2014-10-31,Ukraine,Europe,9068809.649999999
2014-11-30,Ukraine,Europe,4582073.0
2014-12-31,Ukraine,Europe,2329626.25
2015-01-31,Ukraine,Europe,8870104.78
2015-02-28,Ukraine,Europe,0.0
2015-03-31,Ukraine,Europe,5099461.49
2015-04-30,Ukraine,Europe,4113622.04
2015-05-31,Ukraine,Europe,3507122.3400000003
2015-06-30,Ukraine,Europe,5063481.79
2015-07-31,Ukraine,Europe,5040841.24
2015-08-31,Ukraine,Europe,564029.4
2015-09-30,Ukraine,Europe,2429353.9699999997
2015-10-31,Ukraine,Europe,27728.76
2015-11-30,Ukraine,Europe,8974625.64
2015-12-31,Ukraine,Europe,1074576.8
2016-01-31,Ukraine,Europe,3257375.11
2016-02-29,Ukraine,Europe,5856296.1
2016-03-31,Ukraine,Europe,9554470.799999999
2016-04-30,Ukraine,Europe,1651295.17
2016-05-31,Ukraine,Europe,5628020.64
2016-06-30,Ukraine,Europe,3809703.74
2016-07-31,Ukraine,Europe,3310444.39
2016-08-31,Ukraine,Europe,3961224.0100000002
2016-09-30,Ukraine,Europe,5184773.970000001
2016-10-31,Ukraine,Europe,5951239.1
2016-11-30,Ukraine,Europe,1543465.06
2016-12-31,Ukraine,Europe,5412235.48
2017-01-31,Ukraine,Europe,7435781.91
2017-02-28,Ukraine,Europe,2936951.99
2017-03-31,Ukraine,Europe,7757444.55
2017-04-30,Ukraine,Europe,5689014.01
2017-05-31,Ukraine,Europe,2267639.52
2017-06-30,Ukraine,Europe,5865690.51
2010-01-31,United Arab Emirates,Middle East and North Africa,5626545.6
2010-02-28,United Arab Emirates,Middle East and North Africa,5456265.7299999995
2010-03-31,United Arab Emirates,Middle East and North Africa,2291080.29
2010-04-30,United Arab Emirates,Middle East and North Africa,1215023.5299999998
2010-05-31,United Arab Emirates,Middle East and North Africa,3640263.9
2010-06-30,United Arab Emirates,Middle East and North Africa,121500.66
2010-07-31,United Arab Emirates,Middle East and North Africa,3090522.18
2010-08-31,United Arab Emirates,Middle East and North Africa,582882.55
2010-09-30,United Arab Emirates,Middle East and North Africa,5928846.5
2010-10-31,United Arab Emirates,Middle East and North Africa,5004037.33
2010-11-30,United Arab Emirates,Middle East and North Africa,8917460.629999999
2010-12-31,United Arab Emirates,Middle East and North Africa,3017658.6100000003
2011-01-31,United Arab Emirates,Middle East and North Africa,1548098.2
2011-02-28,United Arab Emirates,Middle East and North Africa,7156146.6899999995
2011-03-31,United Arab Emirates,Middle East and North Africa,2722561.2
2011-04-30,United Arab Emirates,Middle East and North Africa,6769588.13
2011-05-31,United Arab Emirates,Middle East and North Africa,565777.75
2011-06-30,United Arab Emirates,Middle East and North Africa,2167410.95
2011-07-31,United Arab Emirates,Middle East and North Africa,268045.05
2011-08-31,United Arab Emirates,Middle East and North Africa,1778049.16
2011-09-30,United Arab Emirates,Middle East and North Africa,1556524.8599999999
2011-10-31,United Arab Emirates,Middle East and North Africa,15237167.56
2011-11-30,United Arab Emirates,Middle East and North Africa,1070874.2
2011-12-31,United Arab Emirates,Middle East and North Africa,7754351.1
2012-01-31,United Arab Emirates,Middle East and North Africa,13566623.92
2012-02-29,United Arab Emirates,Middle East and North Africa,5678740.32
2012-03-31,United Arab Emirates,Middle East and North Africa,2593994.86
2012-04-30,United Arab Emirates,Middle East and North Africa,9758516.22
2012-05-31,United Arab Emirates,Middle East and North Africa,3330906.26
2012-06-30,United Arab Emirates,Middle East and North Africa,4243163.93
2012-07-31,United Arab Emirates,Middle East and North Africa,7228918.29
2012-08-31,United Arab Emirates,Middle East and North Africa,1859908.52
2012-09-30,United Arab Emirates,Middle East and North Africa,3126746.19
2012-10-31,United Arab Emirates,Middle East and North Africa,1853402.6400000001
2012-11-30,United Arab Emirates,Middle East and North Africa,4813343.01
2012-12-31,United Arab Emirates,Middle East and North Africa,13433494.49
2013-01-31,United Arab Emirates,Middle East and North Africa,9408116.14
2013-02-28,United Arab Emirates,Middle East and North Africa,4904487.3
2013-03-31,United Arab Emirates,Middle East and North Africa,5768847.46
2013-04-30,United Arab Emirates,Middle East and North Africa,587598.56
2013-05-31,United Arab Emirates,Middle East and North Africa,26982.36
2013-06-30,United Arab Emirates,Middle East and North Africa,5649615.38
2013-07-31,United Arab Emirates,Middle East and North Africa,3448459.45
2013-08-31,United Arab Emirates,Middle East and North Africa,6798424.4799999995
2013-09-30,United Arab Emirates,Middle East and North Africa,11178911.31
2013-10-31,United Arab Emirates,Middle East and North Africa,3716842.3999999994
2013-11-30,United Arab Emirates,Middle East and North Africa,695195.38
2013-12-31,United Arab Emirates,Middle East and North Africa,5558671.48
2014-01-31,United Arab Emirates,Middle East and North Africa,9861467.43
2014-02-28,United Arab Emirates,Middle East and North Africa,3285573.75
2014-03-31,United Arab Emirates,Middle East and North Africa,9239379.84
2014-04-30,United Arab Emirates,Middle East and North Africa,9541629.34
2014-05-31,United Arab Emirates,Middle East and North Africa,2046229.87
2014-06-30,United Arab Emirates,Middle East and North Africa,0.0
2014-07-31,United Arab Emirates,Middle East and North Africa,5546136.84
2014-08-31,United Arab Emirates,Middle East and North Africa,6192171.66
2014-09-30,United Arab Emirates,Middle East and North Africa,3356611.9
2014-10-31,United Arab Emirates,Middle East and North Africa,3565361.41
2014-11-30,United Arab Emirates,Middle East and North Africa,11256919.56
2014-12-31,United Arab Emirates,Middle East and North Africa,5904961.850000001
2015-01-31,United Arab Emirates,Middle East and North Africa,7886128.450000001
2015-02-28,United Arab Emirates,Middle East and North Africa,1734117.04
2015-03-31,United Arab Emirates,Middle East and North Africa,9981857.96
2015-04-30,United Arab Emirates,Middle East and North Africa,129496.8
2015-05-31,United Arab Emirates,Middle East and North Africa,2643176.71
2015-06-30,United Arab Emirates,Middle East and North Africa,1688115.59
2015-07-31,United Arab Emirates,Middle East and North Africa,926917.05
2015-08-31,United Arab Emirates,Middle East and North Africa,973042.96
2015-09-30,United Arab Emirates,Middle East and North Africa,4091892.98
2015-10-31,United Arab Emirates,Middle East and North Africa,264129.76
2015-11-30,United Arab Emirates,Middle East and North Africa,3453005.6
2015-12-31,United Arab Emirates,Middle East and North Africa,4003665.8
2016-01-31,United Arab Emirates,Middle East and North Africa,94947.45
2016-02-29,United Arab Emirates,Middle East and North Africa,1198682.0999999999
2016-03-31,United Arab Emirates,Middle East and North Africa,3184364.56
2016-04-30,United Arab Emirates,Middle East and North Africa,2195349.59
2016-05-31,United Arab Emirates,Middle East and North Africa,8134606.53
2016-06-30,United Arab Emirates,Middle East and North Africa,31032.3
2016-07-31,United Arab Emirates,Middle East and North Africa,7586259.2
2016-08-31,United Arab Emirates,Middle East and North Africa,4745207.7
2016-09-30,United Arab Emirates,Middle East and North Africa,7107412.67
2016-10-31,United Arab Emirates,Middle East and North Africa,3031189.28
2016-11-30,United Arab Emirates,Middle East and North Africa,4240998.720000001
2016-12-31,United Arab Emirates,Middle East and North Africa,961950.64
2017-01-31,United Arab Emirates,Middle East and North Africa,12678080.2
2017-02-28,United Arab Emirates,Middle East and North Africa,7105778.03
2017-03-31,United Arab Emirates,Middle East and North Africa,3831858.95
2017-04-30,United Arab Emirates,Middle East and North Africa,8794383.48
2017-05-31,United Arab Emirates,Middle East and North Africa,0.0
2017-06-30,United Arab Emirates,Middle East and North Africa,7260017.63
2010-01-31,United Kingdom,Europe,2125173.43
2010-02-28,United Kingdom,Europe,542562.2
2010-03-31,United Kingdom,Europe,2688511.67
2010-04-30,United Kingdom,Europe,1481134.56
2010-05-31,United Kingdom,Europe,8010720.44
2010-06-30,United Kingdom,Europe,3509701.68
2010-07-31,United Kingdom,Europe,3090870.8800000004
2010-08-31,United Kingdom,Europe,9566118.67
2010-09-30,United Kingdom,Europe,0.0
2010-10-31,United Kingdom,Europe,6624109.66
2010-11-30,United Kingdom,Europe,7738918.66
2010-12-31,United Kingdom,Europe,6057074.2
2011-01-31,United Kingdom,Europe,1063457.32
2011-02-28,United Kingdom,Europe,3325780.4
2011-03-31,United Kingdom,Europe,3326956.56
2011-04-30,United Kingdom,Europe,5729042.12
2011-05-31,United Kingdom,Europe,1634813.12
2011-06-30,United Kingdom,Europe,11889239.55
2011-07-31,United Kingdom,Europe,3412486.12
2011-08-31,United Kingdom,Europe,1253680.08
2011-09-30,United Kingdom,Europe,611463.97
2011-10-31,United Kingdom,Europe,239269.92
2011-11-30,United Kingdom,Europe,3007198.4
2011-12-31,United Kingdom,Europe,10816743.299999999
2012-01-31,United Kingdom,Europe,0.0
2012-02-29,United Kingdom,Europe,1764070.75
2012-03-31,United Kingdom,Europe,6327394.970000001
2012-04-30,United Kingdom,Europe,9166725.82
2012-05-31,United Kingdom,Europe,1890057.4
2012-06-30,United Kingdom,Europe,1487826.1600000001
2012-07-31,United Kingdom,Europe,6087592.17
2012-08-31,United Kingdom,Europe,3746957.82
2012-09-30,United Kingdom,Europe,458648.16
2012-10-31,United Kingdom,Europe,3930147.22
2012-11-30,United Kingdom,Europe,2254366.7399999998
2012-12-31,United Kingdom,Europe,3232749.4
2013-01-31,United Kingdom,Europe,775333.29
2013-02-28,United Kingdom,Europe,3802916.46
2013-03-31,United Kingdom,Europe,3501085.92
2013-04-30,United Kingdom,Europe,0.0
2013-05-31,United Kingdom,Europe,6312153.41
2013-06-30,United Kingdom,Europe,6208887.5600000005
2013-07-31,United Kingdom,Europe,5696147.47
2013-08-31,United Kingdom,Europe,0.0
2013-09-30,United Kingdom,Europe,2342270.13
2013-10-31,United Kingdom,Europe,2739640.47
2013-11-30,United Kingdom,Europe,2266971.72
2013-12-31,United Kingdom,Europe,6443747.65
2014-01-31,United Kingdom,Europe,2441154.48
2014-02-28,United Kingdom,Europe,364988.84
2014-03-31,United Kingdom,Europe,1721810.58
2014-04-30,United Kingdom,Europe,7724767.600000001
2014-05-31,United Kingdom,Europe,3843132.46
2014-06-30,United Kingdom,Europe,0.0
2014-07-31,United Kingdom,Europe,4212719.32
2014-08-31,United Kingdom,Europe,2482886.75
2014-09-30,United Kingdom,Europe,14462988.78
2014-10-31,United Kingdom,Europe,5344583.84
2014-11-30,United Kingdom,Europe,739250.1
2014-12-31,United Kingdom,Europe,1903361.4900000002
2015-01-31,United Kingdom,Europe,1306852.69
2015-02-28,United Kingdom,Europe,1377718.3
2015-03-31,United Kingdom,Europe,2172193.77
2015-04-30,United Kingdom,Europe,10613233.51
2015-05-31,United Kingdom,Europe,1457055.44
2015-06-30,United Kingdom,Europe,7012383.180000001
2015-07-31,United Kingdom,Europe,354722.88
2015-08-31,United Kingdom,Europe,7863735.97
2015-09-30,United Kingdom,Europe,3824274.05
2015-10-31,United Kingdom,Europe,5535616.71
2015-11-30,United Kingdom,Europe,6826917.17
2015-12-31,United Kingdom,Europe,5386784.28
2016-01-31,United Kingdom,Europe,1000157.52
2016-02-29,United Kingdom,Europe,990270.02
2016-03-31,United Kingdom,Europe,2030741.72
2016-04-30,United Kingdom,Europe,1675188.0
2016-05-31,United Kingdom,Europe,10247445.030000001
2016-06-30,United Kingdom,Europe,3100997.81
2016-07-31,United Kingdom,Europe,631800.06
2016-08-31,United Kingdom,Europe,2178615.3000000003
2016-09-30,United Kingdom,Europe,7408556.9399999995
2016-10-31,United Kingdom,Europe,2750097.68
2016-11-30,United Kingdom,Europe,4123552.86
2016-12-31,United Kingdom,Europe,611849.3
2017-01-31,United Kingdom,Europe,5820739.04
2017-02-28,United Kingdom,Europe,0.0
2017-03-31,United Kingdom,Europe,261307.15
2017-04-30,United Kingdom,Europe,8187972.46
2017-05-31,United Kingdom,Europe,3361166.5300000003
2017-06-30,United Kingdom,Europe,4882748.93
2010-01-31,United States of America,North America,7216365.42
2010-02-28,United States of America,North America,5181545.38
2010-03-31,United States of America,North America,4366505.25
2010-04-30,United States of America,North America,7015072.65
2010-05-31,United States of America,North America,8977935.78
2010-06-30,United States of America,North America,2447008.4
2010-07-31,United States of America,North America,0.0
2010-08-31,United States of America,North America,6129919.16
2010-09-30,United States of America,North America,237060.2
2010-10-31,United States of America,North America,6213351.18
2010-11-30,United States of America,North America,447822.3
2010-12-31,United States of America,North America,778682.49
2011-01-31,United States of America,North America,1328421.89
2011-02-28,United States of America,North America,54981.69
2011-03-31,United States of America,North America,2075242.52
2011-04-30,United States of America,North America,588536.55
2011-05-31,United States of America,North America,0.0
2011-06-30,United States of America,North America,14056721.15
2011-07-31,United States of America,North America,2303038.41
2011-08-31,United States of America,North America,867132.0700000001
2011-09-30,United States of America,North America,6394980.12
2011-10-31,United States of America,North America,4217269.88
2011-11-30,United States of America,North America,6774996.0
2011-12-31,United States of America,North America,9202521.72
2012-01-31,United States of America,North America,2369624.0
2012-02-29,United States of America,North America,6346711.4399999995
2012-03-31,United States of America,North America,1270213.1500000001
2012-04-30,United States of America,North America,2371620.2199999997
2012-05-31,United States of America,North America,1309552.52
2012-06-30,United States of America,North America,2196930.0
2012-07-31,United States of America,North America,5221401.78
2012-08-31,United States of America,North America,5664139.24
2012-09-30,United States of America,North America,11022127.54
2012-10-31,United States of America,North America,7226834.16
2012-11-30,United States of America,North America,909071.64
2012-12-31,United States of America,North America,3969914.21
2013-01-31,United States of America,North America,35860.65
2013-02-28,United States of America,North America,3816816.8099999996
2013-03-31,United States of America,North America,16601442.71
2013-04-30,United States of America,North America,930956.32
2013-05-31,United States of America,North America,1430039.7
2013-06-30,United States of America,North America,9497.94
2013-07-31,United States of America,North America,49794.21
2013-08-31,United States of America,North America,1393206.1
2013-09-30,United States of America,North America,3224389.2199999997
2013-10-31,United States of America,North America,964321.6
2013-11-30,United States of America,North America,2679797.09
2013-12-31,United States of America,North America,6917152.62
2014-01-31,United States of America,North America,7750112.38
2014-02-28,United States of America,North America,1017364.4
2014-03-31,United States of America,North America,6146888.220000001
2014-04-30,United States of America,North America,3661295.56
2014-05-31,United States of America,North America,13801343.48
2014-06-30,United States of America,North America,3766229.0300000003
2014-07-31,United States of America,North America,5813016.29
2014-08-31,United States of America,North America,9575467.12
2014-09-30,United States of America,North America,60710.31
2014-10-31,United States of America,North America,6437627.64
2014-11-30,United States of America,North America,3383240.25
2014-12-31,United States of America,North America,851091.4
2015-01-31,United States of America,North America,4936503.58
2015-02-28,United States of America,North America,6030531.55
2015-03-31,United States of America,North America,3481174.58
2015-04-30,United States of America,North America,4329154.4
2015-05-31,United States of America,North America,8703356.35
2015-06-30,United States of America,North America,823793.74
2015-07-31,United States of America,North America,269315.2
2015-08-31,United States of America,North America,6018828.21
2015-09-30,United States of America,North America,1573894.1400000001
2015-10-31,United States of America,North America,1494467.69
2015-11-30,United States of America,North America,544872.6799999999
2015-12-31,United States of America,North America,3256689.71
2016-01-31,United States of America,North America,1570788.9500000002
2016-02-29,United States of America,North America,10530258.31
2016-03-31,United States of America,North America,8482607.51
2016-04-30,United States of America,North America,0.0
2016-05-31,United States of America,North America,2455814.15
2016-06-30,United States of America,North America,157603.38
2016-07-31,United States of America,North America,6310554.83
2016-08-31,United States of America,North America,13592973.38
2016-09-30,United States of America,North America,47217.6
2016-10-31,United States of America,North America,4717794.090000001
2016-11-30,United States of America,North America,6045562.78
2016-12-31,United States of America,North America,602024.4
2017-01-31,United States of America,North America,7715225.949999999
2017-02-28,United States of America,North America,3237599.97
2017-03-31,United States of America,North America,435055.5
2017-04-30,United States of America,North America,4420830.29
2017-05-31,United States of America,North America,3777277.38
2017-06-30,United States of America,North America,5276566.7700000005
2010-01-31,Uzbekistan,Asia,1049571.08
2010-02-28,Uzbekistan,Asia,129836.28
2010-03-31,Uzbekistan,Asia,800463.62
2010-04-30,Uzbekistan,Asia,5113232.07
2010-05-31,Uzbekistan,Asia,6337335.2
2010-06-30,Uzbekistan,Asia,5313949.93
2010-07-31,Uzbekistan,Asia,4097137.9
2010-08-31,Uzbekistan,Asia,4722726.699999999
2010-09-30,Uzbekistan,Asia,8940857.58
2010-10-31,Uzbekistan,Asia,3970015.42
2010-11-30,Uzbekistan,Asia,3918654.09
2010-12-31,Uzbekistan,Asia,10199442.09
2011-01-31,Uzbekistan,Asia,1086648.9200000002
2011-02-28,Uzbekistan,Asia,6082179.25
2011-03-31,Uzbekistan,Asia,1099526.22
2011-04-30,Uzbekistan,Asia,737822.46
2011-05-31,Uzbekistan,Asia,282785.8
2011-06-30,Uzbekistan,Asia,2813287.71
2011-07-31,Uzbekistan,Asia,2176031.99
2011-08-31,Uzbekistan,Asia,3110830.17
2011-09-30,Uzbekistan,Asia,5049460.47
2011-10-31,Uzbekistan,Asia,14514324.11
2011-11-30,Uzbekistan,Asia,12772246.31
2011-12-31,Uzbekistan,Asia,7090855.18
2012-01-31,Uzbekistan,Asia,4949614.36
2012-02-29,Uzbekistan,Asia,1583922.58
2012-03-31,Uzbekistan,Asia,3181252.59
2012-04-30,Uzbekistan,Asia,333450.16
2012-05-31,Uzbekistan,Asia,4275060.14
2012-06-30,Uzbekistan,Asia,2473410.1300000004
2012-07-31,Uzbekistan,Asia,2011236.58
2012-08-31,Uzbekistan,Asia,5927074.84
2012-09-30,Uzbekistan,Asia,0.0
2012-10-31,Uzbekistan,Asia,2371556.79
2012-11-30,Uzbekistan,Asia,350598.56
2012-12-31,Uzbekistan,Asia,12512054.37
2013-01-31,Uzbekistan,Asia,13608872.930000002
2013-02-28,Uzbekistan,Asia,1342374.89
2013-03-31,Uzbekistan,Asia,0.0
2013-04-30,Uzbekistan,Asia,7095352.7
2013-05-31,Uzbekistan,Asia,1505192.46
2013-06-30,Uzbekistan,Asia,1019978.32
2013-07-31,Uzbekistan,Asia,5483535.2299999995
2013-08-31,Uzbekistan,Asia,588114.66
2013-09-30,Uzbekistan,Asia,5969811.76
2013-10-31,Uzbekistan,Asia,10148666.850000001
2013-11-30,Uzbekistan,Asia,2194217.15
2013-12-31,Uzbekistan,Asia,3692292.86
2014-01-31,Uzbekistan,Asia,4978270.39
2014-02-28,Uzbekistan,Asia,2279418.7399999998
2014-03-31,Uzbekistan,Asia,424724.95
2014-04-30,Uzbekistan,Asia,7113777.46
2014-05-31,Uzbekistan,Asia,6707428.0600000005
2014-06-30,Uzbekistan,Asia,662789.19
2014-07-31,Uzbekistan,Asia,5530468.63
2014-08-31,Uzbekistan,Asia,6096000.59
2014-09-30,Uzbekistan,Asia,2089475.82
2014-10-31,Uzbekistan,Asia,815881.05
2014-11-30,Uzbekistan,Asia,1194944.02
2014-12-31,Uzbekistan,Asia,972659.6799999999
2015-01-31,Uzbekistan,Asia,4269489.5600000005
2015-02-28,Uzbekistan,Asia,8677459.27
2015-03-31,Uzbekistan,Asia,56638.26
2015-04-30,Uzbekistan,Asia,2945271.88
2015-05-31,Uzbekistan,Asia,3012513.68
2015-06-30,Uzbekistan,Asia,1317437.8399999999
2015-07-31,Uzbekistan,Asia,4708991.5
2015-08-31,Uzbekistan,Asia,0.0
2015-09-30,Uzbekistan,Asia,6662360.07
2015-10-31,Uzbekistan,Asia,13890202.629999999
2015-11-30,Uzbekistan,Asia,1944212.48
2015-12-31,Uzbekistan,Asia,3183487.29
2016-01-31,Uzbekistan,Asia,10064550.85
2016-02-29,Uzbekistan,Asia,7855075.58
2016-03-31,Uzbekistan,Asia,1011073.93
2016-04-30,Uzbekistan,Asia,2939625.7199999997
2016-05-31,Uzbekistan,Asia,11808394.9
2016-06-30,Uzbekistan,Asia,3995425.37
2016-07-31,Uzbekistan,Asia,2489974.02
2016-08-31,Uzbekistan,Asia,2023020.4
2016-09-30,Uzbekistan,Asia,8482483.95
2016-10-31,Uzbekistan,Asia,8193338.6
2016-11-30,Uzbekistan,Asia,12539271.2
2016-12-31,Uzbekistan,Asia,2098976.4
2017-01-31,Uzbekistan,Asia,0.0
2017-02-28,Uzbekistan,Asia,439414.88
2017-03-31,Uzbekistan,Asia,135896.8
2017-04-30,Uzbekistan,Asia,7185510.03
2017-05-31,Uzbekistan,Asia,2111192.58
2017-06-30,Uzbekistan,Asia,29833.44
2010-01-31,Vanuatu,Australia and Oceania,7463869.2299999995
2010-02-28,Vanuatu,Australia and Oceania,4008337.5700000003
2010-03-31,Vanuatu,Australia and Oceania,2054351.24
2010-04-30,Vanuatu,Australia and Oceania,0.0
2010-05-31,Vanuatu,Australia and Oceania,3333268.8200000003
2010-06-30,Vanuatu,Australia and Oceania,6297292.43
2010-07-31,Vanuatu,Australia and Oceania,3044851.22
2010-08-31,Vanuatu,Australia and Oceania,800950.4
2010-09-30,Vanuatu,Australia and Oceania,0.0
2010-10-31,Vanuatu,Australia and Oceania,382232.34
2010-11-30,Vanuatu,Australia and Oceania,265276.24
2010-12-31,Vanuatu,Australia and Oceania,1164878.77
2011-01-31,Vanuatu,Australia and Oceania,8148255.26
2011-02-28,Vanuatu,Australia and Oceania,7049516.3
2011-03-31,Vanuatu,Australia and Oceania,222872.65
2011-04-30,Vanuatu,Australia and Oceania,4289631.27
2011-05-31,Vanuatu,Australia and Oceania,473101.06
2011-06-30,Vanuatu,Australia and Oceania,3844903.07
2011-07-31,Vanuatu,Australia and Oceania,734374.6000000001
2011-08-31,Vanuatu,Australia and Oceania,5937978.93
2011-09-30,Vanuatu,Australia and Oceania,5372055.72
2011-10-31,Vanuatu,Australia and Oceania,2407545.68
2011-11-30,Vanuatu,Australia and Oceania,2351347.6
2011-12-31,Vanuatu,Australia and Oceania,1298725.8
2012-01-31,Vanuatu,Australia and Oceania,5687093.44
2012-02-29,Vanuatu,Australia and Oceania,6095591.67
2012-03-31,Vanuatu,Australia and Oceania,1426249.36
2012-04-30,Vanuatu,Australia and Oceania,994669.02
2012-05-31,Vanuatu,Australia and Oceania,4689275.779999999
2012-06-30,Vanuatu,Australia and Oceania,6082250.96
2012-07-31,Vanuatu,Australia and Oceania,4034865.8
2012-08-31,Vanuatu,Australia and Oceania,2740165.52
2012-09-30,Vanuatu,Australia and Oceania,5270670.98
2012-10-31,Vanuatu,Australia and Oceania,6484493.53
2012-11-30,Vanuatu,Australia and Oceania,2608926.08
2012-12-31,Vanuatu,Australia and Oceania,13925544.83
2013-01-31,Vanuatu,Australia and Oceania,4250037.4399999995
2013-02-28,Vanuatu,Australia and Oceania,9123206.31
2013-03-31,Vanuatu,Australia and Oceania,8194521.739999999
2013-04-30,Vanuatu,Australia and Oceania,10994323.09
2013-05-31,Vanuatu,Australia and Oceania,0.0
2013-06-30,Vanuatu,Australia and Oceania,2257049.06
2013-07-31,Vanuatu,Australia and Oceania,4953860.58
2013-08-31,Vanuatu,Australia and Oceania,7566015.23
2013-09-30,Vanuatu,Australia and Oceania,6124742.609999999
2013-10-31,Vanuatu,Australia and Oceania,3396857.82
2013-11-30,Vanuatu,Australia and Oceania,2065289.5899999999
2013-12-31,Vanuatu,Australia and Oceania,3107523.4400000004
2014-01-31,Vanuatu,Australia and Oceania,816719.64
2014-02-28,Vanuatu,Australia and Oceania,3837752.6399999997
2014-03-31,Vanuatu,Australia and Oceania,5996818.35
2014-04-30,Vanuatu,Australia and Oceania,6720605.59
2014-05-31,Vanuatu,Australia and Oceania,0.0
2014-06-30,Vanuatu,Australia and Oceania,1776689.74
2014-07-31,Vanuatu,Australia and Oceania,1117648.0499999998
2014-08-31,Vanuatu,Australia and Oceania,4700408.88
2014-09-30,Vanuatu,Australia and Oceania,8937177.370000001
2014-10-31,Vanuatu,Australia and Oceania,2281649.1399999997
2014-11-30,Vanuatu,Australia and Oceania,1352060.58
2014-12-31,Vanuatu,Australia and Oceania,1821938.2600000002
2015-01-31,Vanuatu,Australia and Oceania,7573538.45
2015-02-28,Vanuatu,Australia and Oceania,9686475.0
2015-03-31,Vanuatu,Australia and Oceania,3050764.43
2015-04-30,Vanuatu,Australia and Oceania,5799327.930000001
2015-05-31,Vanuatu,Australia and Oceania,1949474.8
2015-06-30,Vanuatu,Australia and Oceania,2064935.14
2015-07-31,Vanuatu,Australia and Oceania,3252323.72
2015-08-31,Vanuatu,Australia and Oceania,4707875.61
2015-09-30,Vanuatu,Australia and Oceania,2190789.09
2015-10-31,Vanuatu,Australia and Oceania,1580598.8
2015-11-30,Vanuatu,Australia and Oceania,164767.68
2015-12-31,Vanuatu,Australia and Oceania,3382918.98
2016-01-31,Vanuatu,Australia and Oceania,2525661.64
2016-02-29,Vanuatu,Australia and Oceania,2580576.8899999997
2016-03-31,Vanuatu,Australia and Oceania,1182476.82
2016-04-30,Vanuatu,Australia and Oceania,3366440.0
2016-05-31,Vanuatu,Australia and Oceania,253681.78
2016-06-30,Vanuatu,Australia and Oceania,4499140.38
2016-07-31,Vanuatu,Australia and Oceania,2490068.04
2016-08-31,Vanuatu,Australia and Oceania,2762072.56
2016-09-30,Vanuatu,Australia and Oceania,3248140.11
2016-10-31,Vanuatu,Australia and Oceania,7724691.9799999995
2016-11-30,Vanuatu,Australia and Oceania,4554096.300000001
2016-12-31,Vanuatu,Australia and Oceania,1843842.33
2017-01-31,Vanuatu,Australia and Oceania,3327966.4
2017-02-28,Vanuatu,Australia and Oceania,918935.52
2017-03-31,Vanuatu,Australia and Oceania,2887804.2499999995
2017-04-30,Vanuatu,Australia and Oceania,544403.53
2017-05-31,Vanuatu,Australia and Oceania,9854715.32
2017-06-30,Vanuatu,Australia and Oceania,6180951.33
2010-01-31,Vatican City,Europe,426860.2
2010-02-28,Vatican City,Europe,249584.65
2010-03-31,Vatican City,Europe,8803742.25
2010-04-30,Vatican City,Europe,2392114.1799999997
2010-05-31,Vatican City,Europe,5328544.069999999
2010-06-30,Vatican City,Europe,220397.65999999997
2010-07-31,Vatican City,Europe,3301142.35
2010-08-31,Vatican City,Europe,307657.82
2010-09-30,Vatican City,Europe,5600648.2
2010-10-31,Vatican City,Europe,2512120.64
2010-11-30,Vatican City,Europe,3459549.4699999997
2010-12-31,Vatican City,Europe,10194968.61
2011-01-31,Vatican City,Europe,11719729.89
2011-02-28,Vatican City,Europe,3243605.1399999997
2011-03-31,Vatican City,Europe,7936629.68
2011-04-30,Vatican City,Europe,4896122.2
2011-05-31,Vatican City,Europe,251783.1
2011-06-30,Vatican City,Europe,3583634.57
2011-07-31,Vatican City,Europe,1992396.9
2011-08-31,Vatican City,Europe,690977.4400000001
2011-09-30,Vatican City,Europe,377427.23000000004
2011-10-31,Vatican City,Europe,8252736.5
2011-11-30,Vatican City,Europe,3293784.4
2011-12-31,Vatican City,Europe,1015429.76
2012-01-31,Vatican City,Europe,2476126.08
2012-02-29,Vatican City,Europe,1433141.92
2012-03-31,Vatican City,Europe,2787569.2
2012-04-30,Vatican City,Europe,10080603.26
2012-05-31,Vatican City,Europe,8906961.690000001
2012-06-30,Vatican City,Europe,8114738.79
2012-07-31,Vatican City,Europe,6165647.01
2012-08-31,Vatican City,Europe,1346146.56
2012-09-30,Vatican City,Europe,11280103.620000001
2012-10-31,Vatican City,Europe,9082146.55
2012-11-30,Vatican City,Europe,0.0
2012-12-31,Vatican City,Europe,3269098.92
2013-01-31,Vatican City,Europe,2584732.81
2013-02-28,Vatican City,Europe,4228868.470000001
2013-03-31,Vatican City,Europe,10595505.47
2013-04-30,Vatican City,Europe,212334.54
2013-05-31,Vatican City,Europe,4332640.09
2013-06-30,Vatican City,Europe,3817697.15
2013-07-31,Vatican City,Europe,11339247.91
2013-08-31,Vatican City,Europe,0.0
2013-09-30,Vatican City,Europe,1133211.66
2013-10-31,Vatican City,Europe,10108751.67
2013-11-30,Vatican City,Europe,6794416.4
2013-12-31,Vatican City,Europe,101302.56
2014-01-31,Vatican City,Europe,2024656.6800000002
2014-02-28,Vatican City,Europe,704921.25
2014-03-31,Vatican City,Europe,51445.62
2014-04-30,Vatican City,Europe,2757360.37
2014-05-31,Vatican City,Europe,7183070.289999999
2014-06-30,Vatican City,Europe,8722792.719999999
2014-07-31,Vatican City,Europe,574266.3999999999
2014-08-31,Vatican City,Europe,0.0
2014-09-30,Vatican City,Europe,0.0
2014-10-31,Vatican City,Europe,142108.33
2014-11-30,Vatican City,Europe,7954958.800000001
2014-12-31,Vatican City,Europe,4171375.6
2015-01-31,Vatican City,Europe,1578134.82
2015-02-28,Vatican City,Europe,3722320.8
2015-03-31,Vatican City,Europe,5511926.68
2015-04-30,Vatican City,Europe,2640224.88
2015-05-31,Vatican City,Europe,5962478.76
2015-06-30,Vatican City,Europe,3633369.71
2015-07-31,Vatican City,Europe,4341364.32
2015-08-31,Vatican City,Europe,7497868.99
2015-09-30,Vatican City,Europe,1246515.62
2015-10-31,Vatican City,Europe,6081246.2
2015-11-30,Vatican City,Europe,1567804.9000000001
2015-12-31,Vatican City,Europe,1498030.44
2016-01-31,Vatican City,Europe,1103393.1600000001
2016-02-29,Vatican City,Europe,5060856.5
2016-03-31,Vatican City,Europe,346262.4
2016-04-30,Vatican City,Europe,272315.55
2016-05-31,Vatican City,Europe,7167466.24
2016-06-30,Vatican City,Europe,7647127.04
2016-07-31,Vatican City,Europe,4561297.88
2016-08-31,Vatican City,Europe,1313549.23
2016-09-30,Vatican City,Europe,2369971.68
2016-10-31,Vatican City,Europe,1298448.61
2016-11-30,Vatican City,Europe,7249195.32
2016-12-31,Vatican City,Europe,145586.7
2017-01-31,Vatican City,Europe,3593251.3800000004
2017-02-28,Vatican City,Europe,732102.89
2017-03-31,Vatican City,Europe,66329.54999999999
2017-04-30,Vatican City,Europe,2458917.1700000004
2017-05-31,Vatican City,Europe,1946790.75
2017-06-30,Vatican City,Europe,549593.16
2010-01-31,Vietnam,Asia,3993443.75
2010-02-28,Vietnam,Asia,1828570.64
2010-03-31,Vietnam,Asia,6725507.25
2010-04-30,Vietnam,Asia,8577857.49
2010-05-31,Vietnam,Asia,12898361.83
2010-06-30,Vietnam,Asia,15269805.1
2010-07-31,Vietnam,Asia,2543772.67
2010-08-31,Vietnam,Asia,6068741.02
2010-09-30,Vietnam,Asia,639321.48
2010-10-31,Vietnam,Asia,8648690.4
2010-11-30,Vietnam,Asia,4369961.89
2010-12-31,Vietnam,Asia,9767691.36
2011-01-31,Vietnam,Asia,2393188.35
2011-02-28,Vietnam,Asia,1405414.38
2011-03-31,Vietnam,Asia,6101310.96
2011-04-30,Vietnam,Asia,6176576.65
2011-05-31,Vietnam,Asia,1302947.09
2011-06-30,Vietnam,Asia,1073305.54
2011-07-31,Vietnam,Asia,1958682.48
2011-08-31,Vietnam,Asia,9430439.11
2011-09-30,Vietnam,Asia,1307370.21
2011-10-31,Vietnam,Asia,4779176.72
2011-11-30,Vietnam,Asia,3374612.4400000004
2011-12-31,Vietnam,Asia,1156470.05
2012-01-31,Vietnam,Asia,1916431.32
2012-02-29,Vietnam,Asia,0.0
2012-03-31,Vietnam,Asia,4774423.5
2012-04-30,Vietnam,Asia,0.0
2012-05-31,Vietnam,Asia,3076843.77
2012-06-30,Vietnam,Asia,3987148.41
2012-07-31,Vietnam,Asia,465419.81999999995
2012-08-31,Vietnam,Asia,7846.53
2012-09-30,Vietnam,Asia,0.0
2012-10-31,Vietnam,Asia,5970698.59
2012-11-30,Vietnam,Asia,0.0
2012-12-31,Vietnam,Asia,1157950.08
2013-01-31,Vietnam,Asia,7324245.16
2013-02-28,Vietnam,Asia,1945782.42
2013-03-31,Vietnam,Asia,4879516.53
2013-04-30,Vietnam,Asia,813622.15
2013-05-31,Vietnam,Asia,8834942.42
2013-06-30,Vietnam,Asia,1213773.9
2013-07-31,Vietnam,Asia,10940966.420000002
2013-08-31,Vietnam,Asia,532843.78
2013-09-30,Vietnam,Asia,8622414.36
2013-10-31,Vietnam,Asia,5222208.83
2013-11-30,Vietnam,Asia,2782071.63
2013-12-31,Vietnam,Asia,9253992.129999999
2014-01-31,Vietnam,Asia,5655982.3100000005
2014-02-28,Vietnam,Asia,11540829.99
2014-03-31,Vietnam,Asia,892969.44
2014-04-30,Vietnam,Asia,174442.8
2014-05-31,Vietnam,Asia,2575679.5
2014-06-30,Vietnam,Asia,4917289.41
2014-07-31,Vietnam,Asia,6877634.31
2014-08-31,Vietnam,Asia,3583835.86
2014-09-30,Vietnam,Asia,2088881.58
2014-10-31,Vietnam,Asia,1142873.55
2014-11-30,Vietnam,Asia,924415.8
2014-12-31,Vietnam,Asia,3136544.23
2015-01-31,Vietnam,Asia,3666326.8000000003
2015-02-28,Vietnam,Asia,9737132.040000001
2015-03-31,Vietnam,Asia,4149871.85
2015-04-30,Vietnam,Asia,4991028.25
2015-05-31,Vietnam,Asia,1324546.5
2015-06-30,Vietnam,Asia,733526.75
2015-07-31,Vietnam,Asia,14821707.51
2015-08-31,Vietnam,Asia,1193007.32
2015-09-30,Vietnam,Asia,2922908.33
2015-10-31,Vietnam,Asia,10313708.86
2015-11-30,Vietnam,Asia,2558051.95
2015-12-31,Vietnam,Asia,5615964.430000001
2016-01-31,Vietnam,Asia,303136.57
2016-02-29,Vietnam,Asia,386493.92
2016-03-31,Vietnam,Asia,1926288.79
2016-04-30,Vietnam,Asia,3241152.21
2016-05-31,Vietnam,Asia,5485092.340000001
2016-06-30,Vietnam,Asia,5475853.91
2016-07-31,Vietnam,Asia,904073.44
2016-08-31,Vietnam,Asia,3786005.61
2016-09-30,Vietnam,Asia,6039642.8
2016-10-31,Vietnam,Asia,4654220.38
2016-11-30,Vietnam,Asia,1623736.8399999999
2016-12-31,Vietnam,Asia,4547599.08
2017-01-31,Vietnam,Asia,4254510.83
2017-02-28,Vietnam,Asia,3568876.17
2017-03-31,Vietnam,Asia,11861266.25
2017-04-30,Vietnam,Asia,6473723.0200000005
2017-05-31,Vietnam,Asia,0.0
2017-06-30,Vietnam,Asia,12207321.370000001
2010-01-31,Yemen,Middle East and North Africa,1659027.13
2010-02-28,Yemen,Middle East and North Africa,151631.15999999997
2010-03-31,Yemen,Middle East and North Africa,5356068.2
2010-04-30,Yemen,Middle East and North Africa,7190248.539999999
2010-05-31,Yemen,Middle East and North Africa,10053073.41
2010-06-30,Yemen,Middle East and North Africa,67758.6
2010-07-31,Yemen,Middle East and North Africa,1457979.02
2010-08-31,Yemen,Middle East and North Africa,5226367.33
2010-09-30,Yemen,Middle East and North Africa,6461956.83
2010-10-31,Yemen,Middle East and North Africa,1558089.5
2010-11-30,Yemen,Middle East and North Africa,918386.62
2010-12-31,Yemen,Middle East and North Africa,6026799.83
2011-01-31,Yemen,Middle East and North Africa,7282133.46
2011-02-28,Yemen,Middle East and North Africa,6650071.920000001
2011-03-31,Yemen,Middle East and North Africa,4825984.34
2011-04-30,Yemen,Middle East and North Africa,880081.44
2011-05-31,Yemen,Middle East and North Africa,1183715.64
2011-06-30,Yemen,Middle East and North Africa,0.0
2011-07-31,Yemen,Middle East and North Africa,1982054.7200000002
2011-08-31,Yemen,Middle East and North Africa,7889336.84
2011-09-30,Yemen,Middle East and North Africa,2981237.1
2011-10-31,Yemen,Middle East and North Africa,4877617.17
2011-11-30,Yemen,Middle East and North Africa,8054584.369999999
2011-12-31,Yemen,Middle East and North Africa,6548760.18
2012-01-31,Yemen,Middle East and North Africa,3230985.5900000003
2012-02-29,Yemen,Middle East and North Africa,5149778.8
2012-03-31,Yemen,Middle East and North Africa,8198012.41
2012-04-30,Yemen,Middle East and North Africa,2520585.59
2012-05-31,Yemen,Middle East and North Africa,1575993.3699999999
2012-06-30,Yemen,Middle East and North Africa,1023354.06
2012-07-31,Yemen,Middle East and North Africa,604991.8400000001
2012-08-31,Yemen,Middle East and North Africa,4525258.29
2012-09-30,Yemen,Middle East and North Africa,2052072.96
2012-10-31,Yemen,Middle East and North Africa,0.0
2012-11-30,Yemen,Middle East and North Africa,808606.7
2012-12-31,Yemen,Middle East and North Africa,7533971.6
2013-01-31,Yemen,Middle East and North Africa,5197332.9399999995
2013-02-28,Yemen,Middle East and North Africa,2001423.8699999999
2013-03-31,Yemen,Middle East and North Africa,6612020.09
2013-04-30,Yemen,Middle East and North Africa,5234251.539999999
2013-05-31,Yemen,Middle East and North Africa,2587344.94
2013-06-30,Yemen,Middle East and North Africa,3932574.85
2013-07-31,Yemen,Middle East and North Africa,759506.15
2013-08-31,Yemen,Middle East and North Africa,985894.5900000001
2013-09-30,Yemen,Middle East and North Africa,3816352.21
2013-10-31,Yemen,Middle East and North Africa,3658433.11
2013-11-30,Yemen,Middle East and North Africa,8420584.299999999
2013-12-31,Yemen,Middle East and North Africa,0.0
2014-01-31,Yemen,Middle East and North Africa,2202538.87
2014-02-28,Yemen,Middle East and North Africa,92096.43
2014-03-31,Yemen,Middle East and North Africa,3484498.7399999998
2014-04-30,Yemen,Middle East and North Africa,6665587.3100000005
2014-05-31,Yemen,Middle East and North Africa,676539.72
2014-06-30,Yemen,Middle East and North Africa,0.0
2014-07-31,Yemen,Middle East and North Africa,13057013.86
2014-08-31,Yemen,Middle East and North Africa,3228425.2
2014-09-30,Yemen,Middle East and North Africa,2003973.9200000002
2014-10-31,Yemen,Middle East and North Africa,747167.19
2014-11-30,Yemen,Middle East and North Africa,3022585.21
2014-12-31,Yemen,Middle East and North Africa,1756736.24
2015-01-31,Yemen,Middle East and North Africa,0.0
2015-02-28,Yemen,Middle East and North Africa,2021166.51
2015-03-31,Yemen,Middle East and North Africa,7931579.78
2015-04-30,Yemen,Middle East and North Africa,156679.02
2015-05-31,Yemen,Middle East and North Africa,4810888.49
2015-06-30,Yemen,Middle East and North Africa,6856668.7700000005
2015-07-31,Yemen,Middle East and North Africa,4611615.71
2015-08-31,Yemen,Middle East and North Africa,5897595.1
2015-09-30,Yemen,Middle East and North Africa,6473755.74
2015-10-31,Yemen,Middle East and North Africa,268614.45
2015-11-30,Yemen,Middle East and North Africa,1974736.6
2015-12-31,Yemen,Middle East and North Africa,351889.2
2016-01-31,Yemen,Middle East and North Africa,7466076.27
2016-02-29,Yemen,Middle East and North Africa,4205122.16
2016-03-31,Yemen,Middle East and North Africa,109277.35
2016-04-30,Yemen,Middle East and North Africa,7035145.35
2016-05-31,Yemen,Middle East and North Africa,0.0
2016-06-30,Yemen,Middle East and North Africa,2319218.8
2016-07-31,Yemen,Middle East and North Africa,3608468.12
2016-08-31,Yemen,Middle East and North Africa,4184750.0
2016-09-30,Yemen,Middle East and North Africa,913613.05
2016-10-31,Yemen,Middle East and North Africa,732072.2000000001
2016-11-30,Yemen,Middle East and North Africa,4848967.12
2016-12-31,Yemen,Middle East and North Africa,0.0
2017-01-31,Yemen,Middle East and North Africa,3671989.65
2017-02-28,Yemen,Middle East and North Africa,1356801.96
2017-03-31,Yemen,Middle East and North Africa,7040341.029999999
2017-04-30,Yemen,Middle East and North Africa,519473.41000000003
2017-05-31,Yemen,Middle East and North Africa,10181838.97
2017-06-30,Yemen,Middle East and North Africa,9266849.940000001
2010-01-31,Zambia,Sub-Saharan Africa,513043.94
2010-02-28,Zambia,Sub-Saharan Africa,3594115.12
2010-03-31,Zambia,Sub-Saharan Africa,2094278.3800000001
2010-04-30,Zambia,Sub-Saharan Africa,1228331.82
2010-05-31,Zambia,Sub-Saharan Africa,1568003.22
2010-06-30,Zambia,Sub-Saharan Africa,8161920.6899999995
2010-07-31,Zambia,Sub-Saharan Africa,2686636.66
2010-08-31,Zambia,Sub-Saharan Africa,6418209.92
2010-09-30,Zambia,Sub-Saharan Africa,7731391.16
2010-10-31,Zambia,Sub-Saharan Africa,1517723.78
2010-11-30,Zambia,Sub-Saharan Africa,813369.55
2010-12-31,Zambia,Sub-Saharan Africa,3055833.37
2011-01-31,Zambia,Sub-Saharan Africa,1867045.23
2011-02-28,Zambia,Sub-Saharan Africa,1551029.58
2011-03-31,Zambia,Sub-Saharan Africa,7804539.789999999
2011-04-30,Zambia,Sub-Saharan Africa,0.0
2011-05-31,Zambia,Sub-Saharan Africa,2179991.62
2011-06-30,Zambia,Sub-Saharan Africa,2768418.8200000003
2011-07-31,Zambia,Sub-Saharan Africa,4082976.3
2011-08-31,Zambia,Sub-Saharan Africa,9296595.47
2011-09-30,Zambia,Sub-Saharan Africa,0.0
2011-10-31,Zambia,Sub-Saharan Africa,0.0
2011-11-30,Zambia,Sub-Saharan Africa,9056845.78
2011-12-31,Zambia,Sub-Saharan Africa,3239096.33
2012-01-31,Zambia,Sub-Saharan Africa,6066900.82
2012-02-29,Zambia,Sub-Saharan Africa,13354001.25
2012-03-31,Zambia,Sub-Saharan Africa,5496041.199999999
2012-04-30,Zambia,Sub-Saharan Africa,620091.5
2012-05-31,Zambia,Sub-Saharan Africa,4600798.65
2012-06-30,Zambia,Sub-Saharan Africa,0.0
2012-07-31,Zambia,Sub-Saharan Africa,2602626.48
2012-08-31,Zambia,Sub-Saharan Africa,1321497.5399999998
2012-09-30,Zambia,Sub-Saharan Africa,6737481.23
2012-10-31,Zambia,Sub-Saharan Africa,4128649.88
2012-11-30,Zambia,Sub-Saharan Africa,261674.7
2012-12-31,Zambia,Sub-Saharan Africa,5780005.88
2013-01-31,Zambia,Sub-Saharan Africa,3392558.42
2013-02-28,Zambia,Sub-Saharan Africa,1997912.28
2013-03-31,Zambia,Sub-Saharan Africa,1500564.4400000002
2013-04-30,Zambia,Sub-Saharan Africa,8632441.55
2013-05-31,Zambia,Sub-Saharan Africa,4615323.14
2013-06-30,Zambia,Sub-Saharan Africa,4022114.61
2013-07-31,Zambia,Sub-Saharan Africa,390181.35
2013-08-31,Zambia,Sub-Saharan Africa,2515262.54
2013-09-30,Zambia,Sub-Saharan Africa,3743817.63
2013-10-31,Zambia,Sub-Saharan Africa,590417.52
2013-11-30,Zambia,Sub-Saharan Africa,6335221.26
2013-12-31,Zambia,Sub-Saharan Africa,3557474.34
2014-01-31,Zambia,Sub-Saharan Africa,3360922.62
2014-02-28,Zambia,Sub-Saharan Africa,603318.1
2014-03-31,Zambia,Sub-Saharan Africa,3331434.46
2014-04-30,Zambia,Sub-Saharan Africa,4115134.5
2014-05-31,Zambia,Sub-Saharan Africa,3319106.0999999996
2014-06-30,Zambia,Sub-Saharan Africa,10662087.5
2014-07-31,Zambia,Sub-Saharan Africa,7171738.72
2014-08-31,Zambia,Sub-Saharan Africa,3897972.21
2014-09-30,Zambia,Sub-Saharan Africa,4191477.15
2014-10-31,Zambia,Sub-Saharan Africa,703746.08
2014-11-30,Zambia,Sub-Saharan Africa,6580624.5
2014-12-31,Zambia,Sub-Saharan Africa,6889785.94
2015-01-31,Zambia,Sub-Saharan Africa,1956438.16
2015-02-28,Zambia,Sub-Saharan Africa,763662.9
2015-03-31,Zambia,Sub-Saharan Africa,0.0
2015-04-30,Zambia,Sub-Saharan Africa,739556.8799999999
2015-05-31,Zambia,Sub-Saharan Africa,1388684.48
2015-06-30,Zambia,Sub-Saharan Africa,2066339.6400000001
2015-07-31,Zambia,Sub-Saharan Africa,1110820.31
2015-08-31,Zambia,Sub-Saharan Africa,288533.46
2015-09-30,Zambia,Sub-Saharan Africa,7593193.61
2015-10-31,Zambia,Sub-Saharan Africa,1523895.31
2015-11-30,Zambia,Sub-Saharan Africa,7381663.04
2015-12-31,Zambia,Sub-Saharan Africa,4548195.11
2016-01-31,Zambia,Sub-Saharan Africa,7868184.73
2016-02-29,Zambia,Sub-Saharan Africa,9903527.11
2016-03-31,Zambia,Sub-Saharan Africa,2754008.7800000003
2016-04-30,Zambia,Sub-Saharan Africa,4585121.7
2016-05-31,Zambia,Sub-Saharan Africa,2121684.81
2016-06-30,Zambia,Sub-Saharan Africa,8844794.34
2016-07-31,Zambia,Sub-Saharan Africa,61827.35
2016-08-31,Zambia,Sub-Saharan Africa,1634642.68
2016-09-30,Zambia,Sub-Saharan Africa,5466845.22
2016-10-31,Zambia,Sub-Saharan Africa,7007450.42
2016-11-30,Zambia,Sub-Saharan Africa,7277516.49
2016-12-31,Zambia,Sub-Saharan Africa,1008100.72
2017-01-31,Zambia,Sub-Saharan Africa,4041910.3
2017-02-28,Zambia,Sub-Saharan Africa,90724.4
2017-03-31,Zambia,Sub-Saharan Africa,842274.86
2017-04-30,Zambia,Sub-Saharan Africa,8234496.12
2017-05-31,Zambia,Sub-Saharan Africa,1248234.46
2017-06-30,Zambia,Sub-Saharan Africa,1924915.3599999999
2010-01-31,Zimbabwe,Sub-Saharan Africa,5173233.92
2010-02-28,Zimbabwe,Sub-Saharan Africa,11991207.879999999
2010-03-31,Zimbabwe,Sub-Saharan Africa,4315154.64
2010-04-30,Zimbabwe,Sub-Saharan Africa,4150344.13
2010-05-31,Zimbabwe,Sub-Saharan Africa,12056763.43
2010-06-30,Zimbabwe,Sub-Saharan Africa,18455131.06
2010-07-31,Zimbabwe,Sub-Saharan Africa,0.0
2010-08-31,Zimbabwe,Sub-Saharan Africa,796459.05
2010-09-30,Zimbabwe,Sub-Saharan Africa,190365.76
2010-10-31,Zimbabwe,Sub-Saharan Africa,6086443.029999999
2010-11-30,Zimbabwe,Sub-Saharan Africa,5086601.31
2010-12-31,Zimbabwe,Sub-Saharan Africa,4705991.220000001
2011-01-31,Zimbabwe,Sub-Saharan Africa,2048998.56
2011-02-28,Zimbabwe,Sub-Saharan Africa,3826408.0500000003
2011-03-31,Zimbabwe,Sub-Saharan Africa,6888111.1
2011-04-30,Zimbabwe,Sub-Saharan Africa,4701945.68
2011-05-31,Zimbabwe,Sub-Saharan Africa,890932.5800000001
2011-06-30,Zimbabwe,Sub-Saharan Africa,4258229.04
2011-07-31,Zimbabwe,Sub-Saharan Africa,4761466.6899999995
2011-08-31,Zimbabwe,Sub-Saharan Africa,142614.99
2011-09-30,Zimbabwe,Sub-Saharan Africa,1823361.46
2011-10-31,Zimbabwe,Sub-Saharan Africa,1870539.44
2011-11-30,Zimbabwe,Sub-Saharan Africa,487445.84
2011-12-31,Zimbabwe,Sub-Saharan Africa,1516125.0899999999
2012-01-31,Zimbabwe,Sub-Saharan Africa,4248359.9399999995
2012-02-29,Zimbabwe,Sub-Saharan Africa,2833702.27
2012-03-31,Zimbabwe,Sub-Saharan Africa,1908153.02
2012-04-30,Zimbabwe,Sub-Saharan Africa,4125265.63
2012-05-31,Zimbabwe,Sub-Saharan Africa,352221.35
2012-06-30,Zimbabwe,Sub-Saharan Africa,2069815.2999999998
2012-07-31,Zimbabwe,Sub-Saharan Africa,1797980.96
2012-08-31,Zimbabwe,Sub-Saharan Africa,1720968.52
2012-09-30,Zimbabwe,Sub-Saharan Africa,773073.08
2012-10-31,Zimbabwe,Sub-Saharan Africa,4369579.82
2012-11-30,Zimbabwe,Sub-Saharan Africa,0.0
2012-12-31,Zimbabwe,Sub-Saharan Africa,56175.93
2013-01-31,Zimbabwe,Sub-Saharan Africa,4968038.6899999995
2013-02-28,Zimbabwe,Sub-Saharan Africa,3316752.84
2013-03-31,Zimbabwe,Sub-Saharan Africa,2861089.2199999997
2013-04-30,Zimbabwe,Sub-Saharan Africa,3678163.6
2013-05-31,Zimbabwe,Sub-Saharan Africa,796869.76
2013-06-30,Zimbabwe,Sub-Saharan Africa,4568565.58
2013-07-31,Zimbabwe,Sub-Saharan Africa,5306733.6
2013-08-31,Zimbabwe,Sub-Saharan Africa,8252995.119999999
2013-09-30,Zimbabwe,Sub-Saharan Africa,4414399.26
2013-10-31,Zimbabwe,Sub-Saharan Africa,2413654.3
2013-11-30,Zimbabwe,Sub-Saharan Africa,3113970.09
2013-12-31,Zimbabwe,Sub-Saharan Africa,1502774.46
2014-01-31,Zimbabwe,Sub-Saharan Africa,6192735.91
2014-02-28,Zimbabwe,Sub-Saharan Africa,4668379.04
2014-03-31,Zimbabwe,Sub-Saharan Africa,719460.2
2014-04-30,Zimbabwe,Sub-Saharan Africa,5405470.420000001
2014-05-31,Zimbabwe,Sub-Saharan Africa,3259753.4
2014-06-30,Zimbabwe,Sub-Saharan Africa,4575974.6
2014-07-31,Zimbabwe,Sub-Saharan Africa,0.0
2014-08-31,Zimbabwe,Sub-Saharan Africa,7838919.23
2014-09-30,Zimbabwe,Sub-Saharan Africa,15430054.36
2014-10-31,Zimbabwe,Sub-Saharan Africa,1621988.57
2014-11-30,Zimbabwe,Sub-Saharan Africa,1859769.6
2014-12-31,Zimbabwe,Sub-Saharan Africa,6059999.71
2015-01-31,Zimbabwe,Sub-Saharan Africa,13030177.29
2015-02-28,Zimbabwe,Sub-Saharan Africa,5521274.91
2015-03-31,Zimbabwe,Sub-Saharan Africa,3592256.5100000002
2015-04-30,Zimbabwe,Sub-Saharan Africa,823861.92
2015-05-31,Zimbabwe,Sub-Saharan Africa,7327993.49
2015-06-30,Zimbabwe,Sub-Saharan Africa,206776.8
2015-07-31,Zimbabwe,Sub-Saharan Africa,516422.17
2015-08-31,Zimbabwe,Sub-Saharan Africa,2786816.27
2015-09-30,Zimbabwe,Sub-Saharan Africa,190594.36
2015-10-31,Zimbabwe,Sub-Saharan Africa,968967.77
2015-11-30,Zimbabwe,Sub-Saharan Africa,1386673.94
2015-12-31,Zimbabwe,Sub-Saharan Africa,654481.9199999999
2016-01-31,Zimbabwe,Sub-Saharan Africa,2920869.23
2016-02-29,Zimbabwe,Sub-Saharan Africa,0.0
2016-03-31,Zimbabwe,Sub-Saharan Africa,2219461.94
2016-04-30,Zimbabwe,Sub-Saharan Africa,264634.92
2016-05-31,Zimbabwe,Sub-Saharan Africa,7254665.07
2016-06-30,Zimbabwe,Sub-Saharan Africa,6530503.59
2016-07-31,Zimbabwe,Sub-Saharan Africa,7129650.07
2016-08-31,Zimbabwe,Sub-Saharan Africa,6926804.26
2016-09-30,Zimbabwe,Sub-Saharan Africa,8823140.44
2016-10-31,Zimbabwe,Sub-Saharan Africa,351816.06
2016-11-30,Zimbabwe,Sub-Saharan Africa,3551231.7
2016-12-31,Zimbabwe,Sub-Saharan Africa,5098132.89
2017-01-31,Zimbabwe,Sub-Saharan Africa,2701119.44
2017-02-28,Zimbabwe,Sub-Saharan Africa,4984053.8
2017-03-31,Zimbabwe,Sub-Saharan Africa,7979961.37
2017-04-30,Zimbabwe,Sub-Saharan Africa,2435992.86
2017-05-31,Zimbabwe,Sub-Saharan Africa,10372448.54
2017-06-30,Zimbabwe,Sub-Saharan Africa,4862800.02
